FT 15 34472 65229 668 11162 9 3 3 0 0 0 32016 bot 21506 step 32459
FT 15 5937 0 748 0 0 0 0 0 0 0 32016 bot 0 step 0
FT 15 5392 0 727 0 0 0 0 0 1128 2917 32016 bot 0 step 0
FT 16 42029 9454 0 0 0 0 0 0 379 2565 32016 bot 19 step 9397
FT 18 13489 463 0 0 0 0 0 0 363 2638 32016 bot 33 step 370
FT 19 10563 171 0 0 0 0 0 0 234 2673 32016 bot 26 step 108
FT 20 11029 172 0 0 0 0 0 0 365 2601 32016 bot 27 step 109
FT 21 11172 127 0 0 0 0 0 0 291 2598 32016 bot 23 step 79
FT 21 10910 0 0 0 0 0 0 0 280 2542 32016 bot 0 step 0
FT 22 11310 102 0 0 0 0 0 0 395 2549 32016 bot 20 step 58
FT 23 11053 102 0 0 0 0 0 0 305 2530 32016 bot 20 step 57
FT 23 10809 0 1 0 0 0 0 0 444 2505 32016 bot 0 step 0
FT 24 11113 100 0 0 0 0 0 0 257 2493 32016 bot 19 step 56
FT 25 12166 1160 1 0 0 0 0 0 233 2540 32016 bot 20 step 61
FT 25 10125 0 1 0 0 0 0 0 233 2548 32016 bot 0 step 0
FT 26 11502 139 0 0 0 0 0 0 254 2519 32016 bot 27 step 64
FT 27 11042 242 0 0 0 0 0 0 232 2509 32016 bot 27 step 189
FT 27 10755 0 2 0 0 0 0 0 365 2536 32016 bot 0 step 0
FT 28 11078 113 0 0 0 0 0 0 388 2529 32016 bot 20 step 69
FT 29 11433 104 0 0 0 0 0 0 244 2542 32016 bot 18 step 62
FT 29 10925 0 1 0 0 0 0 0 287 2519 32016 bot 0 step 0
FT 30 11126 107 0 0 0 0 0 0 252 2513 32016 bot 20 step 62
FT 31 11143 111 0 0 0 0 0 0 247 2515 32016 bot 19 step 67
FT 31 10883 0 1 0 0 0 0 0 287 2513 32016 bot 0 step 0
FT 32 20877 9351 0 0 0 0 0 0 256 2512 32016 bot 23 step 9288
FT 33 1777 156 0 0 0 0 0 0 243 2523 32016 bot 19 step 111
FT 33 10611 0 1 0 0 0 0 0 268 2535 32016 bot 0 step 0
FT 34 11169 112 0 0 0 0 0 0 308 2529 32016 bot 23 step 64
FT 35 11189 133 0 0 0 0 0 0 241 2513 32016 bot 22 step 81
FT 35 11243 0 1 0 0 0 0 0 238 2533 32016 bot 0 step 0
FT 36 10842 104 0 0 0 0 0 0 331 2528 32016 bot 20 step 60
FT 37 11413 110 0 0 0 0 0 0 246 2513 32016 bot 20 step 65
FT 37 10766 0 0 0 0 0 0 0 228 2509 32016 bot 0 step 0
FT 38 11243 117 0 0 0 0 0 0 250 2528 32016 bot 22 step 60
FT 39 11599 154 0 0 0 0 0 0 264 2519 32016 bot 69 step 60
FT 39 10798 0 0 0 0 0 0 0 239 2528 32016 bot 0 step 0
FT 40 11033 103 0 0 0 0 0 0 469 2563 32016 bot 19 step 59
FT 41 11306 106 0 0 0 0 0 0 291 2551 32016 bot 19 step 60
FT 41 10771 0 3 0 0 0 0 0 310 2509 32016 bot 0 step 0
FT 42 11286 276 0 0 0 0 0 0 246 2548 32016 bot 32 step 211
FT 43 10995 161 0 0 0 0 0 0 416 2545 32016 bot 26 step 100
FT 43 10980 0 1 0 0 0 0 0 382 2507 32016 bot 0 step 0
FT 44 11718 169 1 0 0 0 0 0 252 2533 32016 bot 27 step 105
FT 45 10731 138 0 0 0 0 0 0 259 2622 32016 bot 30 step 70
FT 45 10970 0 1 0 0 0 0 0 423 2559 32016 bot 0 step 0
FT 46 11371 162 0 0 0 0 0 0 277 2555 32016 bot 22 step 110
FT 47 10954 126 0 0 0 0 0 0 263 2559 32016 bot 17 step 82
FT 47 10910 0 1 0 0 0 0 0 493 2552 32016 bot 0 step 0
FT 48 11367 89 0 0 0 0 0 0 456 2582 32016 bot 16 step 44
FT 49 10934 104 0 0 0 0 0 0 229 2584 32016 bot 17 step 53
FT 49 11010 0 1 0 0 0 0 0 289 2555 32016 bot 0 step 0
FT 50 11284 112 0 0 0 0 0 0 239 2569 32016 bot 16 step 48
FT 51 11036 104 0 0 0 0 0 0 241 2572 32016 bot 24 step 52
FT 51 10998 0 3 0 0 0 0 0 228 2572 32016 bot 0 step 0
FT 52 11272 86 0 0 0 0 0 0 228 2569 32016 bot 16 step 45
FT 53 11331 83 0 0 0 0 0 0 223 2584 32174 bot 16 step 44
FT 53 10996 0 1 0 0 0 0 0 264 2569 32174 bot 0 step 0
FT 54 15554 4656 0 0 0 0 0 0 233 2558 32174 bot 21 step 4603
FT 55 6541 69 0 0 0 0 0 0 237 2542 32174 bot 13 step 33
FT 55 11035 0 1 0 0 0 0 0 241 2549 32174 bot 0 step 0
FT 56 11313 90 0 0 0 0 0 0 261 2562 32174 bot 20 step 43
FT 57 11071 115 0 0 0 0 0 0 256 2561 32174 bot 12 step 82
FT 57 10902 0 1 0 0 0 0 0 231 2519 32174 bot 0 step 0
FT 58 11230 65 0 0 0 0 0 0 224 2503 32174 bot 13 step 30
FT 59 11310 83 0 0 0 0 0 0 226 2551 32174 bot 15 step 38
FT 59 10992 0 1 0 0 0 0 0 275 2539 32174 bot 0 step 0
FT 60 11215 75 0 0 0 0 0 0 488 2520 32174 bot 15 step 35
FT 61 11363 151 1 0 0 0 0 0 287 2542 32174 bot 15 step 110
FT 61 10730 0 1 0 0 0 0 0 435 2533 32174 bot 0 step 0
FT 62 11172 83 0 0 0 0 0 0 342 2528 32174 bot 13 step 43
FT 63 11054 79 0 0 0 0 0 0 279 2529 32174 bot 14 step 34
FT 63 11249 0 1 0 0 0 0 0 282 2558 32174 bot 0 step 0
FT 64 10953 72 0 0 0 0 0 0 244 2607 32174 bot 17 step 31
FT 65 11340 69 0 0 0 0 0 0 298 2536 32174 bot 12 step 33
FT 65 10998 0 1 0 0 0 0 0 237 2526 32174 bot 0 step 0
FT 66 11400 277 0 0 0 0 0 0 231 2526 32174 bot 12 step 240
FT 67 10862 97 0 0 0 0 0 0 233 2540 32174 bot 17 step 48
FT 67 11435 0 1 0 0 0 0 0 263 2526 32174 bot 0 step 0
FT 68 10756 92 0 0 0 0 0 0 246 2548 32174 bot 17 step 43
FT 69 11333 87 0 0 0 0 0 0 405 2536 32174 bot 16 step 45
FT 69 10815 0 1 0 0 0 0 0 275 2556 32174 bot 0 step 0
FT 70 11724 380 0 0 0 0 0 0 300 2548 32174 bot 12 step 339
FT 71 10847 108 0 0 0 0 0 0 243 2559 32174 bot 18 step 50
FT 71 10903 0 1 0 0 0 0 0 308 2536 32174 bot 0 step 0
FT 72 15815 4720 0 0 0 0 0 0 252 2555 32174 bot 12 step 4679
FT 73 6179 70 0 0 0 0 0 0 246 2542 32174 bot 12 step 35
FT 73 11043 0 1 0 0 0 0 0 238 2551 32174 bot 0 step 0
FT 74 11235 114 0 0 0 0 0 0 248 2546 32174 bot 16 step 50
FT 75 11048 65 0 0 0 0 0 0 277 2542 32174 bot 13 step 30
FT 75 11046 0 1 0 0 0 0 0 236 2552 32174 bot 0 step 0
FT 76 11802 107 0 0 0 0 0 0 241 2548 32174 bot 17 step 57
FT 77 10729 64 0 0 0 0 0 0 246 2542 32174 bot 12 step 28
FT 77 10998 0 1 0 0 0 0 0 236 2552 32174 bot 0 step 0
FT 78 11778 648 0 0 0 0 0 0 244 2549 32174 bot 13 step 607
FT 79 10362 71 0 0 0 0 0 0 238 2585 32174 bot 13 step 34
FT 79 11181 0 1 0 0 0 0 0 446 2549 32174 bot 0 step 0
FT 80 11421 100 0 0 0 0 0 0 257 2545 32174 bot 16 step 50
FT 81 10949 73 0 0 0 0 0 0 243 2575 32174 bot 14 step 35
FT 81 11053 0 0 0 0 0 0 0 356 2589 32174 bot 0 step 0
FT 82 22313 79 0 0 0 0 0 0 256 2608 32174 bot 13 step 43
FT 83 11188 68 0 0 0 0 0 0 298 2582 32174 bot 13 step 33
FT 84 21891 70 0 0 0 0 0 0 277 2569 32174 bot 13 step 35
FT 84 11011 0 0 0 0 0 0 0 261 2571 32174 bot 0 step 0
FT 86 23031 472 0 0 0 0 0 0 279 2549 32174 bot 23 step 419
FT 87 11028 65 0 0 0 0 0 0 246 2594 32174 bot 13 step 32
FT 88 21860 69 0 0 0 0 0 0 291 2625 32174 bot 13 step 35
FT 89 11141 67 0 0 0 0 0 0 250 2622 32174 bot 12 step 34
FT 90 22055 100 0 0 0 0 0 0 254 2615 32174 bot 16 step 55
FT 91 11172 127 0 0 0 0 0 0 246 2624 32174 bot 16 step 79
FT 92 22249 103 0 0 0 0 0 0 238 2641 32174 bot 16 step 59
FT 93 11471 359 0 0 0 0 0 0 252 2627 32174 bot 13 step 313
FT 94 10346 81 0 0 0 0 0 0 321 2615 32174 bot 15 step 40
FT 95 11527 64 0 0 0 0 0 0 352 2588 32174 bot 12 step 31
FT 95 11007 0 0 0 0 0 0 0 257 2627 32174 bot 0 step 0
FT 96 11260 66 0 0 0 0 0 0 479 2539 32174 bot 12 step 35
FT 97 10814 78 0 0 0 0 0 0 268 2562 32174 bot 15 step 36
FT 97 11258 0 8 0 0 0 0 0 252 2584 32174 bot 0 step 0
FT 98 11227 122 0 0 0 0 0 0 275 2617 32174 bot 17 step 52
FT 99 11125 97 0 0 0 0 0 0 256 2605 32174 bot 17 step 53
FT 99 10941 0 1 0 0 0 0 0 345 2579 32174 bot 0 step 0
FT 100 11286 90 0 0 0 0 0 0 317 2548 32174 bot 18 step 42
FT 101 11058 69 0 0 0 0 0 0 246 2569 32174 bot 14 step 33
FT 101 11065 0 0 0 0 0 0 0 256 2563 32174 bot 0 step 0
FT 102 13552 2504 0 0 0 0 0 0 246 2555 32174 bot 12 step 2465
FT 103 9059 677 0 0 0 0 0 0 259 2555 32174 bot 13 step 372
FT 103 10623 0 0 0 0 0 0 0 340 2562 32174 bot 0 step 0
FT 104 11357 102 0 0 0 0 0 0 409 2569 32174 bot 17 step 55
FT 105 10755 68 0 0 0 0 0 0 247 2905 32174 bot 13 step 34
FT 105 11014 0 0 0 0 0 0 0 310 2878 32174 bot 0 step 0
FT 106 11536 76 0 0 0 0 0 0 246 2822 32174 bot 13 step 38
FT 107 11062 71 0 0 0 0 0 0 243 2834 32174 bot 15 step 34
FT 107 10779 0 0 0 0 0 0 0 449 2755 32174 bot 0 step 0
FT 108 11335 66 0 0 0 0 0 0 232 2717 32174 bot 13 step 33
FT 109 11656 646 1 0 0 0 0 0 233 2642 32174 bot 13 step 607
FT 109 10340 0 0 0 0 0 0 0 263 2625 32174 bot 0 step 0
FT 110 11630 305 0 0 0 0 0 0 446 2586 32174 bot 222 step 53
FT 111 10894 104 0 0 0 0 0 0 245 2585 32174 bot 17 step 53
FT 111 11134 0 0 0 0 0 0 0 382 2581 32174 bot 0 step 0
FT 112 11214 75 0 0 0 0 0 0 268 2584 32174 bot 15 step 38
FT 113 11341 482 0 0 0 0 0 0 282 2599 22015 bot 169 step 261
FT 113 10610 0 0 0 0 0 0 0 456 2585 22015 bot 0 step 0
FT 114 10896 87 0 0 0 0 0 0 248 2571 22015 bot 12 step 48
FT 115 11168 69 0 0 0 0 0 0 238 2588 22015 bot 11 step 39
FT 115 11007 0 0 0 0 0 0 0 237 2569 22015 bot 0 step 0
FT 116 11548 97 0 0 0 0 0 0 238 2569 22015 bot 15 step 55
FT 117 13553 2561 3 0 0 0 0 0 241 2602 22015 bot 16 step 2515
FT 117 8370 0 1 0 0 0 0 0 293 2594 22015 bot 0 step 0
FT 118 39850 28487 0 0 0 0 0 0 286 2578 22015 bot 28427 step 33
FT 119 1715 65 0 0 0 0 0 0 240 2615 22015 bot 11 step 33
FT 120 4774 86 0 0 0 0 0 0 239 2608 22015 bot 13 step 52
FT 120 20280 0 0 0 0 0 0 0 252 2607 22015 bot 0 step 0
FT 121 13605 2485 0 0 0 0 0 0 377 2546 22015 bot 11 step 2439
FT 122 8673 92 0 0 0 0 0 0 261 2779 22015 bot 12 step 61
FT 122 11003 0 1 0 0 0 0 0 384 2565 22015 bot 0 step 0
FT 123 11819 327 0 0 0 0 0 0 240 2566 22015 bot 12 step 293
FT 124 10742 65 0 0 0 0 0 0 238 2585 22015 bot 11 step 35
FT 124 11664 0 0 557 1 1 1 0 375 2512 22015 bot 0 step 0
FT 125 10512 65 0 1126 0 0 0 0 234 2667 22015 bot 12 step 35
FT 126 11243 101 0 0 0 0 0 0 430 2611 22015 bot 14 step 58
FT 127 10977 94 0 0 0 0 0 0 259 2618 22015 bot 15 step 52
FT 127 10991 0 1 0 0 0 0 0 239 2605 22015 bot 0 step 0
FT 128 11363 96 0 0 0 0 0 0 246 2618 22015 bot 16 step 51
FT 129 11129 108 0 0 0 0 0 0 239 2680 22015 bot 19 step 55
FT 129 10973 0 0 0 0 0 0 0 349 2677 22015 bot 0 step 0
FT 130 10888 76 0 0 0 0 0 0 389 2642 22015 bot 10 step 31
FT 131 11384 61 0 0 0 0 0 0 316 2648 22015 bot 9 step 33
FT 131 11053 0 0 0 0 0 0 0 317 2687 22015 bot 0 step 0
FT 132 12870 1863 0 0 0 0 0 0 261 2670 22015 bot 10 step 1800
FT 133 36334 27075 0 0 0 0 0 0 254 2661 22015 bot 27020 step 29
FT 134 1598 60 0 0 0 0 0 0 270 2684 22015 bot 9 step 33
FT 134 4173 0 1 0 0 0 0 0 243 2645 22015 bot 0 step 0
FT 135 11794 68 0 0 0 0 0 0 372 2638 22015 bot 11 step 36
FT 136 11184 64 0 0 0 0 0 0 261 2618 22015 bot 10 step 35
FT 136 10667 0 1 0 0 0 0 0 437 2604 22015 bot 0 step 0
FT 137 11160 58 0 0 0 0 0 0 254 2599 22015 bot 10 step 29
FT 138 11262 188 0 0 0 0 0 0 256 2608 22015 bot 10 step 139
FT 138 10854 0 0 0 0 0 0 0 244 2631 22015 bot 0 step 0
FT 139 11511 86 0 0 0 0 0 0 261 2621 22015 bot 13 step 46
FT 140 11135 91 0 0 0 0 0 0 256 2641 22015 bot 13 step 51
FT 141 11189 67 0 0 0 0 0 0 293 2634 22015 bot 10 step 36
FT 141 10968 0 0 0 0 0 0 0 291 2642 22015 bot 0 step 0
FT 142 11145 58 0 0 0 0 0 0 368 2680 22015 bot 10 step 30
FT 143 11146 57 0 0 0 0 0 0 319 2688 22015 bot 10 step 30
FT 143 11007 0 0 0 0 0 0 0 426 2595 22015 bot 0 step 0
FT 144 12774 1756 0 0 0 0 0 0 250 2588 22015 bot 13 step 1520
FT 145 9678 100 0 0 0 0 0 0 254 2621 22015 bot 13 step 61
FT 145 10825 0 0 0 0 0 0 0 266 2684 22015 bot 0 step 0
FT 146 11326 99 0 0 0 0 0 0 277 2572 22015 bot 12 step 59
FT 147 12441 1431 0 0 0 0 0 0 263 2589 22015 bot 12 step 1395
FT 148 9782 81 0 0 0 0 0 0 330 2563 22015 bot 13 step 48
FT 148 10923 0 0 0 0 0 0 0 275 2604 22015 bot 0 step 0
FT 149 11161 65 0 0 0 0 0 0 458 2628 22015 bot 10 step 36
FT 150 11072 59 0 0 0 0 0 0 247 2608 22015 bot 10 step 30
FT 150 10953 0 0 0 0 0 0 0 259 2614 22015 bot 0 step 0
FT 151 11083 63 0 0 0 0 0 0 268 2632 22015 bot 10 step 33
FT 152 11028 61 0 0 0 0 0 0 256 2648 22015 bot 10 step 33
FT 152 11352 0 0 0 0 0 0 0 263 2631 22015 bot 0 step 0
FT 153 10976 153 0 0 0 0 0 0 259 2625 22015 bot 9 step 125
FT 154 11085 59 0 0 0 0 0 0 250 2588 22015 bot 12 step 29
FT 154 11416 0 0 0 0 0 0 0 246 2566 22015 bot 0 step 0
FT 155 19291 226 0 0 0 0 0 0 243 2573 22015 bot 13 step 178
FT 156 2651 60 0 0 0 0 0 0 246 2565 22015 bot 9 step 33
FT 156 11093 0 0 0 0 0 0 0 259 2569 22015 bot 0 step 0
FT 157 11142 89 0 0 0 0 0 0 368 2584 22015 bot 12 step 51
FT 158 11451 276 0 0 0 0 0 0 277 2605 22015 bot 20 step 213
FT 158 10926 0 0 0 0 0 0 0 266 2614 22015 bot 0 step 0
FT 159 11252 112 0 0 0 0 0 0 426 2572 22015 bot 18 step 44
FT 160 11146 67 0 0 0 0 0 0 246 2596 22015 bot 7 step 35
FT 160 10983 0 0 0 0 0 0 0 367 2582 22015 bot 0 step 0
FT 161 11143 47 0 0 0 0 0 0 503 2634 22015 bot 6 step 25
FT 162 11173 136 0 0 0 0 0 0 495 2594 22015 bot 7 step 25
FT 162 10649 0 0 0 0 0 0 0 273 2690 22015 bot 0 step 0
FT 163 12928 1639 0 0 0 0 0 0 252 2792 22015 bot 7 step 1613
FT 164 9589 57 0 0 0 0 0 0 240 2907 22015 bot 8 step 35
FT 164 10939 0 0 0 0 0 0 0 275 2880 22015 bot 0 step 0
FT 165 11441 57 0 0 0 0 0 0 250 2749 22015 bot 7 step 38
FT 166 11059 44 0 0 0 0 0 0 236 2651 22015 bot 7 step 25
FT 166 11039 0 0 0 0 0 0 0 344 2605 22015 bot 0 step 0
FT 167 10769 47 0 0 0 0 0 0 555 2598 22015 bot 6 step 26
FT 168 11547 144 0 0 0 0 0 0 414 2598 22015 bot 7 step 92
FT 168 10651 0 0 0 0 0 0 0 300 2579 22015 bot 0 step 0
FT 169 11330 42 0 0 0 0 0 0 298 2585 22015 bot 6 step 23
FT 170 10963 41 0 0 0 0 0 0 237 2595 22015 bot 7 step 23
FT 170 11309 0 0 0 0 0 0 0 268 2594 22015 bot 0 step 0
FT 171 11263 45 0 0 0 0 0 0 266 2602 22015 bot 7 step 24
FT 172 11092 41 0 0 0 0 0 0 239 2618 22015 bot 7 step 22
FT 172 10752 0 0 0 0 0 0 0 312 2621 19989 bot 0 step 0
FT 173 11516 43 0 0 0 0 0 0 321 2654 19989 bot 6 step 25
FT 174 11030 40 0 0 0 0 0 0 244 2618 19989 bot 7 step 22
FT 174 10953 0 0 0 0 0 0 0 256 2615 19989 bot 0 step 0
FT 175 11197 39 0 0 0 0 0 0 287 2582 19989 bot 6 step 22
FT 176 11011 43 0 0 0 0 0 0 266 2582 19989 bot 6 step 25
FT 176 11194 0 0 0 0 0 0 0 259 2598 19989 bot 0 step 0
FT 177 11295 47 0 0 0 0 0 0 237 2645 19989 bot 7 step 27
FT 178 11132 39 0 0 0 0 0 0 263 2631 19989 bot 6 step 22
FT 178 11025 0 0 0 0 0 0 0 666 2628 19989 bot 0 step 0
FT 179 11111 38 0 0 0 0 0 0 412 2622 19989 bot 6 step 21
FT 180 11118 81 0 0 0 0 0 0 308 2690 19989 bot 4 step 43
FT 180 11059 0 0 0 0 0 0 0 268 2756 19989 bot 0 step 0
FT 181 10930 58 0 0 0 0 0 0 300 2762 19989 bot 6 step 39
FT 182 11249 52 0 0 0 0 0 0 266 2865 19989 bot 5 step 33
FT 182 10942 0 0 0 0 0 0 0 335 2892 19989 bot 0 step 0
FT 183 11136 56 0 0 0 0 0 0 344 2892 19989 bot 5 step 32
FT 184 11440 41 0 0 0 0 0 0 303 2892 19989 bot 5 step 25
FT 184 10988 0 0 0 0 0 0 0 312 2898 19989 bot 0 step 0
FT 185 10758 40 0 0 0 0 0 0 512 2884 19989 bot 5 step 22
FT 186 12434 1300 0 0 0 0 0 0 338 2869 19989 bot 5 step 1266
FT 186 9768 0 0 0 0 0 0 0 246 2891 19989 bot 0 step 0
FT 187 13057 2027 0 0 0 0 0 0 289 2898 19989 bot 1987 step 20
FT 188 9424 151 0 0 0 0 0 0 248 2832 19989 bot 6 step 128
FT 188 10998 0 0 0 0 0 0 0 284 2737 19989 bot 0 step 0
FT 189 11389 69 0 0 0 0 0 0 246 2562 19989 bot 6 step 49
FT 190 11109 50 0 0 0 0 0 0 243 2573 19989 bot 7 step 28
FT 190 11006 0 0 0 0 0 0 0 300 2584 19989 bot 0 step 0
FT 191 10989 81 0 0 0 0 0 0 298 2575 19989 bot 7 step 54
FT 192 11036 46 0 0 0 0 0 0 237 2585 19989 bot 5 step 29
FT 192 11265 0 0 0 0 0 0 0 537 2591 19989 bot 0 step 0
FT 193 11009 59 0 0 0 0 0 0 240 2598 19989 bot 6 step 38
FT 194 11093 54 0 0 0 0 0 0 250 2592 19989 bot 6 step 33
FT 194 11181 0 0 0 0 0 0 0 257 2609 19989 bot 0 step 0
FT 195 11252 52 0 0 0 0 0 0 246 2595 19989 bot 6 step 32
FT 196 11051 67 0 0 0 0 0 0 264 2601 19989 bot 8 step 36
FT 196 11128 0 0 0 0 0 0 0 239 2615 19989 bot 0 step 0
FT 197 11196 38 0 0 0 0 0 0 256 2635 19989 bot 5 step 22
FT 198 11049 87 0 0 0 0 0 0 263 2595 19989 bot 5 step 70
FT 198 10996 0 0 0 0 0 0 0 240 2589 19989 bot 0 step 0
FT 199 11121 79 0 0 0 0 0 0 263 2605 19989 bot 6 step 36
FT 200 11263 53 0 0 0 0 0 0 254 2608 19989 bot 6 step 32
FT 200 10973 0 0 0 0 0 0 0 264 2584 19989 bot 0 step 0
FT 201 12308 1337 0 0 0 0 0 0 243 2599 19989 bot 5 step 1261
FT 202 11362 1592 0 0 0 0 0 0 246 2588 19989 bot 1555 step 22
FT 202 9646 0 0 0 0 0 0 0 259 2585 19989 bot 0 step 0
FT 203 11217 42 0 0 0 0 0 0 275 2609 19989 bot 5 step 25
FT 204 11008 39 0 0 0 0 0 0 238 2581 19989 bot 5 step 22
FT 204 11082 0 0 0 0 0 0 0 244 2599 19989 bot 0 step 0
FT 205 11051 52 0 0 0 0 0 0 236 2601 19989 bot 6 step 32
FT 206 11186 58 0 0 0 0 0 0 237 2592 19989 bot 7 step 35
FT 206 11107 0 0 0 0 0 0 0 263 2598 19989 bot 0 step 0
FT 207 11175 57 0 0 0 0 0 0 238 2609 19989 bot 7 step 35
FT 208 11205 50 0 0 0 0 0 0 243 2572 19989 bot 6 step 32
FT 208 11120 0 0 0 0 0 0 0 240 2607 19989 bot 0 step 0
FT 209 11003 40 0 0 0 0 0 0 240 2608 19989 bot 6 step 23
FT 210 11204 39 0 0 0 0 0 0 310 2578 19989 bot 5 step 23
FT 210 10951 0 0 0 0 0 0 0 236 2585 19989 bot 0 step 0
FT 211 10952 89 0 0 0 0 0 0 256 2561 19989 bot 5 step 54
FT 212 11360 65 0 0 0 0 0 0 234 2552 19989 bot 6 step 43
FT 212 11018 0 0 0 0 0 0 0 233 2552 19989 bot 0 step 0
FT 213 11266 87 0 0 0 0 0 0 236 2536 19989 bot 6 step 65
FT 214 11195 139 0 0 0 0 0 0 244 2555 19989 bot 5 step 118
FT 214 11145 0 0 0 0 0 0 0 280 2592 19989 bot 0 step 0
FT 215 11140 90 0 0 0 0 0 0 587 2572 19989 bot 5 step 72
FT 216 12315 1344 0 0 0 0 0 0 414 2542 19989 bot 5 step 1311
FT 216 9392 0 0 0 0 0 0 0 252 2563 19989 bot 0 step 0
FT 217 12749 1590 0 0 0 0 0 0 324 2585 19989 bot 1532 step 33
FT 218 9660 55 0 0 0 0 0 0 230 2558 19989 bot 6 step 34
FT 218 10888 0 0 0 0 0 0 0 252 2578 19989 bot 0 step 0
FT 219 11330 59 0 0 0 0 0 0 238 2578 19989 bot 6 step 32
FT 220 10913 37 0 0 0 0 0 0 291 2576 19989 bot 5 step 21
FT 220 11522 0 0 0 0 0 0 0 236 2585 19989 bot 0 step 0
FT 221 10808 38 0 0 0 0 0 0 237 2559 19989 bot 5 step 22
FT 222 11332 37 0 0 0 0 0 0 291 2578 19989 bot 5 step 21
FT 222 10761 0 0 0 0 0 0 0 243 2558 19989 bot 0 step 0
FT 223 11218 36 0 0 0 0 0 0 250 2535 19989 bot 5 step 20
FT 224 11058 39 0 0 0 0 0 0 240 2522 19989 bot 5 step 23
FT 224 11012 0 0 0 0 0 0 0 252 2539 19989 bot 0 step 0
FT 225 11108 76 0 0 0 0 0 0 280 2535 19989 bot 6 step 21
FT 226 11194 42 0 0 0 0 0 0 323 2538 19989 bot 7 step 24
FT 226 11452 0 0 0 0 0 0 0 250 2523 19989 bot 0 step 0
FT 227 10857 37 0 0 0 0 0 0 234 2542 19989 bot 6 step 20
FT 228 11328 35 0 0 0 0 0 0 259 2532 19989 bot 6 step 18
FT 228 11083 0 0 0 0 0 0 0 237 2538 19989 bot 0 step 0
FT 229 11174 63 0 0 0 0 0 0 237 2523 19989 bot 6 step 46
FT 230 11217 51 0 0 0 0 0 0 263 2513 19989 bot 7 step 29
FT 230 10711 0 0 0 0 0 0 0 231 2530 19989 bot 0 step 0
FT 231 12693 1362 0 0 0 0 0 0 245 2507 19989 bot 5 step 1315
FT 232 10016 35 0 0 0 0 0 0 238 2523 19989 bot 6 step 18
FT 232 10932 0 0 0 0 0 0 0 261 2542 11179 bot 0 step 0
FT 233 11154 34 0 0 0 0 0 0 323 2542 11179 bot 6 step 17
FT 234 11106 40 0 0 0 0 0 0 300 2546 11179 bot 5 step 22
FT 234 11012 0 0 0 0 0 0 0 358 2539 11179 bot 0 step 0
FT 235 11086 34 0 0 0 0 0 0 264 2536 11179 bot 5 step 17
FT 236 10984 55 0 0 0 0 0 0 263 2529 11179 bot 8 step 25
FT 236 11420 0 0 0 0 0 0 0 263 2532 11179 bot 0 step 0
FT 237 10685 35 0 0 0 0 0 0 241 2569 11179 bot 6 step 18
FT 238 11565 38 0 0 0 0 0 0 250 2540 11179 bot 6 step 20
FT 238 10969 0 0 0 0 0 0 0 244 2565 11179 bot 0 step 0
FT 239 11161 34 0 0 0 0 0 0 312 2558 11179 bot 6 step 17
FT 240 11050 36 0 0 0 0 0 0 273 2569 11179 bot 6 step 19
FT 240 10712 0 0 0 0 0 0 0 377 2539 11179 bot 0 step 0
FT 241 11453 36 0 0 0 0 0 0 244 2523 11179 bot 5 step 19
FT 242 10951 34 0 0 0 0 0 0 247 2536 11179 bot 6 step 17
FT 242 11204 0 0 0 0 0 0 0 270 2555 11179 bot 0 step 0
FT 243 10952 39 0 0 0 0 0 0 284 2572 11179 bot 6 step 22
FT 244 11531 53 0 0 0 0 0 0 246 2555 11179 bot 6 step 36
FT 244 10963 0 0 0 0 0 0 0 250 2565 11179 bot 0 step 0
FT 245 11174 35 0 0 0 0 0 0 287 2565 11179 bot 6 step 18
FT 246 11074 41 0 0 0 0 0 0 248 2555 11179 bot 6 step 19
FT 246 10963 0 0 0 0 0 0 0 250 2566 11179 bot 0 step 0
FT 247 12449 1234 0 0 0 0 0 0 263 2559 11179 bot 6 step 1206
FT 248 9550 45 0 0 0 0 0 0 246 2585 11179 bot 7 step 21
FT 248 11103 0 0 0 0 0 0 0 266 2578 11179 bot 0 step 0
FT 249 11176 36 0 0 0 0 0 0 244 2561 11179 bot 6 step 18
FT 250 11451 74 0 0 0 0 0 0 273 2555 11179 bot 6 step 27
FT 250 11055 0 0 0 0 0 0 0 248 2576 11179 bot 0 step 0
FT 251 11244 39 0 0 0 0 0 0 257 2589 11179 bot 6 step 18
FT 252 11044 35 0 0 0 0 0 0 282 2589 11179 bot 5 step 18
FT 252 10996 0 0 0 0 0 0 0 409 2561 11179 bot 0 step 0
FT 253 11136 34 0 0 0 0 0 0 257 2556 11179 bot 5 step 18
FT 254 10884 39 0 0 0 0 0 0 266 2578 11179 bot 5 step 17
FT 254 11514 0 0 0 0 0 0 0 257 2569 11179 bot 0 step 0
FT 255 10702 37 0 0 0 0 0 0 268 2569 11179 bot 6 step 19
FT 256 11443 56 0 0 0 0 0 0 244 2582 11179 bot 7 step 37
FT 256 11033 0 0 0 0 0 0 0 250 2596 11179 bot 0 step 0
FT 257 11131 37 0 0 0 0 0 0 279 2585 11179 bot 6 step 18
FT 258 11134 35 0 0 0 0 0 0 275 2657 11179 bot 6 step 18
FT 258 10940 0 0 0 0 0 0 0 349 2607 11179 bot 0 step 0
FT 259 11004 65 0 0 0 0 0 0 256 2619 11179 bot 5 step 48
FT 260 11326 52 0 0 0 0 0 0 246 2640 11179 bot 7 step 31
FT 260 10983 0 0 0 0 0 0 0 248 2631 11179 bot 0 step 0
FT 261 10991 35 0 0 0 0 0 0 244 2638 11179 bot 6 step 18
FT 262 12657 1274 1 0 0 0 0 0 247 2622 11179 bot 7 step 1246
FT 262 9501 0 0 0 0 0 0 0 244 2588 11179 bot 0 step 0
FT 263 11666 36 0 0 0 0 0 0 273 2614 11179 bot 6 step 18
FT 264 10913 35 0 0 0 0 0 0 247 2627 11179 bot 6 step 18
FT 264 10835 0 0 0 0 0 0 0 453 2605 11179 bot 0 step 0
FT 265 11135 35 0 0 0 0 0 0 261 2582 11179 bot 6 step 17
FT 266 11213 47 0 0 0 0 0 0 246 2585 11179 bot 7 step 25
FT 266 11325 0 0 0 0 0 0 0 245 2592 11179 bot 0 step 0
FT 267 10793 35 0 0 0 0 0 0 250 2586 11179 bot 5 step 18
FT 268 11445 40 0 0 0 0 0 0 247 2599 11179 bot 6 step 22
FT 268 11101 0 0 0 0 0 0 0 246 2621 11179 bot 0 step 0
FT 269 11091 35 0 0 0 0 0 0 324 2625 11179 bot 6 step 17
FT 270 11112 33 0 0 0 0 0 0 324 2650 11179 bot 6 step 17
FT 270 11010 0 0 0 0 0 0 0 246 2684 11179 bot 0 step 0
FT 271 10906 36 0 0 0 0 0 0 259 2680 11179 bot 6 step 19
FT 272 11160 47 0 0 0 0 0 0 266 2680 11179 bot 7 step 26
FT 272 11173 0 0 0 0 0 0 0 270 2680 11179 bot 0 step 0
FT 273 10994 38 0 0 0 0 0 0 250 2674 11179 bot 5 step 18
FT 274 11526 63 0 0 0 0 0 0 248 2671 11179 bot 7 step 21
FT 274 10964 0 0 0 0 0 0 0 250 2717 11179 bot 0 step 0
FT 275 11156 34 0 0 0 0 0 0 331 2716 11179 bot 6 step 17
FT 276 10929 51 0 0 0 0 0 0 280 2703 11179 bot 8 step 23
FT 276 10725 0 0 0 0 0 0 0 374 2657 11179 bot 0 step 0
FT 277 12485 1191 0 0 0 0 0 0 250 2674 11179 bot 6 step 1168
FT 278 10047 35 0 0 0 0 0 0 252 2678 11179 bot 5 step 18
FT 278 11118 0 0 0 0 0 0 0 273 2627 11179 bot 0 step 0
FT 279 11332 48 0 0 0 0 0 0 266 2648 11179 bot 7 step 26
FT 280 11182 40 0 0 0 0 0 0 252 2638 11179 bot 6 step 21
FT 280 11005 0 0 0 0 0 0 0 254 2677 11179 bot 0 step 0
FT 281 11040 44 0 0 0 0 0 0 303 2660 11179 bot 7 step 19
FT 282 11123 42 0 0 0 0 0 0 273 2654 11179 bot 7 step 19
FT 282 11073 0 0 0 0 0 0 0 286 2647 11179 bot 0 step 0
FT 283 10860 33 0 0 0 0 0 0 263 2651 11179 bot 5 step 16
FT 284 11170 40 0 0 0 0 0 0 270 2653 11179 bot 9 step 19
FT 284 11214 0 0 0 0 0 0 0 248 2628 11179 bot 0 step 0
FT 285 10998 34 0 0 0 0 0 0 264 2651 11179 bot 5 step 16
FT 286 11528 41 0 0 0 0 0 0 252 2644 11179 bot 6 step 21
FT 286 10990 0 0 0 0 0 0 0 250 2654 11179 bot 0 step 0
FT 287 11157 34 0 0 0 0 0 0 319 2651 11179 bot 5 step 17
FT 288 11091 35 0 0 0 0 0 0 261 2657 11179 bot 6 step 18
FT 288 10977 0 0 0 0 0 0 0 319 2637 11179 bot 0 step 0
FT 289 10945 35 0 0 0 0 0 0 266 2618 11179 bot 6 step 18
FT 290 19162 90 0 0 0 0 0 0 268 2638 11179 bot 8 step 36
FT 290 3228 0 0 0 0 0 0 0 256 2638 11179 bot 0 step 0
FT 291 10827 50 0 0 0 0 0 0 246 2627 11179 bot 7 step 25
FT 292 12701 1240 0 0 0 0 0 0 219 2487 11179 bot 8 step 1199
FT 292 9899 0 0 0 0 0 0 0 246 2463 11096 bot 0 step 0
FT 293 11131 37 0 0 0 0 0 0 246 2470 11096 bot 6 step 19
FT 294 11042 40 0 0 0 0 0 0 236 2492 11096 bot 7 step 21
FT 294 11029 0 0 0 0 0 0 0 307 2523 11096 bot 0 step 0
FT 295 10959 38 0 0 0 0 0 0 226 2512 11096 bot 7 step 18
FT 296 11242 37 0 0 0 0 0 0 225 2522 11096 bot 7 step 18
FT 296 11236 0 0 0 0 0 0 0 230 2509 11096 bot 0 step 0
FT 297 10811 35 0 0 0 0 0 0 239 2539 11096 bot 6 step 17
FT 298 11597 70 0 0 0 0 0 0 222 2507 11096 bot 4 step 35
FT 298 10974 0 0 0 0 0 0 0 234 2568 11096 bot 0 step 0
FT 299 11084 36 0 0 0 0 0 0 317 2539 11096 bot 6 step 17
FT 300 11065 42 0 0 0 0 0 0 222 2556 11096 bot 6 step 19
FT 300 11103 0 0 0 0 0 0 0 277 2569 11096 bot 0 step 0
FT 301 11077 35 0 0 0 0 0 0 365 2519 11096 bot 5 step 19
FT 302 12461 1591 0 0 0 0 0 0 224 2532 11096 bot 1530 step 31
FT 302 9676 0 0 0 0 0 0 0 240 2503 11096 bot 0 step 0
FT 303 10998 34 0 0 0 0 0 0 254 2522 11096 bot 5 step 17
FT 304 11511 73 0 0 0 0 0 0 229 2500 11096 bot 7 step 32
FT 304 11022 0 0 0 0 0 0 0 252 2529 11096 bot 0 step 0
FT 305 11184 33 0 0 0 0 0 0 238 2549 11096 bot 5 step 17
FT 306 11059 55 0 0 0 0 0 0 282 2561 11096 bot 5 step 39
FT 306 10956 0 0 0 0 0 0 0 386 2545 11096 bot 0 step 0
FT 307 14451 3558 0 2233 1 0 0 0 270 2545 11096 bot 6 step 3529
FT 308 7767 36 0 0 0 0 0 0 228 2599 11096 bot 5 step 20
FT 308 11002 0 0 0 0 0 0 0 270 2397 11096 bot 0 step 0
FT 309 10995 41 0 0 0 0 0 0 246 2540 11096 bot 5 step 23
FT 310 11375 51 0 0 0 0 0 0 248 2535 11096 bot 6 step 29
FT 310 11175 0 0 0 0 0 0 0 273 2532 11096 bot 0 step 0
FT 311 11169 35 0 0 0 0 0 0 252 2555 11096 bot 5 step 19
FT 312 11105 33 0 0 0 0 0 0 264 2552 11096 bot 5 step 16
FT 312 10959 0 0 0 0 0 0 0 277 2594 11096 bot 0 step 0
FT 313 11128 33 0 0 0 0 0 0 237 2588 11096 bot 5 step 17
FT 314 10959 47 0 0 0 0 0 0 240 2526 11096 bot 6 step 18
FT 314 11236 0 0 0 0 0 0 0 257 2528 11096 bot 0 step 0
FT 315 11148 49 0 0 0 0 0 0 259 2523 11096 bot 6 step 28
FT 316 10898 61 0 0 0 0 0 0 234 2542 11096 bot 5 step 19
FT 316 11433 0 0 0 0 0 0 0 248 2532 11096 bot 0 step 0
FT 317 12774 1717 0 0 0 0 0 0 238 2552 11096 bot 1537 step 144
FT 318 9329 37 0 0 0 0 0 0 256 2543 11096 bot 5 step 16
FT 318 11092 0 0 0 0 0 0 0 268 2545 11096 bot 0 step 0
FT 319 11122 34 0 0 0 0 0 0 234 2513 11096 bot 5 step 17
FT 320 11112 38 0 0 0 0 0 0 232 2519 11096 bot 6 step 21
FT 320 10910 0 0 0 0 0 0 0 254 2519 11096 bot 0 step 0
FT 321 11330 52 0 0 0 0 0 0 256 2526 11096 bot 7 step 25
FT 322 11187 44 0 0 0 0 0 0 257 2526 11096 bot 6 step 23
FT 322 11091 0 0 0 0 0 0 0 238 2519 11096 bot 0 step 0
FT 323 11149 33 0 0 0 0 0 0 233 2519 11096 bot 6 step 17
FT 324 11043 34 0 0 0 0 0 0 233 2528 11096 bot 5 step 18
FT 324 10799 0 0 0 0 0 0 0 293 2542 11096 bot 0 step 0
FT 325 11160 35 0 0 0 0 0 0 231 2556 11096 bot 5 step 17
FT 326 11085 34 0 0 0 0 0 0 238 2542 11096 bot 5 step 17
FT 326 11211 0 0 0 0 0 0 0 236 2513 11096 bot 0 step 0
FT 327 11407 50 0 0 0 0 0 0 236 2578 11096 bot 7 step 29
FT 328 11199 34 0 0 0 0 0 0 237 2588 11096 bot 5 step 17
FT 328 11003 0 0 0 0 0 0 0 252 2602 11096 bot 0 step 0
FT 329 11092 81 0 0 0 0 0 0 257 2565 11096 bot 5 step 45
FT 330 10762 58 0 0 0 0 0 0 250 2575 11096 bot 7 step 40
FT 330 11151 0 0 0 0 0 0 0 474 2571 11096 bot 0 step 0
FT 331 11382 59 0 0 0 0 0 0 240 2551 11096 bot 5 step 43
FT 332 12531 1721 0 0 0 0 0 0 239 2542 11096 bot 1542 step 155
FT 332 9483 0 0 0 0 0 0 0 248 2536 11096 bot 0 step 0
FT 333 11015 43 0 0 0 0 0 0 250 2546 11096 bot 5 step 26
FT 334 11533 104 0 0 0 0 0 0 246 2555 11096 bot 7 step 81
FT 334 10977 0 0 0 0 0 0 0 246 2556 11096 bot 0 step 0
FT 335 11142 36 0 0 0 0 0 0 291 2542 11096 bot 5 step 21
FT 336 11091 38 0 0 0 0 0 0 247 2573 11096 bot 5 step 22
FT 336 11164 0 0 0 0 0 0 0 282 2595 11096 bot 0 step 0
FT 337 11120 58 0 0 0 0 0 0 370 2572 11096 bot 5 step 21
FT 338 10882 39 0 0 0 0 0 0 252 2582 11096 bot 6 step 22
FT 338 11184 0 0 0 0 0 0 0 250 2605 11096 bot 0 step 0
FT 339 11323 49 0 0 0 0 0 0 259 2565 11096 bot 6 step 29
FT 340 11085 48 0 0 0 0 0 0 254 2565 11096 bot 5 step 28
FT 340 11087 0 0 0 0 0 0 0 245 2578 11096 bot 0 step 0
FT 341 11108 46 0 0 0 0 0 0 248 2553 11096 bot 6 step 26
FT 342 11027 37 0 0 0 0 0 0 246 2566 11096 bot 5 step 20
FT 342 11070 0 0 0 0 0 0 0 365 2559 11096 bot 0 step 0
FT 343 11180 38 0 0 0 0 0 0 261 2559 11096 bot 5 step 21
FT 344 11175 57 0 0 0 0 0 0 261 2573 11096 bot 8 step 34
FT 344 10665 0 0 0 0 0 0 0 263 2624 11096 bot 0 step 0
FT 345 11389 37 0 0 0 0 0 0 247 2631 11096 bot 6 step 19
FT 346 10858 48 0 0 0 0 0 0 266 2618 11096 bot 6 step 31
FT 346 11491 0 0 0 0 0 0 0 259 2650 11096 bot 0 step 0
FT 347 11231 36 0 0 0 0 0 0 250 2644 11096 bot 6 step 19
FT 348 11120 37 0 0 0 0 0 0 252 2645 11096 bot 6 step 19
FT 348 11027 0 0 0 0 0 0 0 411 2631 11096 bot 0 step 0
FT 349 11147 36 0 0 0 0 0 0 261 2638 11096 bot 6 step 19
FT 350 10896 37 0 0 0 0 0 0 293 2654 11096 bot 6 step 19
FT 350 11246 0 0 0 0 0 0 0 246 2650 11096 bot 0 step 0
FT 351 11005 48 0 0 0 0 0 0 261 2621 11096 bot 7 step 27
FT 352 11454 38 0 0 0 0 0 0 252 2641 11096 bot 6 step 21
FT 352 10981 0 0 0 0 0 0 0 256 2657 11053 bot 0 step 0
FT 353 10679 54 0 0 0 0 0 0 326 2651 11053 bot 6 step 21
FT 354 11483 34 0 0 0 0 0 0 319 2622 11053 bot 5 step 18
FT 354 10965 0 0 0 0 0 0 0 250 2645 11053 bot 0 step 0
FT 355 11122 39 0 0 0 0 0 0 264 2657 11053 bot 6 step 22
FT 356 10881 36 0 0 0 0 0 0 256 2638 11053 bot 6 step 18
FT 356 11142 0 0 0 0 0 0 0 261 2628 11053 bot 0 step 0
FT 357 11256 50 0 0 0 0 0 0 266 2631 11053 bot 7 step 29
FT 358 11311 55 0 0 0 0 0 0 270 2644 11053 bot 7 step 33
FT 358 11136 0 0 0 0 0 0 0 252 2637 11053 bot 0 step 0
FT 359 11167 36 0 0 0 0 0 0 293 2638 11053 bot 6 step 17
FT 360 10959 35 0 0 0 0 0 0 261 2654 11053 bot 6 step 17
FT 360 10915 0 0 0 0 0 0 0 437 2624 11053 bot 0 step 0
FT 361 11255 37 0 0 0 0 0 0 277 2595 11053 bot 6 step 19
FT 362 11150 52 0 0 0 0 0 0 244 2609 11053 bot 6 step 16
FT 362 10975 0 0 0 0 0 0 0 263 2637 11053 bot 0 step 0
FT 363 11050 42 0 0 0 0 0 0 244 2607 11053 bot 7 step 18
FT 364 11397 46 0 0 0 0 0 0 282 2611 11053 bot 7 step 25
FT 364 11109 0 0 0 0 0 0 0 243 2615 11053 bot 0 step 0
FT 365 10867 109 0 0 0 0 0 0 246 2651 11053 bot 7 step 88
FT 366 11315 66 0 0 0 0 0 0 307 2698 11053 bot 6 step 29
FT 366 11064 0 0 0 0 0 0 0 248 2778 11053 bot 0 step 0
FT 367 10934 41 0 0 0 0 0 0 277 2846 11053 bot 5 step 24
FT 368 11282 37 0 0 0 0 0 0 261 2904 11053 bot 6 step 20
FT 368 10658 0 0 0 0 0 0 0 259 2618 11053 bot 0 step 0
FT 369 11306 52 0 0 0 0 0 0 250 2595 11053 bot 6 step 29
FT 370 11244 37 0 0 0 0 0 0 241 2601 11053 bot 6 step 20
FT 370 11289 0 0 0 0 0 0 0 252 2618 11053 bot 0 step 0
FT 371 11182 33 0 0 0 0 0 0 246 2621 11053 bot 6 step 16
FT 372 11035 34 0 0 0 0 0 0 293 2628 11053 bot 6 step 16
FT 372 10685 0 0 0 0 0 0 0 370 2632 11053 bot 0 step 0
FT 373 11451 36 0 0 0 0 0 0 344 2592 11053 bot 7 step 16
FT 374 10872 40 0 0 0 0 0 0 246 2585 11053 bot 5 step 19
FT 374 11229 0 0 0 0 0 0 0 263 2563 11053 bot 0 step 0
FT 375 10978 43 0 0 0 0 0 0 234 2572 11053 bot 7 step 22
FT 376 11199 46 0 0 0 0 0 0 246 2578 11053 bot 7 step 24
FT 376 11135 0 0 0 0 0 0 0 238 2568 11053 bot 0 step 0
FT 377 11158 43 0 0 0 0 0 0 238 2563 11053 bot 7 step 21
FT 378 11086 40 0 0 0 0 0 0 233 2566 11053 bot 6 step 18
FT 378 11097 0 0 0 0 0 0 0 233 2565 11053 bot 0 step 0
FT 379 11218 33 0 0 0 0 0 0 229 2573 11053 bot 6 step 15
FT 380 10787 31 0 0 0 0 0 0 246 2565 11053 bot 6 step 15
FT 380 11200 0 0 0 0 0 0 0 254 2562 11053 bot 0 step 0
FT 381 11086 50 0 0 0 0 0 0 237 2627 11053 bot 7 step 28
FT 382 11234 43 0 0 0 0 0 0 252 2605 11053 bot 8 step 21
FT 382 11120 0 0 0 0 0 0 0 252 2622 11053 bot 0 step 0
FT 383 11196 66 0 0 0 0 0 0 238 2615 11053 bot 7 step 43
FT 384 11149 36 0 0 0 0 0 0 246 2604 11053 bot 6 step 17
FT 384 11017 0 0 0 0 0 0 0 247 2634 11053 bot 0 step 0
FT 385 11198 37 0 0 0 0 0 0 319 2615 11053 bot 7 step 19
FT 386 10981 64 0 0 0 0 0 0 277 2618 11053 bot 7 step 25
FT 386 11105 0 0 0 0 0 0 0 296 2612 11053 bot 0 step 0
FT 387 11144 46 0 0 0 0 0 0 291 2637 11053 bot 7 step 23
FT 388 11216 49 0 0 0 0 0 0 326 2617 11053 bot 7 step 27
FT 388 11107 0 0 0 0 0 0 0 273 2618 11053 bot 0 step 0
FT 389 11203 75 0 0 0 0 0 0 277 2614 11053 bot 7 step 56
FT 390 11037 42 0 0 0 0 0 0 275 2644 11053 bot 8 step 21
FT 390 11089 0 0 0 0 0 0 0 342 2651 11053 bot 0 step 0
FT 391 11230 45 0 0 0 0 0 0 342 2634 11053 bot 7 step 26
FT 392 11069 44 0 0 0 0 0 0 389 2573 11053 bot 7 step 21
FT 392 10810 0 0 0 0 0 0 0 275 2578 11053 bot 0 step 0
FT 393 11277 46 0 0 0 0 0 0 277 2562 11053 bot 7 step 24
FT 394 11026 45 0 0 0 0 0 0 289 2582 11053 bot 7 step 25
FT 394 11242 0 0 0 0 0 0 0 280 2579 11053 bot 0 step 0
FT 395 11132 46 0 0 0 0 0 0 275 2601 11053 bot 8 step 25
FT 396 11008 65 0 0 0 0 0 0 326 2578 11053 bot 8 step 35
FT 396 11149 0 0 0 0 0 0 0 312 2572 11053 bot 0 step 0
FT 397 10960 44 0 0 0 0 0 0 275 2586 11053 bot 8 step 22
FT 398 11258 44 0 0 0 0 0 0 342 2595 11053 bot 7 step 25
FT 398 10962 0 0 0 0 0 0 0 303 2578 11053 bot 0 step 0
FT 399 11230 47 0 0 0 0 0 0 300 2586 11053 bot 8 step 25
FT 400 11178 51 0 0 0 0 0 0 314 2585 11053 bot 12 step 25
FT 400 11090 0 0 0 0 0 0 0 272 2585 11053 bot 0 step 0
FT 401 11117 62 0 0 0 0 0 0 270 2576 11053 bot 8 step 41
FT 402 11152 38 0 0 0 0 0 0 275 2581 11053 bot 6 step 19
FT 402 11001 0 0 0 0 0 0 0 275 2608 11053 bot 0 step 0
FT 403 11239 38 0 0 0 0 0 0 317 2612 11053 bot 7 step 18
FT 404 10895 38 0 0 0 0 0 0 303 2571 11053 bot 6 step 20
FT 404 11159 0 0 0 0 0 0 0 287 2565 11053 bot 0 step 0
FT 405 11183 47 0 0 0 0 0 0 287 2563 11053 bot 8 step 25
FT 406 11067 41 0 0 0 0 0 0 286 2562 11053 bot 7 step 22
FT 406 10961 0 0 0 0 0 0 0 275 2601 11053 bot 0 step 0
FT 407 11186 41 0 0 0 0 0 0 270 2601 11053 bot 8 step 20
FT 408 11112 40 0 0 0 0 0 0 296 2605 11053 bot 6 step 21
FT 408 11165 0 0 0 0 0 0 0 275 2615 11053 bot 0 step 0
FT 409 11274 47 0 0 0 0 0 0 275 2561 11053 bot 7 step 24
FT 410 10918 40 0 0 0 0 0 0 272 2558 11053 bot 6 step 21
FT 410 11051 0 0 0 0 0 0 0 284 2559 11053 bot 0 step 0
FT 411 11181 40 0 0 0 0 0 0 289 2563 11053 bot 7 step 20
FT 412 11227 70 0 0 0 0 0 0 291 2572 11053 bot 8 step 25
FT 412 11111 0 0 0 0 0 0 0 275 2549 11137 bot 0 step 0
FT 413 11220 41 0 0 0 0 0 0 275 2565 11137 bot 7 step 21
FT 414 11024 39 0 0 0 0 0 0 277 2592 11137 bot 6 step 21
FT 414 11051 0 0 0 0 0 0 0 328 2586 11137 bot 0 step 0
FT 415 11267 40 0 0 0 0 0 0 321 2572 11137 bot 7 step 20
FT 416 11028 43 0 0 0 0 0 0 303 2611 11137 bot 7 step 24
FT 416 10899 0 0 0 0 0 0 0 286 2575 11137 bot 0 step 0
FT 417 11157 41 0 0 0 0 0 0 289 2582 11137 bot 7 step 20
FT 418 11107 44 0 0 0 0 0 0 287 2588 11137 bot 7 step 24
FT 418 11165 0 0 0 0 0 0 0 273 2576 11137 bot 0 step 0
FT 419 11285 46 0 0 0 0 0 0 268 2578 11137 bot 8 step 24
FT 420 11077 39 0 0 0 0 0 0 277 2591 11137 bot 6 step 20
FT 420 11027 0 0 0 0 0 0 0 316 2602 11137 bot 0 step 0
FT 421 11100 47 0 0 0 0 0 0 456 2585 11137 bot 7 step 22
FT 422 11200 39 0 0 0 0 0 0 358 2605 11137 bot 7 step 20
FT 422 10876 0 0 0 0 0 0 0 319 2588 11137 bot 0 step 0
FT 423 11122 41 0 0 0 0 0 0 307 2595 11137 bot 6 step 20
FT 424 11197 38 0 0 0 0 0 0 305 2585 11137 bot 7 step 19
FT 425 18619 48 0 0 0 0 0 0 287 2581 11137 bot 8 step 24
FT 425 3475 0 0 0 0 0 0 0 275 2605 11137 bot 0 step 0
FT 426 11092 46 0 0 0 0 0 0 433 2578 11137 bot 7 step 21
FT 427 11206 43 0 0 0 0 0 0 268 2578 11137 bot 6 step 24
FT 427 11069 0 0 0 0 0 0 0 268 2591 11137 bot 0 step 0
FT 428 11180 39 0 0 0 0 0 0 301 2647 11137 bot 7 step 20
FT 429 11123 38 0 0 0 0 0 0 321 2595 11137 bot 7 step 19
FT 429 11021 0 0 0 0 0 0 0 296 2596 11137 bot 0 step 0
FT 430 11208 38 0 0 0 0 0 0 293 2596 11137 bot 7 step 19
FT 431 11119 38 0 0 0 0 0 0 280 2594 11137 bot 6 step 19
FT 431 11293 0 0 0 0 0 0 0 270 2569 11137 bot 0 step 0
FT 432 11060 38 0 0 0 0 0 0 270 2601 11137 bot 6 step 19
FT 433 11144 37 0 0 0 0 0 0 319 2605 11137 bot 7 step 18
FT 433 11008 0 0 0 0 0 0 0 310 2611 11137 bot 0 step 0
FT 434 11180 42 0 0 0 0 0 0 381 2592 11137 bot 7 step 24
FT 435 10906 37 0 0 0 0 0 0 294 2601 11137 bot 7 step 18
FT 435 11055 0 0 0 0 0 0 0 289 2598 11137 bot 0 step 0
FT 436 11357 40 0 0 0 0 0 0 291 2598 11137 bot 6 step 22
FT 437 11121 59 0 0 0 0 0 0 293 2607 11137 bot 6 step 19
FT 437 11009 0 0 0 0 0 0 0 273 2598 11137 bot 0 step 0
FT 438 11303 38 0 0 0 0 0 0 275 2621 11137 bot 6 step 19
FT 439 10987 39 0 0 0 0 0 0 282 2637 11137 bot 6 step 20
FT 439 11158 0 0 0 0 0 0 0 377 2631 11137 bot 0 step 0
FT 440 11146 39 0 0 0 0 0 0 367 2651 11137 bot 7 step 20
FT 441 10894 43 0 0 0 0 0 0 294 2641 11137 bot 11 step 20
FT 441 11054 0 0 0 0 0 0 0 284 2622 11137 bot 0 step 0
FT 442 11279 40 0 0 0 0 0 0 289 2678 11137 bot 6 step 22
FT 443 11005 38 0 0 0 0 0 0 291 2654 11137 bot 6 step 20
FT 443 11114 0 0 0 0 0 0 0 287 2621 11137 bot 0 step 0
FT 444 11256 42 0 0 0 0 0 0 312 2638 11137 bot 8 step 22
FT 445 11282 40 0 0 0 0 0 0 277 2670 11137 bot 7 step 20
FT 445 10985 0 0 0 0 0 0 0 301 2667 11137 bot 0 step 0
FT 446 11045 39 0 0 0 0 0 0 405 2631 11137 bot 7 step 20
FT 447 10967 40 0 0 0 0 0 0 294 2618 11137 bot 7 step 20
FT 447 11031 0 0 0 0 0 0 0 291 2637 11137 bot 0 step 0
FT 448 11319 46 0 0 0 0 0 0 298 2638 11137 bot 7 step 25
FT 449 11257 65 0 0 0 0 0 0 296 2622 11137 bot 7 step 26
FT 449 11018 0 0 0 0 0 0 0 301 2615 11137 bot 0 step 0
FT 450 11143 43 0 0 0 0 0 0 277 2604 11137 bot 8 step 21
FT 451 11152 45 0 0 0 0 0 0 277 2631 11137 bot 7 step 25
FT 451 10815 0 0 0 0 0 0 0 349 2622 11137 bot 0 step 0
FT 452 11349 38 0 0 0 0 0 0 347 2608 11137 bot 6 step 19
FT 453 10904 43 0 0 0 0 0 0 275 2598 11137 bot 6 step 24
FT 453 11021 0 0 0 0 0 0 0 277 2601 11137 bot 0 step 0
FT 454 11408 45 0 0 0 0 0 0 293 2604 11137 bot 8 step 23
FT 455 11190 71 0 0 0 0 0 0 298 2601 11137 bot 8 step 49
FT 455 11043 0 0 0 0 0 0 0 303 2621 11137 bot 0 step 0
FT 456 11186 40 0 0 0 0 0 0 312 2611 11137 bot 6 step 21
FT 457 11051 45 0 0 0 0 0 0 280 2625 11137 bot 7 step 25
FT 457 10940 0 0 0 0 0 0 0 340 2595 11137 bot 0 step 0
FT 458 11038 40 0 0 0 0 0 0 293 2599 11137 bot 6 step 22
FT 459 11107 48 0 0 0 0 0 0 319 2594 11137 bot 7 step 20
FT 459 11104 0 0 0 0 0 0 0 277 2611 11137 bot 0 step 0
FT 460 11146 39 0 0 0 0 0 0 287 2617 11137 bot 7 step 20
FT 461 11395 48 0 0 0 0 0 0 314 2608 11137 bot 8 step 25
FT 461 11003 0 0 0 0 0 0 0 277 2607 11137 bot 0 step 0
FT 462 11215 40 0 0 0 0 0 0 277 2637 11137 bot 7 step 21
FT 463 11047 73 0 0 0 0 0 0 273 2625 11137 bot 7 step 20
FT 463 11065 0 0 0 0 0 0 0 351 2642 11137 bot 0 step 0
FT 464 11112 43 0 0 0 0 0 0 389 2607 11137 bot 7 step 24
FT 465 10963 40 0 0 0 0 0 0 291 2611 11137 bot 7 step 21
FT 465 11189 0 0 0 0 0 0 0 289 2609 11137 bot 0 step 0
FT 466 11267 50 0 0 0 0 0 0 289 2608 11137 bot 7 step 28
FT 467 10929 38 0 0 0 0 0 0 275 2607 11137 bot 7 step 20
FT 467 11195 0 0 0 0 0 0 0 275 2594 11137 bot 0 step 0
FT 468 11161 39 0 0 0 0 0 0 272 2594 11137 bot 7 step 19
FT 469 11226 38 0 0 0 0 0 0 275 2624 11137 bot 7 step 18
FT 469 11007 0 0 0 0 0 0 0 317 2624 11137 bot 0 step 0
FT 470 11143 41 0 0 0 0 0 0 409 2625 11137 bot 7 step 21
FT 471 11007 40 0 0 0 0 0 0 291 2634 11137 bot 7 step 20
FT 471 11114 0 0 0 0 0 0 0 305 2630 11137 bot 0 step 0
FT 472 11182 46 0 0 0 0 0 0 280 2644 11137 bot 7 step 24
FT 473 11187 55 0 0 0 0 0 0 280 2637 10941 bot 8 step 32
FT 473 10843 0 0 0 0 0 0 0 277 2658 10941 bot 0 step 0
FT 474 11126 56 0 0 0 0 0 0 317 2630 10941 bot 7 step 24
FT 475 11176 42 0 0 0 0 0 0 277 2595 10941 bot 7 step 24
FT 475 11118 0 0 0 0 0 0 0 277 2604 10941 bot 0 step 0
FT 476 11220 42 0 0 0 0 0 0 352 2588 10941 bot 6 step 23
FT 477 10984 47 0 0 0 0 0 0 289 2595 10941 bot 7 step 27
FT 477 10960 0 0 0 0 0 0 0 333 2581 10941 bot 0 step 0
FT 478 11206 69 0 0 0 0 0 0 279 2579 10941 bot 8 step 40
FT 479 11345 74 0 0 0 0 0 0 294 2586 10941 bot 8 step 28
FT 479 11088 0 0 0 0 0 0 0 275 2596 10941 bot 0 step 0
FT 480 11118 43 0 0 0 0 0 0 287 2596 10941 bot 7 step 23
FT 481 11131 48 0 0 0 0 0 0 300 2617 10941 bot 7 step 24
FT 481 10909 0 0 0 0 0 0 0 446 2617 10941 bot 0 step 0
FT 482 11129 40 0 0 0 0 0 0 407 2585 10941 bot 7 step 21
FT 483 11072 41 0 0 0 0 0 0 287 2599 10941 bot 7 step 22
FT 483 11076 0 0 0 0 0 0 0 296 2595 10941 bot 0 step 0
FT 484 11274 48 0 0 0 0 0 0 293 2595 10941 bot 8 step 26
FT 485 11223 49 0 0 0 0 0 0 280 2582 10941 bot 8 step 26
FT 485 11046 0 0 0 0 0 0 0 282 2596 10941 bot 0 step 0
FT 486 11096 43 0 0 0 0 0 0 286 2595 10941 bot 7 step 21
FT 487 11239 39 0 0 0 0 0 0 282 2615 10941 bot 7 step 20
FT 487 11016 0 0 0 0 0 0 0 305 2608 10941 bot 0 step 0
FT 488 11066 38 0 0 0 0 0 0 412 2584 10941 bot 6 step 20
FT 489 11007 58 0 0 0 0 0 0 293 2585 10941 bot 7 step 19
FT 489 10916 0 0 0 0 0 0 0 282 2578 10941 bot 0 step 0
FT 490 11287 41 0 0 0 0 0 0 279 2588 10941 bot 7 step 21
FT 491 11124 52 0 0 0 0 0 0 287 2582 10941 bot 7 step 31
FT 491 10988 0 0 0 0 0 0 0 275 2584 10941 bot 0 step 0
FT 492 11356 41 0 0 0 0 0 0 273 2596 10941 bot 7 step 21
FT 493 10970 40 0 0 0 0 0 0 279 2604 10941 bot 6 step 22
FT 493 11179 0 0 0 0 0 0 0 347 2628 10941 bot 0 step 0
FT 494 11151 40 0 0 0 0 0 0 316 2618 10941 bot 7 step 21
FT 495 10980 40 0 0 0 0 0 0 351 2605 10941 bot 7 step 21
FT 495 11110 0 0 0 0 0 0 0 291 2586 10941 bot 0 step 0
FT 496 11187 51 0 0 0 0 0 0 308 2588 10941 bot 7 step 29
FT 497 11166 49 0 0 0 0 0 0 279 2588 10941 bot 8 step 27
FT 497 11001 0 15 0 0 0 0 0 277 2601 10941 bot 0 step 0
FT 498 11190 44 0 0 0 0 0 0 273 2588 10941 bot 8 step 23
FT 499 11210 39 0 0 0 0 0 0 275 2615 10941 bot 7 step 20
FT 499 11113 0 0 0 0 0 0 0 296 2608 10941 bot 0 step 0
FT 500 10991 39 0 0 0 0 0 0 388 4136 10941 bot 7 step 20
FT 501 10980 39 0 0 0 0 0 0 375 2625 10941 bot 6 step 20
FT 501 11008 0 0 0 0 0 0 0 289 2624 10941 bot 0 step 0
FT 502 11202 58 0 0 0 0 0 0 298 2628 10941 bot 11 step 26
FT 503 11332 48 0 0 0 0 0 0 296 2664 10941 bot 8 step 25
FT 503 11114 0 0 0 0 0 0 0 277 2641 10941 bot 0 step 0
FT 504 11133 45 0 0 0 0 0 0 300 2645 10941 bot 6 step 25
FT 505 11127 41 0 0 0 0 0 0 317 2621 10941 bot 7 step 21
FT 505 11016 0 0 0 0 0 0 0 345 2595 10941 bot 0 step 0
FT 506 11053 41 0 0 0 0 0 0 349 2598 10941 bot 7 step 21
FT 507 10996 39 0 0 0 0 0 0 349 2582 10941 bot 7 step 20
FT 507 11066 0 0 0 0 0 0 0 287 2582 10941 bot 0 step 0
FT 508 11277 48 0 0 0 0 0 0 305 2579 10941 bot 8 step 25
FT 509 11256 68 0 0 0 0 0 0 300 2578 10941 bot 8 step 44
FT 509 10843 0 0 0 0 0 0 0 287 2584 10941 bot 0 step 0
FT 510 11308 47 0 0 0 0 0 0 293 2601 10941 bot 8 step 25
FT 511 11141 43 0 0 0 0 0 0 286 2591 10941 bot 7 step 24
FT 511 10919 0 0 0 0 0 0 0 372 2640 10941 bot 0 step 0
FT 512 11205 39 0 0 0 0 0 0 442 2638 10941 bot 7 step 20
FT 513 10999 40 0 0 0 0 0 0 340 2582 10941 bot 7 step 20
FT 513 11093 0 0 0 0 0 0 0 305 2582 10941 bot 0 step 0
FT 514 11272 69 0 0 0 0 0 0 317 2596 10941 bot 8 step 24
FT 515 11074 46 0 0 0 0 0 0 293 2578 10941 bot 8 step 23
FT 515 11098 0 0 0 0 0 0 0 275 2582 10941 bot 0 step 0
FT 516 11201 47 0 0 0 0 0 0 286 2585 10941 bot 8 step 25
FT 517 10952 54 0 0 0 0 0 0 301 2599 10941 bot 8 step 26
FT 517 11016 0 0 0 0 0 0 0 349 2592 10941 bot 0 step 0
FT 518 11257 39 0 0 0 0 0 0 300 2601 10941 bot 7 step 21
FT 519 10915 54 0 0 0 0 0 0 358 2594 10941 bot 8 step 28
FT 519 11148 0 0 0 0 0 0 0 303 2582 10941 bot 0 step 0
FT 520 11165 47 0 0 0 0 0 0 337 2578 10941 bot 8 step 25
FT 521 11261 47 0 0 0 0 0 0 314 2578 10941 bot 7 step 25
FT 521 10857 0 0 0 0 0 0 0 300 2585 10941 bot 0 step 0
FT 522 11111 46 0 0 0 0 0 0 287 2565 10941 bot 8 step 21
FT 523 11178 42 0 0 0 0 0 0 296 2578 10941 bot 8 step 22
FT 523 11084 0 0 0 0 0 0 0 324 2572 10941 bot 0 step 0
FT 524 11305 38 0 0 0 0 0 0 289 2644 10941 bot 6 step 20
FT 525 11142 39 0 0 0 0 0 0 326 2585 10941 bot 7 step 19
FT 525 10849 0 0 0 0 0 0 0 307 2585 10941 bot 0 step 0
FT 526 11286 48 0 0 0 0 0 0 307 2568 10941 bot 7 step 26
FT 527 11036 54 0 0 0 0 0 0 307 2585 10941 bot 8 step 25
FT 527 11162 0 0 0 0 0 0 0 284 2569 10941 bot 0 step 0
FT 528 11316 45 0 0 0 0 0 0 293 2589 10941 bot 7 step 25
FT 529 11028 39 0 0 0 0 0 0 289 2619 10941 bot 7 step 20
FT 529 11046 0 0 0 0 0 0 0 374 2595 10941 bot 0 step 0
FT 530 11152 44 0 0 0 0 0 0 300 2605 10941 bot 6 step 25
FT 531 10934 39 0 0 0 0 0 0 340 2578 10941 bot 7 step 20
FT 531 11084 0 0 0 0 0 0 0 303 2589 10941 bot 0 step 0
FT 532 11353 46 0 0 0 0 0 0 310 2589 10941 bot 6 step 25
FT 533 11206 65 0 0 0 0 0 0 351 2576 10921 bot 7 step 43
FT 533 10915 0 0 0 0 0 0 0 279 2581 10921 bot 0 step 0
FT 534 11277 45 0 0 0 0 0 0 273 2578 10921 bot 6 step 25
FT 535 11078 41 0 0 0 0 0 0 284 2615 10921 bot 6 step 21
FT 535 10967 0 0 0 0 0 0 0 382 2608 10921 bot 0 step 0
FT 536 11284 40 0 0 0 0 0 0 407 2608 10921 bot 6 step 22
FT 537 11051 39 0 0 0 0 0 0 375 2581 10921 bot 6 step 20
FT 537 10842 0 0 0 0 0 0 0 282 2595 10921 bot 0 step 0
FT 538 11128 38 0 0 0 0 0 0 284 2572 10921 bot 6 step 19
FT 539 11183 61 0 0 0 0 0 0 312 2581 10921 bot 6 step 20
FT 539 11081 0 0 0 0 0 0 0 326 2578 10921 bot 0 step 0
FT 540 11292 45 0 0 0 0 0 0 287 2575 10921 bot 6 step 24
FT 541 11319 46 0 0 0 0 0 0 289 2618 10921 bot 7 step 27
FT 541 10683 0 0 0 0 0 0 0 504 2618 10921 bot 0 step 0
FT 542 11411 38 0 0 0 0 0 0 296 2601 10921 bot 6 step 20
FT 543 11024 39 0 0 0 0 0 0 326 2592 10921 bot 6 step 21
FT 543 10889 0 0 0 0 0 0 0 287 2619 10921 bot 0 step 0
FT 544 11286 38 0 0 0 0 0 0 319 2632 10921 bot 6 step 20
FT 545 11387 49 0 0 0 0 0 0 326 2627 10921 bot 7 step 25
FT 545 10918 0 0 0 0 0 0 0 282 2631 10921 bot 0 step 0
FT 546 11145 49 0 0 0 0 0 0 317 2631 10921 bot 7 step 27
FT 547 11111 40 0 0 0 0 0 0 277 2632 10921 bot 6 step 21
FT 547 11203 0 0 4033 1 1 0 0 342 2657 10921 bot 0 step 0
FT 548 10960 39 0 0 0 0 0 0 331 2667 10921 bot 6 step 20
FT 549 11086 39 0 0 0 0 0 0 460 2586 10921 bot 6 step 20
FT 549 10909 0 0 0 0 0 0 0 317 2605 10921 bot 0 step 0
FT 550 11258 46 0 0 0 0 0 0 284 2630 10921 bot 7 step 25
FT 551 11136 46 0 0 0 0 0 0 312 2595 10921 bot 8 step 23
FT 551 10940 0 0 0 0 0 0 0 293 2595 10921 bot 0 step 0
FT 552 11479 40 0 0 0 0 0 0 291 2585 10921 bot 6 step 21
FT 553 11040 40 0 0 0 0 0 0 296 2605 10921 bot 6 step 22
FT 553 11039 0 0 0 0 0 0 0 375 2614 10921 bot 0 step 0
FT 554 11131 40 0 0 0 0 0 0 382 2609 10921 bot 6 step 21
FT 555 10898 40 0 0 0 0 0 0 377 2589 10921 bot 6 step 20
FT 555 11064 0 0 0 0 0 0 0 310 2581 10921 bot 0 step 0
FT 556 11199 48 0 0 0 0 0 0 326 2592 10921 bot 7 step 27
FT 557 11243 45 0 0 0 0 0 0 321 2595 10921 bot 7 step 24
FT 557 11063 0 0 0 0 0 0 0 289 2595 10921 bot 0 step 0
FT 558 10949 39 0 0 0 0 0 0 280 2578 10921 bot 6 step 20
FT 559 11421 38 0 0 0 0 0 0 280 2601 10921 bot 7 step 19
FT 559 18952 0 0 0 0 0 0 0 298 2602 10921 bot 0 step 0
FT 560 3072 35 0 0 0 0 0 0 351 2607 10921 bot 6 step 17
FT 561 11135 40 0 0 0 0 0 0 356 2596 10921 bot 6 step 22
FT 561 11006 0 0 0 0 0 0 0 407 2585 10921 bot 0 step 0
FT 562 11211 44 0 0 0 0 0 0 307 2581 10921 bot 7 step 22
FT 563 11162 69 0 0 0 0 0 0 291 2585 10921 bot 12 step 20
FT 563 11135 0 0 0 0 0 0 0 277 2589 10921 bot 0 step 0
FT 564 10900 36 0 0 0 0 0 0 279 2573 10921 bot 6 step 17
FT 565 11324 35 0 0 0 0 0 0 277 2591 10921 bot 6 step 17
FT 565 11039 0 0 0 0 0 0 0 280 2595 10921 bot 0 step 0
FT 566 11143 37 0 0 0 0 0 0 351 2608 10921 bot 6 step 18
FT 567 11109 35 0 0 0 0 0 0 328 2607 10921 bot 6 step 17
FT 567 10931 0 0 0 0 0 0 0 298 2605 10921 bot 0 step 0
FT 568 11342 41 0 0 0 0 0 0 289 2591 10921 bot 6 step 20
FT 569 11229 61 0 0 0 0 0 0 287 2588 10921 bot 7 step 39
FT 569 10747 0 0 0 0 0 0 0 291 2642 10921 bot 0 step 0
FT 570 11337 43 0 0 0 0 0 0 286 2607 10921 bot 7 step 21
FT 571 11200 38 0 0 0 0 0 0 275 2618 10921 bot 6 step 19
FT 571 10950 0 0 0 0 0 0 0 277 2648 10921 bot 0 step 0
FT 572 11157 36 0 0 0 0 0 0 365 2651 10921 bot 7 step 17
FT 573 11144 34 0 0 0 0 0 0 330 2582 10921 bot 6 step 16
FT 573 10924 0 0 0 0 0 0 0 293 2617 10921 bot 0 step 0
FT 574 11266 41 0 0 0 0 0 0 284 2607 10921 bot 7 step 20
FT 575 11150 41 0 0 0 0 0 0 303 2578 10921 bot 7 step 20
FT 575 11027 0 0 0 0 0 0 0 279 2588 10921 bot 0 step 0
FT 576 11188 43 0 0 0 0 0 0 282 2595 10921 bot 7 step 21
FT 577 11165 38 0 0 0 0 0 0 275 2630 10921 bot 7 step 17
FT 577 10990 0 0 0 0 0 0 0 277 2625 10921 bot 0 step 0
FT 578 11111 35 0 0 0 0 0 0 337 2640 10921 bot 6 step 16
FT 579 11109 39 0 0 0 0 0 0 319 2588 10921 bot 6 step 16
FT 579 11077 0 0 0 0 0 0 0 294 2598 10921 bot 0 step 0
FT 580 11148 41 0 0 0 0 0 0 363 2588 10921 bot 7 step 20
FT 581 11318 62 0 0 0 0 0 0 284 2586 10921 bot 7 step 40
FT 581 10884 0 0 0 0 0 0 0 279 2575 10921 bot 0 step 0
FT 582 11158 42 0 0 0 0 0 0 277 2568 10921 bot 6 step 21
FT 583 11183 43 0 0 0 0 0 0 280 2579 10921 bot 8 step 23
FT 583 11062 0 0 0 0 0 0 0 279 2584 10921 bot 0 step 0
FT 584 11165 35 0 0 0 0 0 0 382 2585 10921 bot 7 step 17
FT 585 11118 36 0 0 0 0 0 0 381 2618 10921 bot 6 step 17
FT 585 10981 0 0 0 0 0 0 0 296 2635 10921 bot 0 step 0
FT 586 11237 36 0 0 0 0 0 0 282 2631 10921 bot 6 step 19
FT 587 10988 64 0 0 0 0 0 0 280 2632 10921 bot 7 step 21
FT 587 11092 0 0 0 0 0 0 0 280 2624 10921 bot 0 step 0
FT 588 11202 41 0 0 0 0 0 0 275 2615 10921 bot 7 step 20
FT 589 11170 34 0 0 0 0 0 0 286 2608 10921 bot 6 step 16
FT 589 11047 0 0 0 0 0 0 0 277 2622 10921 bot 0 step 0
FT 590 11078 35 0 0 0 0 0 0 331 2621 10921 bot 6 step 17
FT 591 11009 35 0 0 0 0 0 0 344 2568 10921 bot 6 step 16
FT 591 11207 0 0 0 0 0 0 0 298 2591 10921 bot 0 step 0
FT 592 11025 42 0 0 0 0 0 0 291 2592 10921 bot 7 step 21
FT 593 11204 41 0 0 0 0 0 0 280 2588 11029 bot 7 step 20
FT 593 11056 0 0 0 0 0 0 0 282 2561 11029 bot 0 step 0
FT 594 11196 44 0 0 0 0 0 0 277 2562 11029 bot 9 step 20
FT 595 11138 36 0 0 0 0 0 0 277 2549 11029 bot 6 step 17
FT 595 11063 0 0 0 0 0 0 0 275 2572 11029 bot 0 step 0
FT 596 11097 35 0 0 0 0 0 0 310 2589 11029 bot 6 step 17
FT 597 11145 39 0 0 0 0 0 0 335 2605 11029 bot 6 step 21
FT 597 10843 0 0 0 0 0 0 0 293 2586 11029 bot 0 step 0
FT 598 11140 60 0 0 0 0 0 0 279 2582 11029 bot 8 step 31
FT 599 11221 52 0 0 0 0 0 0 298 2586 11029 bot 7 step 23
FT 599 11300 0 0 0 0 0 0 0 301 2572 11029 bot 0 step 0
FT 600 11199 43 0 0 0 0 0 0 291 2569 11029 bot 7 step 22
FT 601 11039 41 0 0 0 0 0 0 279 2596 11029 bot 8 step 21
FT 601 11072 0 0 0 0 0 0 0 437 2588 11029 bot 0 step 0
FT 602 11117 36 0 0 0 0 0 0 317 2585 11029 bot 6 step 18
FT 603 11079 36 0 0 0 0 0 0 351 2573 11029 bot 6 step 17
FT 603 10828 0 0 0 0 0 0 0 291 2584 11029 bot 0 step 0
FT 604 11250 49 0 0 0 0 0 0 284 2594 11029 bot 7 step 26
FT 605 11318 43 0 0 0 0 0 0 298 2572 11029 bot 7 step 21
FT 605 10921 0 0 0 0 0 0 0 282 2571 11029 bot 0 step 0
FT 606 11187 46 0 0 0 0 0 0 279 2561 11029 bot 8 step 23
FT 607 13260 2130 0 0 0 0 0 0 308 2575 11029 bot 2099 step 16
FT 607 8981 0 0 0 0 0 0 0 277 2594 11029 bot 0 step 0
FT 608 11215 37 0 0 0 0 0 0 444 2595 11029 bot 6 step 19
FT 609 10989 36 0 0 0 0 0 0 328 2578 11029 bot 6 step 18
FT 609 10931 0 0 0 0 0 0 0 291 2575 11029 bot 0 step 0
FT 610 11319 43 0 0 0 0 0 0 294 2588 11029 bot 7 step 22
FT 611 11004 43 0 0 0 0 0 0 289 2575 11029 bot 7 step 21
FT 611 11342 0 0 0 0 0 0 0 280 2575 11029 bot 0 step 0
FT 612 11006 42 0 0 0 0 0 0 282 2572 11029 bot 7 step 21
FT 613 11116 50 0 0 0 0 0 0 282 2565 11029 bot 7 step 22
FT 613 11084 0 0 0 0 0 0 0 279 2598 11029 bot 0 step 0
FT 614 11088 36 0 0 0 0 0 0 349 2592 11029 bot 6 step 17
FT 615 11135 36 0 0 0 0 0 0 342 2588 11029 bot 6 step 18
FT 615 11000 0 0 0 0 0 0 0 356 2584 11029 bot 0 step 0
FT 616 11217 38 0 0 0 0 0 0 287 2585 11029 bot 6 step 20
FT 617 11285 58 0 0 0 0 0 0 303 2581 11029 bot 7 step 37
FT 617 10709 0 0 0 0 0 0 0 284 2589 11029 bot 0 step 0
FT 618 11364 43 0 0 0 0 0 0 279 2571 11029 bot 7 step 21
FT 619 11054 44 0 0 0 0 0 0 279 2575 11029 bot 7 step 23
FT 619 11077 0 0 0 0 0 0 0 277 2579 11029 bot 0 step 0
FT 620 11216 37 0 0 0 0 0 0 282 2584 11029 bot 6 step 18
FT 621 11137 56 0 0 0 0 0 0 314 2584 11029 bot 6 step 18
FT 621 10917 0 0 0 0 0 0 0 370 2598 11029 bot 0 step 0
FT 622 11135 43 0 0 0 0 0 0 284 2598 11029 bot 7 step 22
FT 623 11138 44 0 0 0 0 0 0 289 2588 11029 bot 7 step 23
FT 623 11002 0 0 0 0 0 0 0 289 2586 11029 bot 0 step 0
FT 624 11343 44 0 0 0 0 0 0 279 2575 11029 bot 7 step 22
FT 625 11080 49 0 0 0 0 0 0 277 2575 11029 bot 7 step 28
FT 625 11061 0 0 0 0 0 0 0 284 2581 11029 bot 0 step 0
FT 626 11005 35 0 0 0 0 0 0 307 2585 11029 bot 6 step 17
FT 627 11187 41 0 0 0 0 0 0 337 2638 11029 bot 6 step 22
FT 627 10791 0 0 0 0 0 0 0 275 2651 11029 bot 0 step 0
FT 628 11387 42 0 0 0 0 0 0 287 2640 11029 bot 7 step 22
FT 629 11227 48 0 0 0 0 0 0 275 2602 11029 bot 7 step 26
FT 629 10829 0 0 0 0 0 0 0 287 2598 11029 bot 0 step 0
FT 630 11603 52 0 0 0 0 0 0 280 2608 11029 bot 10 step 25
FT 631 10902 50 0 0 0 0 0 0 280 3825 11029 bot 8 step 22
FT 631 10944 0 0 0 0 0 0 0 1366 2637 11029 bot 0 step 0
FT 632 11340 36 0 0 0 0 0 0 307 2625 11029 bot 6 step 17
FT 633 11036 37 0 0 0 0 0 0 284 2575 11029 bot 6 step 17
FT 633 10932 0 0 0 0 0 0 0 300 2558 11029 bot 0 step 0
FT 634 11055 39 0 0 0 0 0 0 294 2595 11029 bot 7 step 20
FT 635 11223 42 0 0 0 0 0 0 289 2592 11029 bot 8 step 20
FT 635 11143 0 0 0 0 0 0 0 296 2586 11029 bot 0 step 0
FT 636 11153 54 0 0 0 0 0 0 280 2575 11029 bot 8 step 32
FT 637 11154 40 0 0 0 0 0 0 279 2575 11029 bot 8 step 18
FT 637 11055 0 0 0 0 0 0 0 282 2596 11029 bot 0 step 0
FT 638 11208 35 0 0 0 0 0 0 279 2578 11029 bot 7 step 15
FT 639 11021 36 0 0 0 0 0 0 277 2599 11029 bot 6 step 17
FT 639 10900 0 0 0 0 0 0 0 428 2538 11029 bot 0 step 0
FT 640 11272 43 0 0 0 0 0 0 298 2530 11029 bot 8 step 20
FT 641 11103 50 0 0 0 0 0 0 293 2522 11029 bot 9 step 20
FT 641 11146 0 0 0 0 0 0 0 305 2532 11029 bot 0 step 0
FT 642 11188 44 0 0 0 0 0 0 280 2525 11029 bot 9 step 21
FT 643 11134 41 0 0 0 0 0 0 282 2532 11029 bot 7 step 20
FT 643 11017 0 0 0 0 0 0 0 282 2548 11029 bot 0 step 0
FT 644 11307 40 0 0 0 0 0 0 279 2549 11029 bot 6 step 21
FT 645 11034 41 0 0 0 0 0 0 282 2546 11029 bot 7 step 22
FT 645 10857 0 0 0 0 0 0 0 296 2529 11029 bot 0 step 0
FT 646 11333 66 0 0 0 0 0 0 282 2536 11029 bot 8 step 22
FT 647 10998 41 0 0 0 0 0 0 296 2540 11029 bot 7 step 19
FT 647 11105 0 0 0 0 0 0 0 277 2530 11029 bot 0 step 0
FT 648 11228 43 0 0 0 0 0 0 344 2542 11029 bot 8 step 19
FT 649 11202 37 0 0 0 0 0 0 282 2546 11029 bot 6 step 19
FT 649 10969 0 0 0 0 0 0 0 277 2539 11029 bot 0 step 0
FT 650 10962 36 0 0 0 0 0 0 293 2523 11029 bot 7 step 17
FT 651 11191 43 0 0 0 0 0 0 280 2532 11029 bot 9 step 21
FT 651 10939 0 0 0 0 0 0 0 275 2519 11029 bot 0 step 0
FT 652 11356 37 0 0 0 0 0 0 296 2530 11029 bot 7 step 17
FT 653 11089 48 0 0 0 0 0 0 300 2523 11038 bot 8 step 25
FT 653 11058 0 0 0 0 0 0 0 277 2517 11038 bot 0 step 0
FT 654 11105 42 0 0 0 0 0 0 275 2525 11038 bot 8 step 19
FT 655 11025 40 0 0 0 0 0 0 286 2522 11038 bot 6 step 17
FT 655 11108 0 0 0 0 0 0 0 277 2530 11038 bot 0 step 0
FT 656 11294 36 0 0 0 0 0 0 277 2533 11038 bot 7 step 17
FT 657 11151 36 0 0 0 0 0 0 275 2529 11038 bot 7 step 16
FT 657 10999 0 0 0 0 0 0 0 296 2526 11038 bot 0 step 0
FT 658 11175 36 0 0 0 0 0 0 335 2555 11038 bot 7 step 17
FT 659 11231 40 0 0 0 0 0 0 293 2565 11038 bot 8 step 19
FT 659 10843 0 0 0 0 0 0 0 277 2584 11038 bot 0 step 0
FT 660 11228 57 0 0 0 0 0 0 275 2563 11038 bot 8 step 19
FT 661 11279 36 0 0 0 0 0 0 275 2555 11038 bot 6 step 18
FT 661 10981 0 0 0 0 0 0 0 275 2589 11038 bot 0 step 0
FT 662 10952 37 0 0 0 0 0 0 351 2578 11038 bot 7 step 17
FT 663 11299 35 0 0 0 0 0 0 310 2562 11038 bot 7 step 16
FT 663 10865 0 0 0 0 0 0 0 280 2519 11038 bot 0 step 0
FT 664 11164 37 0 0 0 0 0 0 284 2526 11038 bot 6 step 19
FT 665 11455 47 0 0 0 0 0 0 296 2513 11038 bot 7 step 20
FT 665 10771 0 0 0 0 0 0 0 293 2529 11038 bot 0 step 0
FT 666 11290 44 0 0 0 0 0 0 284 2532 11038 bot 8 step 21
FT 667 11121 40 0 0 0 0 0 0 275 2532 11038 bot 8 step 19
FT 667 10846 0 0 0 0 0 0 0 275 2543 11038 bot 0 step 0
FT 668 11411 38 0 0 0 0 0 0 275 2542 11038 bot 7 step 19
FT 669 10972 44 0 0 0 0 0 0 282 2582 11038 bot 8 step 18
FT 669 10950 0 0 0 0 0 0 0 379 2540 11038 bot 0 step 0
FT 670 11351 42 0 0 0 0 0 0 349 2549 11038 bot 7 step 22
FT 671 11074 55 0 0 0 0 0 0 296 2533 11038 bot 7 step 16
FT 671 10990 0 0 0 0 0 0 0 331 2539 11038 bot 0 step 0
FT 672 11324 46 0 0 0 0 0 0 279 2535 11038 bot 7 step 24
FT 673 11081 41 0 0 0 0 0 0 270 2561 11038 bot 8 step 19
FT 673 11051 0 0 0 0 0 0 0 277 2559 11038 bot 0 step 0
FT 674 11232 36 0 0 0 0 0 0 331 2562 11038 bot 7 step 16
FT 675 10998 35 0 0 0 0 0 0 287 2571 11038 bot 6 step 16
FT 675 11136 0 0 0 0 0 0 0 416 2551 11038 bot 0 step 0
FT 676 10992 42 0 0 0 0 0 0 338 2535 11038 bot 6 step 24
FT 677 11160 41 0 0 0 0 0 0 303 2536 11038 bot 8 step 19
FT 677 11246 0 0 0 0 0 0 0 275 2565 11038 bot 0 step 0
FT 678 10962 40 0 0 0 0 0 0 277 2581 11038 bot 7 step 21
FT 679 11263 43 0 0 0 0 0 0 277 2592 11038 bot 7 step 21
FT 679 11058 0 0 0 0 0 0 0 277 2609 11038 bot 0 step 0
FT 680 10964 36 0 0 0 0 0 0 331 2601 11038 bot 7 step 17
FT 681 11478 59 0 0 0 0 0 0 331 2612 11038 bot 10 step 31
FT 681 10959 0 0 0 0 0 0 0 337 4649 11038 bot 0 step 0
FT 682 10868 42 0 0 0 0 0 0 421 3030 11038 bot 7 step 16
FT 683 11208 42 0 0 0 0 0 0 381 2542 11038 bot 8 step 20
FT 683 10978 0 0 0 0 0 0 0 284 2542 11038 bot 0 step 0
FT 684 11250 43 0 0 0 0 0 0 282 2539 11038 bot 8 step 21
FT 685 11178 41 0 0 0 0 0 0 286 2542 11038 bot 8 step 19
FT 685 11032 0 0 0 0 0 0 0 280 2549 11038 bot 0 step 0
FT 686 11172 36 0 0 0 0 0 0 273 2562 11038 bot 7 step 17
FT 687 11109 36 0 0 0 0 0 0 275 2571 11038 bot 6 step 18
FT 687 10871 0 0 0 0 0 0 0 358 2562 11038 bot 0 step 0
FT 688 11302 38 0 0 0 0 0 0 337 2572 11038 bot 7 step 18
FT 689 11187 36 0 0 0 0 0 0 293 2535 11038 bot 6 step 17
FT 689 11059 0 0 0 0 0 0 0 277 2545 11038 bot 0 step 0
FT 690 11125 63 0 0 0 0 0 0 280 2543 11038 bot 8 step 37
FT 691 11209 37 0 0 0 0 0 0 277 2542 11038 bot 6 step 19
FT 691 11189 0 0 0 0 0 0 0 277 2555 11038 bot 0 step 0
FT 692 10992 40 0 0 0 0 0 0 294 3855 11038 bot 7 step 19
FT 693 11046 36 0 0 0 0 0 0 1284 2572 11038 bot 6 step 16
FT 693 10819 0 0 0 0 0 0 0 476 2601 11038 bot 0 step 0
FT 694 19090 50 0 0 0 0 0 0 344 2569 11038 bot 9 step 21
FT 695 3413 42 0 0 0 0 0 0 317 2611 11038 bot 8 step 20
FT 695 10888 0 0 0 0 0 0 0 375 2539 11038 bot 0 step 0
FT 696 11511 44 0 0 0 0 0 0 279 2552 11038 bot 8 step 22
FT 697 11103 60 0 0 0 0 0 0 279 2556 11038 bot 7 step 20
FT 697 10943 0 0 0 0 0 0 0 300 2585 11038 bot 0 step 0
FT 698 11115 35 0 0 0 0 0 0 337 2578 11038 bot 7 step 16
FT 699 10826 41 0 0 0 0 0 0 277 2566 11038 bot 7 step 17
FT 699 11170 0 0 0 0 0 0 0 335 2559 11038 bot 0 step 0
FT 700 11354 35 0 0 0 0 0 0 277 2553 11038 bot 7 step 17
FT 701 11219 42 0 0 0 0 0 0 300 2549 11038 bot 8 step 19
FT 701 10924 0 0 0 0 0 0 0 287 2556 11038 bot 0 step 0
FT 702 11267 46 0 0 0 0 0 0 282 2555 11038 bot 8 step 25
FT 703 11027 42 0 0 0 0 0 0 284 2552 11038 bot 8 step 20
FT 703 10919 0 0 0 0 0 0 0 282 2565 11038 bot 0 step 0
FT 704 11322 36 0 0 0 0 0 0 282 2562 11038 bot 7 step 16
FT 705 11141 36 0 0 0 0 0 0 277 2588 11038 bot 7 step 16
FT 705 10842 0 0 0 0 0 0 0 331 2529 11038 bot 0 step 0
FT 706 11072 52 0 0 0 0 0 0 291 2552 11038 bot 7 step 27
FT 707 11221 35 0 0 0 0 0 0 301 2552 11038 bot 6 step 17
FT 707 11173 0 0 0 0 0 0 0 300 2569 11038 bot 0 step 0
FT 708 11229 54 0 0 0 0 0 0 280 2562 11038 bot 9 step 29
FT 709 11144 42 0 0 0 0 0 0 282 2551 11038 bot 7 step 21
FT 709 11066 0 0 0 0 0 0 0 277 2563 11038 bot 0 step 0
FT 710 11152 43 0 0 0 0 0 0 289 2571 11038 bot 7 step 23
FT 711 11064 36 0 0 0 0 0 0 344 2585 11038 bot 6 step 16
FT 711 10942 0 0 0 0 0 0 0 421 2542 11038 bot 0 step 0
FT 712 11126 36 0 0 0 0 0 0 340 2562 11038 bot 6 step 16
FT 713 11227 37 0 0 0 0 0 0 300 2555 11021 bot 7 step 17
FT 713 11031 0 0 0 0 0 0 0 291 2562 11021 bot 0 step 0
FT 714 11228 69 0 0 0 0 0 0 279 2615 11021 bot 24 step 29
FT 715 10986 36 0 0 0 0 0 0 273 2595 11021 bot 7 step 17
FT 715 11256 0 0 0 0 0 0 0 277 2611 11021 bot 0 step 0
FT 716 11123 36 0 0 0 0 0 0 280 2625 11021 bot 7 step 16
FT 717 10918 41 0 0 0 0 0 0 344 2628 11021 bot 6 step 22
FT 717 11235 0 0 0 0 0 0 0 395 2552 11021 bot 0 step 0
FT 718 11132 35 0 0 0 0 0 0 349 2569 11021 bot 6 step 16
FT 719 11032 36 0 0 0 0 0 0 280 2556 11021 bot 6 step 17
FT 719 11141 0 0 0 0 0 0 0 291 2542 11021 bot 0 step 0
FT 720 11193 44 0 0 0 0 0 0 280 2539 11021 bot 8 step 21
FT 721 11108 45 0 0 0 0 0 0 275 2588 11021 bot 8 step 22
FT 721 11107 0 0 0 0 0 0 0 303 2592 11021 bot 0 step 0
FT 722 11123 55 0 0 0 0 0 0 275 2565 11021 bot 7 step 16
FT 723 11029 35 0 0 0 0 0 0 277 2575 11021 bot 6 step 16
FT 723 11057 0 0 0 0 0 0 0 354 2601 11021 bot 0 step 0
FT 724 11138 37 0 0 0 0 0 0 305 2578 11021 bot 6 step 18
FT 725 11265 40 0 0 0 0 0 0 296 2578 11021 bot 7 step 18
FT 725 10837 0 0 0 0 0 0 0 280 2582 11021 bot 0 step 0
FT 726 11218 49 0 0 0 0 0 0 282 2578 11021 bot 8 step 20
FT 727 11231 41 0 0 0 0 0 0 279 2552 11021 bot 7 step 19
FT 727 11133 0 0 0 0 0 0 0 279 2542 11021 bot 0 step 0
FT 728 11101 35 0 0 0 0 0 0 287 2555 11021 bot 7 step 16
FT 729 11191 36 0 0 0 0 0 0 347 2549 11021 bot 7 step 17
FT 729 10780 0 0 0 0 0 0 0 400 2599 11021 bot 0 step 0
FT 730 11155 37 0 0 0 0 0 0 282 2588 11021 bot 7 step 17
FT 731 11225 42 0 0 0 0 0 0 303 2591 11021 bot 8 step 21
FT 731 11112 0 0 0 0 0 0 0 293 2592 11021 bot 0 step 0
FT 732 11140 59 0 0 0 0 0 0 279 2585 11021 bot 8 step 37
FT 733 11178 42 0 0 0 0 0 0 284 2588 11021 bot 8 step 20
FT 733 11075 0 0 0 0 0 0 0 280 2615 11021 bot 0 step 0
FT 734 11156 36 0 0 0 0 0 0 305 2611 11021 bot 7 step 17
FT 735 11060 35 0 0 0 0 0 0 300 2617 11021 bot 6 step 16
FT 735 10919 0 0 0 0 0 0 0 407 2535 11021 bot 0 step 0
FT 736 11192 39 0 0 0 0 0 0 301 2553 11021 bot 7 step 20
FT 737 11176 43 0 0 0 0 0 0 307 2561 11021 bot 8 step 20
FT 737 11109 0 0 0 0 0 0 0 303 2539 11021 bot 0 step 0
FT 738 11189 45 0 0 0 0 0 0 282 2538 11021 bot 8 step 23
FT 739 11115 47 0 0 0 0 0 0 280 2545 11021 bot 8 step 21
FT 739 11000 0 0 0 0 0 0 0 279 2540 11021 bot 0 step 0
FT 740 11239 36 0 0 0 0 0 0 286 2549 11021 bot 6 step 17
FT 741 11039 35 0 0 0 0 0 0 282 2565 11021 bot 6 step 17
FT 741 11007 0 0 0 0 0 0 0 395 2596 11021 bot 0 step 0
FT 742 11127 37 0 0 0 0 0 0 361 2551 11021 bot 7 step 17
FT 743 11061 36 0 0 0 0 0 0 307 2559 11021 bot 7 step 16
FT 743 11068 0 0 0 0 0 0 0 284 2535 11021 bot 0 step 0
FT 744 11260 41 0 0 0 0 0 0 361 2520 11021 bot 7 step 19
FT 745 11244 42 0 0 0 0 0 0 287 2535 11021 bot 7 step 20
FT 745 10889 0 0 0 0 0 0 0 284 2530 11021 bot 0 step 0
FT 746 11116 41 0 0 0 0 0 0 287 2536 11021 bot 11 step 18
FT 747 11214 37 0 0 0 0 0 0 282 2552 11021 bot 7 step 18
FT 747 10885 0 0 0 0 0 0 0 284 2546 11021 bot 0 step 0
FT 748 11220 57 0 0 0 0 0 0 368 2539 11021 bot 7 step 17
FT 749 11037 50 0 0 0 0 0 0 298 2549 11021 bot 9 step 20
FT 749 11045 0 0 0 0 0 0 0 287 2529 11021 bot 0 step 0
FT 750 11389 69 0 0 0 0 0 0 310 2536 11021 bot 8 step 47
FT 751 11180 45 0 0 0 0 0 0 298 2529 11021 bot 8 step 22
FT 751 11010 0 0 0 0 0 0 0 284 2543 11021 bot 0 step 0
FT 752 11175 36 0 0 0 0 0 0 289 2571 11021 bot 7 step 16
FT 753 11140 35 0 0 0 0 0 0 323 2546 11021 bot 6 step 17
FT 753 10995 0 0 0 0 0 0 0 374 2568 11021 bot 0 step 0
FT 754 11094 36 0 0 0 0 0 0 381 2565 11021 bot 7 step 18
FT 755 11027 36 0 0 0 0 0 0 291 2573 11021 bot 7 step 16
FT 755 11219 0 0 0 0 0 0 0 282 2542 11021 bot 0 step 0
FT 756 11192 43 0 0 0 0 0 0 282 2532 11021 bot 7 step 19
FT 757 11148 41 0 0 0 0 0 0 284 2572 11021 bot 7 step 20
FT 757 11058 0 0 0 0 0 0 0 280 2565 11021 bot 0 step 0
FT 758 11180 37 0 0 0 0 0 0 284 2542 11021 bot 7 step 17
FT 759 11054 40 0 0 0 0 0 0 298 2562 11021 bot 7 step 16
FT 759 10991 0 0 0 0 0 0 0 345 2559 11021 bot 0 step 0
FT 760 11145 40 0 0 0 0 0 0 463 2542 11021 bot 7 step 19
FT 761 11159 35 0 0 0 0 0 0 287 2526 11021 bot 7 step 16
FT 761 11031 0 0 0 0 0 0 0 284 2545 11021 bot 0 step 0
FT 762 11192 59 0 0 0 0 0 0 289 2539 11021 bot 8 step 34
FT 763 10973 40 0 0 0 0 0 0 289 2546 11021 bot 6 step 21
FT 763 11227 0 0 0 0 0 0 0 284 2539 11021 bot 0 step 0
FT 764 11201 35 0 0 0 0 0 0 282 2542 11021 bot 6 step 16
FT 765 11049 40 0 0 0 0 0 0 282 2546 11021 bot 11 step 16
FT 765 11013 0 0 0 0 0 0 0 379 2545 11021 bot 0 step 0
FT 766 11192 37 0 0 0 0 0 0 305 2529 11021 bot 7 step 18
FT 767 11111 36 0 0 0 0 0 0 310 2536 11021 bot 6 step 16
FT 767 10987 0 0 0 0 0 0 0 291 2563 11021 bot 0 step 0
FT 768 11297 43 0 0 0 0 0 0 287 2539 11021 bot 8 step 20
FT 769 11075 45 0 0 0 0 0 0 289 2539 11021 bot 8 step 22
FT 769 11063 0 0 0 0 0 0 0 282 2555 11021 bot 0 step 0
FT 770 11243 35 0 0 0 0 0 0 284 2533 11021 bot 6 step 16
FT 771 11005 35 0 0 0 0 0 0 282 2552 11021 bot 6 step 16
FT 771 10927 0 0 0 0 0 0 0 382 2543 11021 bot 0 step 0
FT 772 11297 35 0 0 0 0 0 0 303 2556 11021 bot 6 step 16
FT 773 11132 36 0 0 0 0 0 0 319 2539 10961 bot 7 step 17
FT 773 11115 0 0 0 0 0 0 0 287 2548 10961 bot 0 step 0
FT 774 11166 73 0 0 0 0 0 0 282 2542 10961 bot 8 step 22
FT 775 11087 42 0 0 0 0 0 0 284 2555 10961 bot 8 step 19
FT 775 10819 0 0 0 0 0 0 0 284 2565 10961 bot 0 step 0
FT 776 11335 47 0 0 0 0 0 0 370 2572 10961 bot 7 step 24
FT 777 11210 36 0 0 0 0 0 0 287 2542 10961 bot 7 step 17
FT 777 10812 0 0 0 0 0 0 0 354 2555 10961 bot 0 step 0
FT 778 11300 36 0 0 0 0 0 0 321 2555 10961 bot 7 step 16
FT 779 10970 36 0 0 0 0 0 0 347 2540 10961 bot 7 step 17
FT 779 11120 0 0 0 0 0 0 0 284 2536 10961 bot 0 step 0
FT 780 11229 44 0 0 0 0 0 0 291 2529 10961 bot 8 step 20
FT 781 11227 45 0 0 0 0 0 0 282 2545 10961 bot 8 step 22
FT 781 11036 0 0 0 0 0 0 0 287 2546 10961 bot 0 step 0
FT 782 11171 36 0 0 0 0 0 0 293 2552 10961 bot 7 step 16
FT 783 11162 36 0 0 0 0 0 0 282 2594 10961 bot 7 step 17
FT 783 10813 0 0 0 0 0 0 0 368 2562 10961 bot 0 step 0
FT 784 11250 42 0 0 0 0 0 0 395 2569 10961 bot 8 step 19
FT 785 10976 37 0 0 0 0 0 0 312 2576 10961 bot 7 step 18
FT 785 11098 0 0 0 0 0 0 0 284 2563 10961 bot 0 step 0
FT 786 11142 49 0 0 0 0 0 0 280 2592 10961 bot 8 step 21
FT 787 11234 44 0 0 0 0 0 0 287 2592 10961 bot 9 step 21
FT 787 11083 0 0 0 0 0 0 0 284 2594 10961 bot 0 step 0
FT 788 11143 42 0 0 0 0 0 0 284 2584 10961 bot 8 step 21
FT 789 11179 35 0 0 0 0 0 0 282 2598 10961 bot 6 step 16
FT 789 10830 0 0 0 0 0 0 0 326 2602 10961 bot 0 step 0
FT 790 11281 43 0 2197 1 0 0 0 361 2607 10961 bot 7 step 17
FT 791 10970 41 0 0 0 0 0 0 381 2559 10961 bot 7 step 21
FT 791 11179 0 0 0 0 0 0 0 287 2552 10961 bot 0 step 0
FT 792 11199 42 0 0 0 0 0 0 358 2545 10961 bot 8 step 20
FT 793 11322 42 0 0 0 0 0 0 291 2543 10961 bot 8 step 20
FT 793 10937 0 0 0 0 0 0 0 291 2562 10961 bot 0 step 0
FT 794 10991 36 0 0 0 0 0 0 310 2562 10961 bot 7 step 17
FT 795 11101 37 0 0 0 0 0 0 282 2549 10961 bot 7 step 18
FT 795 11018 0 0 0 0 0 0 0 282 2578 10961 bot 0 step 0
FT 796 11278 37 0 0 0 0 0 0 308 2572 10961 bot 7 step 18
FT 797 10934 38 0 0 0 0 0 0 351 2549 10961 bot 7 step 17
FT 797 11156 0 0 0 0 0 0 0 284 2555 10961 bot 0 step 0
FT 798 11291 42 0 0 0 0 0 0 305 2572 10961 bot 8 step 20
FT 799 11230 67 0 0 0 0 0 0 282 2553 10961 bot 8 step 22
FT 799 10999 0 0 0 0 0 0 0 282 2559 10961 bot 0 step 0
FT 800 11146 38 0 0 0 0 0 0 287 2566 10961 bot 8 step 17
FT 801 11149 35 0 0 0 0 0 0 284 2579 10961 bot 7 step 17
FT 801 10948 0 0 0 0 0 0 0 347 2569 10961 bot 0 step 0
FT 802 11200 38 0 0 0 0 0 0 377 2595 10961 bot 7 step 18
FT 803 10976 35 0 0 0 0 0 0 301 2598 10961 bot 7 step 16
FT 803 11061 0 0 0 0 0 0 0 280 2579 10961 bot 0 step 0
FT 804 11288 42 0 0 0 0 0 0 280 2565 10961 bot 7 step 20
FT 805 11214 42 0 0 0 0 0 0 296 2562 10961 bot 8 step 20
FT 805 10998 0 0 0 0 0 0 0 286 2555 10961 bot 0 step 0
FT 806 11178 42 0 0 0 0 0 0 284 2568 10961 bot 8 step 20
FT 807 11124 35 0 0 0 0 0 0 284 2563 10961 bot 7 step 16
FT 807 10927 0 0 0 0 0 0 0 326 2572 10961 bot 0 step 0
FT 808 11228 35 0 0 0 0 0 0 448 2546 10961 bot 7 step 16
FT 809 11261 36 0 0 0 0 0 0 307 2545 10961 bot 6 step 18
FT 809 10870 0 0 0 0 0 0 0 279 2558 10961 bot 0 step 0
FT 810 11093 37 0 0 0 0 0 0 286 2561 10961 bot 7 step 17
FT 811 11247 49 0 0 0 0 0 0 286 2549 10961 bot 8 step 27
FT 811 11042 0 0 0 0 0 0 0 289 2558 10961 bot 0 step 0
FT 812 11184 38 0 0 0 0 0 0 284 2551 10961 bot 8 step 17
FT 813 11124 39 0 0 0 0 0 0 287 2578 10961 bot 8 step 19
FT 813 10967 0 0 0 0 0 0 0 331 2582 10961 bot 0 step 0
FT 814 11059 44 0 0 0 0 0 0 379 2561 10961 bot 7 step 18
FT 815 11195 36 0 0 0 0 0 0 307 2539 10961 bot 6 step 17
FT 815 10971 0 0 0 0 0 0 0 291 2555 10961 bot 0 step 0
FT 816 11168 62 0 0 0 0 0 0 286 2568 10961 bot 12 step 29
FT 817 11291 43 0 0 0 0 0 0 310 2559 10961 bot 8 step 20
FT 817 11016 0 0 0 0 0 0 0 282 2562 10961 bot 0 step 0
FT 818 11227 40 0 0 0 0 0 0 289 2565 10961 bot 6 step 21
FT 819 11032 36 0 0 0 0 0 0 286 2631 10961 bot 7 step 16
FT 819 10881 0 0 0 0 0 0 0 370 2575 10961 bot 0 step 0
FT 820 11296 38 0 0 0 0 0 0 342 2572 10961 bot 8 step 17
FT 821 11141 36 0 0 0 0 0 0 293 2565 10961 bot 6 step 17
FT 821 10987 0 0 0 0 0 0 0 300 2558 10961 bot 0 step 0
FT 822 11100 49 0 0 0 0 0 0 282 2568 10961 bot 9 step 20
FT 823 11327 41 0 0 0 0 0 0 289 2578 10961 bot 8 step 20
FT 823 11006 0 0 0 0 0 0 0 287 2571 10961 bot 0 step 0
FT 824 11233 35 0 0 0 0 0 0 307 2576 10961 bot 7 step 16
FT 825 11052 55 0 0 0 0 0 0 284 2598 10961 bot 6 step 17
FT 825 11091 0 0 0 0 0 0 0 375 2594 10961 bot 0 step 0
FT 826 11155 42 0 0 0 0 0 0 347 2561 10961 bot 7 step 22
FT 827 10936 35 0 0 0 0 0 0 305 2569 10961 bot 7 step 16
FT 827 11105 0 0 0 0 0 0 0 286 2578 10961 bot 0 step 0
FT 828 11220 40 0 0 0 0 0 0 284 2562 10961 bot 8 step 18
FT 829 19564 51 0 0 0 0 0 0 284 2578 10961 bot 7 step 25
FT 829 2555 0 0 0 0 0 0 0 291 2566 10961 bot 0 step 0
FT 830 11151 48 0 0 0 0 0 0 289 2571 10961 bot 8 step 20
FT 831 11219 33 0 0 0 0 0 0 275 2579 10961 bot 7 step 15
FT 831 10918 0 0 0 0 0 0 0 279 2601 10961 bot 0 step 0
FT 832 11147 34 0 0 0 0 0 0 370 2585 10961 bot 7 step 15
FT 833 11126 35 0 0 0 0 0 0 367 2618 11027 bot 7 step 15
FT 833 11093 0 0 0 0 0 0 0 301 2582 11027 bot 0 step 0
FT 834 11187 42 0 0 0 0 0 0 284 2568 11027 bot 8 step 18
FT 835 11192 40 0 0 0 0 0 0 296 2576 11027 bot 9 step 18
FT 835 11002 0 0 0 0 0 0 0 284 2573 11027 bot 0 step 0
FT 836 11232 33 0 0 0 0 0 0 284 2581 11027 bot 6 step 15
FT 837 11089 33 0 0 0 0 0 0 282 2579 11027 bot 6 step 14
FT 837 10791 0 0 0 0 0 0 0 324 2592 11027 bot 0 step 0
FT 838 11305 41 0 0 0 0 0 0 375 2588 11027 bot 7 step 16
FT 839 11017 35 0 0 0 0 0 0 280 2566 11027 bot 6 step 15
FT 839 11190 0 0 0 0 0 0 0 300 2575 11027 bot 0 step 0
FT 840 11288 54 0 0 0 0 0 0 301 2569 11027 bot 7 step 18
FT 841 11243 42 0 0 0 0 0 0 291 2582 11027 bot 7 step 20
FT 841 10919 0 0 0 0 0 0 0 349 2589 11027 bot 0 step 0
FT 842 10977 37 0 0 0 0 0 0 354 2569 11027 bot 6 step 17
FT 843 11183 41 0 0 0 0 0 0 282 2571 11027 bot 6 step 21
FT 843 10964 0 0 0 0 0 0 0 280 2598 11027 bot 0 step 0
FT 844 11392 35 0 0 0 0 0 0 360 2588 11027 bot 6 step 16
FT 845 10905 34 0 0 0 0 0 0 321 2612 11027 bot 7 step 15
FT 845 11201 0 0 0 0 0 0 0 277 2601 11027 bot 0 step 0
FT 846 11148 39 0 0 0 0 0 0 284 2618 11027 bot 7 step 18
FT 847 11141 70 0 0 0 0 0 0 280 2625 11027 bot 7 step 48
FT 847 11085 0 0 0 0 0 0 0 280 2624 11027 bot 0 step 0
FT 848 11188 36 0 0 0 0 0 0 282 2627 11027 bot 6 step 17
FT 849 11361 295 0 0 0 0 0 0 284 2625 11027 bot 6 step 18
FT 849 10714 0 0 0 0 0 0 0 349 2609 11027 bot 0 step 0
FT 850 11177 35 0 0 0 0 0 0 477 2559 11027 bot 6 step 17
FT 851 10992 35 0 0 0 0 0 0 298 2562 11027 bot 6 step 17
FT 851 11176 0 0 0 0 0 0 0 282 2573 11027 bot 0 step 0
FT 852 11180 42 0 0 0 0 0 0 282 2566 11027 bot 7 step 21
FT 853 10917 37 0 0 0 0 0 0 284 2569 11027 bot 6 step 18
FT 853 11359 0 0 0 0 0 0 0 282 2562 11027 bot 0 step 0
FT 854 11140 36 0 0 0 0 0 0 284 2585 11027 bot 6 step 17
FT 855 10919 41 0 0 0 0 0 0 282 2601 11027 bot 6 step 22
FT 855 11166 0 0 0 0 0 0 0 363 2614 11027 bot 0 step 0
FT 856 11137 40 0 0 0 0 0 0 365 2576 11027 bot 6 step 20
FT 857 11039 37 0 0 0 0 0 0 381 2572 11027 bot 7 step 18
FT 857 10994 0 0 0 0 0 0 0 286 2559 11027 bot 0 step 0
FT 858 11110 45 0 0 0 0 0 0 286 2562 11027 bot 7 step 20
FT 859 11082 48 0 0 0 0 0 0 284 2565 11027 bot 7 step 23
FT 859 11330 0 0 0 0 0 0 0 284 2563 11027 bot 0 step 0
FT 860 11169 41 0 0 0 0 0 0 300 2585 11027 bot 7 step 21
FT 861 11096 42 0 0 0 0 0 0 280 2591 11027 bot 6 step 23
FT 861 11118 0 0 0 0 0 0 0 351 2579 11027 bot 0 step 0
FT 862 11097 37 0 0 0 0 0 0 358 2605 11027 bot 6 step 18
FT 863 10970 37 0 0 0 0 0 0 462 2619 11027 bot 6 step 19
FT 863 11096 0 0 0 0 0 0 0 284 2573 11027 bot 0 step 0
FT 864 11227 44 0 0 0 0 0 0 286 2622 11027 bot 7 step 22
FT 865 11134 47 0 0 0 0 0 0 300 2615 11027 bot 7 step 25
FT 865 11097 0 0 0 0 0 0 0 284 2625 11027 bot 0 step 0
FT 866 11142 45 0 0 0 0 0 0 277 2596 11027 bot 7 step 22
FT 867 11159 41 0 0 0 0 0 0 282 2608 11027 bot 7 step 23
FT 867 10974 0 0 0 0 0 0 0 298 2630 11027 bot 0 step 0
FT 868 11092 45 0 0 0 0 0 0 374 2595 11027 bot 7 step 20
FT 869 11101 37 0 0 0 0 0 0 356 2608 11027 bot 6 step 18
FT 869 11040 0 0 0 0 0 0 0 296 2617 11027 bot 0 step 0
FT 870 11117 50 0 0 0 0 0 0 282 2624 11027 bot 7 step 22
FT 871 11409 43 0 0 0 0 0 0 338 2631 11027 bot 6 step 22
FT 871 10939 0 0 0 0 0 0 0 287 2635 11027 bot 0 step 0
FT 872 11147 46 0 0 0 0 0 0 347 2622 11027 bot 7 step 26
FT 873 11139 36 0 0 0 0 0 0 301 2653 11027 bot 6 step 17
FT 873 10996 0 0 0 0 0 0 0 342 2631 11027 bot 0 step 0
FT 874 11129 56 0 0 0 0 0 0 351 2637 11027 bot 6 step 19
FT 875 11032 36 0 0 0 0 0 0 324 2572 11027 bot 6 step 18
FT 875 11135 0 0 0 0 0 0 0 294 2562 11027 bot 0 step 0
FT 876 11237 47 0 0 0 0 0 0 289 2608 11027 bot 7 step 26
FT 877 11107 43 0 0 0 0 0 0 291 2586 11027 bot 7 step 22
FT 877 11054 0 0 0 0 0 0 0 282 2553 11027 bot 0 step 0
FT 878 11293 36 0 0 0 0 0 0 296 2641 11027 bot 6 step 18
FT 879 11045 41 0 0 0 0 0 0 286 2602 11027 bot 7 step 22
FT 879 10833 0 0 0 0 0 0 0 363 2621 11027 bot 0 step 0
FT 880 11330 38 0 0 0 0 0 0 402 2619 11027 bot 6 step 19
FT 881 11109 42 0 0 0 0 0 0 321 2592 11027 bot 6 step 23
FT 881 10917 0 0 0 0 0 0 0 289 2592 11027 bot 0 step 0
FT 882 11185 35 0 0 0 0 0 0 286 2601 11027 bot 6 step 17
FT 883 11274 44 0 0 0 0 0 0 291 2609 11027 bot 8 step 22
FT 883 10886 0 0 0 0 0 0 0 284 2634 11027 bot 0 step 0
FT 884 11313 42 0 0 0 0 0 0 282 2624 11027 bot 7 step 21
FT 885 11066 42 0 0 0 0 0 0 282 2630 11027 bot 7 step 21
FT 885 10920 0 0 0 0 0 0 0 333 2638 11027 bot 0 step 0
FT 886 11318 38 0 0 0 0 0 0 300 2605 11027 bot 6 step 19
FT 887 11062 37 0 0 0 0 0 0 294 2602 11027 bot 7 step 18
FT 887 10954 0 0 0 0 0 0 0 282 2605 11027 bot 0 step 0
FT 888 11259 43 0 0 0 0 0 0 310 2604 11027 bot 7 step 21
FT 889 11357 45 0 0 0 0 0 0 291 2605 11027 bot 7 step 24
FT 889 10969 0 0 0 0 0 0 0 284 2622 11027 bot 0 step 0
FT 890 10905 36 0 0 0 0 0 0 307 2621 11027 bot 6 step 19
FT 891 11083 36 0 0 0 0 0 0 303 2604 11027 bot 6 step 17
FT 891 11008 0 0 0 0 0 0 0 279 2601 11027 bot 0 step 0
FT 892 11436 36 0 0 0 0 0 0 284 2601 11027 bot 6 step 17
FT 893 10934 35 0 0 0 0 0 0 293 2599 11064 bot 6 step 17
FT 893 10983 0 0 0 0 0 0 0 280 2601 11064 bot 0 step 0
FT 894 11288 42 0 0 0 0 0 0 282 2605 11064 bot 7 step 20
FT 895 11137 47 0 0 0 0 0 0 284 2608 11064 bot 7 step 20
FT 895 11129 0 0 0 0 0 0 0 289 2607 11064 bot 0 step 0
FT 896 11229 41 0 0 0 0 0 0 282 2617 11064 bot 7 step 21
FT 897 11020 41 0 0 0 0 0 0 282 2630 11064 bot 7 step 20
FT 897 11053 0 0 0 0 0 0 0 351 2631 11064 bot 0 step 0
FT 898 11146 56 0 0 0 0 0 0 347 2621 11064 bot 6 step 18
FT 899 11131 38 0 0 0 0 0 0 356 2611 11064 bot 6 step 20
FT 899 11058 0 0 0 0 0 0 0 291 2618 11064 bot 0 step 0
FT 900 11076 43 0 0 0 0 0 0 301 2618 11064 bot 7 step 22
FT 901 11267 46 0 0 0 0 0 0 296 2607 11064 bot 7 step 25
FT 901 10999 0 0 0 0 0 0 0 287 2611 11064 bot 0 step 0
FT 902 11242 46 0 0 0 0 0 0 289 2622 11064 bot 8 step 23
FT 903 11127 37 0 0 0 0 0 0 277 2640 11064 bot 6 step 19
FT 903 11027 0 0 0 0 0 0 0 358 2625 11064 bot 0 step 0
FT 904 11125 39 0 0 0 0 0 0 391 2625 11064 bot 6 step 20
FT 905 11171 38 0 0 0 0 0 0 412 2618 11064 bot 7 step 18
FT 905 10831 0 0 0 0 0 0 0 289 2611 11064 bot 0 step 0
FT 906 11173 36 0 0 0 0 0 0 298 2605 11064 bot 6 step 18
FT 907 11217 43 0 0 0 0 0 0 286 2607 11064 bot 7 step 22
FT 907 10924 0 0 0 0 0 0 0 284 2604 11064 bot 0 step 0
FT 908 11278 60 0 0 0 0 0 0 280 2615 11064 bot 7 step 27
FT 909 11214 43 0 0 0 0 0 0 282 2601 11064 bot 7 step 23
FT 909 11026 0 0 0 0 0 0 0 284 2618 11064 bot 0 step 0
FT 910 11176 36 0 0 0 0 0 0 363 2608 11064 bot 6 step 19
FT 911 10998 36 0 0 0 0 0 0 301 2611 11064 bot 6 step 18
FT 911 11192 0 0 0 0 0 0 0 291 2614 11064 bot 0 step 0
FT 912 11084 43 0 0 0 0 0 0 289 2605 11064 bot 7 step 22
FT 913 11214 42 0 0 0 0 0 0 286 2604 11064 bot 7 step 21
FT 913 11040 0 0 0 0 0 0 0 282 2601 11064 bot 0 step 0
FT 914 10933 36 0 0 0 0 0 0 282 2615 11064 bot 6 step 18
FT 915 11237 49 0 0 0 0 0 0 282 2615 11064 bot 7 step 22
FT 915 11081 0 0 0 0 0 0 0 282 2607 11064 bot 0 step 0
FT 916 11227 37 0 0 0 0 0 0 300 2614 11064 bot 6 step 19
FT 917 11070 36 0 0 0 0 0 0 333 2661 11064 bot 6 step 18
FT 917 10952 0 0 0 0 0 0 0 282 2668 11064 bot 0 step 0
FT 918 11227 41 0 0 0 0 0 0 284 2664 11064 bot 7 step 21
FT 919 11100 49 0 0 0 0 0 0 291 2657 11064 bot 7 step 24
FT 919 10947 0 0 0 0 0 0 0 280 2645 11064 bot 0 step 0
FT 920 11401 89 0 0 0 0 0 0 356 2650 11064 bot 7 step 69
FT 921 11008 41 0 0 0 0 0 0 287 2671 11064 bot 7 step 21
FT 921 11076 0 0 0 0 0 0 0 374 2651 11064 bot 0 step 0
FT 922 11211 57 0 0 0 0 0 0 296 2658 11064 bot 7 step 18
FT 923 10933 38 0 0 0 0 0 0 344 2654 11064 bot 6 step 19
FT 923 11052 0 0 0 0 0 0 0 286 2637 11064 bot 0 step 0
FT 924 11240 44 0 0 0 0 0 0 284 2630 11064 bot 7 step 23
FT 925 11247 68 0 0 0 0 0 0 286 2611 11064 bot 8 step 26
FT 925 11096 0 0 0 0 0 0 0 291 2601 11064 bot 0 step 0
FT 926 11153 44 0 0 0 0 0 0 296 2605 11064 bot 8 step 22
FT 927 11006 47 0 0 0 0 0 0 280 2644 11064 bot 7 step 26
FT 927 11149 0 0 0 0 0 0 0 340 2635 11064 bot 0 step 0
FT 928 11061 37 0 0 0 0 0 0 324 2631 11064 bot 7 step 18
FT 929 11143 38 0 0 0 0 0 0 368 2638 11064 bot 7 step 19
FT 929 10967 0 0 0 0 0 0 0 286 2641 11064 bot 0 step 0
FT 930 11238 44 0 0 0 0 0 0 282 2612 11064 bot 7 step 23
FT 931 11131 66 0 0 0 0 0 0 307 2630 11064 bot 26 step 25
FT 931 11111 0 0 0 0 0 0 0 287 2628 11064 bot 0 step 0
FT 932 11219 44 0 0 0 0 0 0 284 2644 11064 bot 7 step 22
FT 933 11013 39 0 0 0 0 0 0 286 2648 11064 bot 7 step 19
FT 933 11130 0 0 0 0 0 0 0 356 2661 11064 bot 0 step 0
FT 934 11133 37 0 0 0 0 0 0 331 2651 11064 bot 6 step 19
FT 935 11110 37 0 0 0 0 0 0 510 2654 11064 bot 6 step 18
FT 935 10942 0 0 0 0 0 0 0 284 2640 11064 bot 0 step 0
FT 936 11139 40 0 0 0 0 0 0 289 2651 11064 bot 6 step 21
FT 937 11423 64 0 0 0 0 0 0 384 2638 11064 bot 8 step 41
FT 937 10907 0 0 0 0 0 0 0 286 2678 11064 bot 0 step 0
FT 938 10996 69 0 0 0 0 0 0 352 2654 11064 bot 6 step 32
FT 939 11064 40 0 0 0 0 0 0 293 2674 11064 bot 6 step 22
FT 939 10965 0 0 0 0 0 0 0 418 2663 11064 bot 0 step 0
FT 940 11371 41 0 0 0 0 0 0 331 2638 11064 bot 6 step 21
FT 941 11288 39 0 0 0 0 0 0 314 2598 11064 bot 6 step 21
FT 941 10835 0 0 0 0 0 0 0 291 2595 11064 bot 0 step 0
FT 942 11354 73 0 0 0 0 0 0 293 2611 11064 bot 7 step 49
FT 943 10859 39 0 0 0 0 0 0 324 2598 11064 bot 6 step 20
FT 943 11307 0 0 0 0 0 0 0 291 2618 11064 bot 0 step 0
FT 944 11179 43 0 0 0 0 0 0 287 2582 11064 bot 8 step 22
FT 945 11033 38 0 0 0 0 0 0 284 2611 11064 bot 6 step 19
FT 945 10921 0 0 0 0 0 0 0 367 2605 11064 bot 0 step 0
FT 946 11243 60 0 0 0 0 0 0 412 2589 11064 bot 7 step 21
FT 947 10884 44 0 0 0 0 0 0 308 2595 11064 bot 7 step 19
FT 947 11102 0 0 0 0 0 0 0 284 2588 11064 bot 0 step 0
FT 948 11216 43 0 0 0 0 0 0 293 2599 11064 bot 7 step 22
FT 949 11168 45 15 0 0 0 0 0 289 2586 11064 bot 7 step 24
FT 949 11159 0 0 0 0 0 0 0 298 2595 11064 bot 0 step 0
FT 950 11272 41 0 0 0 0 0 0 284 2595 11064 bot 7 step 20
FT 951 11046 36 0 0 0 0 0 0 284 2601 11064 bot 6 step 18
FT 951 10785 0 0 0 0 0 0 0 377 2614 11064 bot 0 step 0
FT 952 11402 42 0 0 0 0 0 0 483 2588 11064 bot 6 step 23
FT 953 11189 42 0 0 0 0 0 0 372 2581 11004 bot 6 step 23
FT 953 10922 0 0 0 0 0 0 0 289 2578 11004 bot 0 step 0
FT 954 11008 37 0 0 0 0 0 0 287 2586 11004 bot 6 step 19
FT 955 11204 37 0 0 0 0 0 0 323 2579 11004 bot 6 step 18
FT 955 11150 0 0 0 0 0 0 0 289 2573 11004 bot 0 step 0
FT 956 11214 42 0 0 0 0 0 0 287 2584 11004 bot 7 step 21
FT 957 11072 38 0 0 0 0 0 0 284 2585 11004 bot 7 step 18
FT 957 11030 0 0 0 0 0 0 0 337 2605 11004 bot 0 step 0
FT 958 11148 37 0 0 0 0 0 0 351 2598 11004 bot 6 step 18
FT 959 11204 36 0 0 0 0 0 0 358 2575 11004 bot 6 step 18
FT 959 10874 0 0 0 0 0 0 0 289 2575 11004 bot 0 step 0
FT 960 11235 38 0 0 0 0 0 0 293 2588 11004 bot 6 step 20
FT 961 11156 72 0 0 0 0 0 0 324 2595 11004 bot 7 step 50
FT 961 10992 0 0 0 0 0 0 0 293 2601 11004 bot 0 step 0
FT 962 11211 42 0 0 0 0 0 0 284 2609 11004 bot 7 step 21
FT 963 11113 42 0 0 0 0 0 0 282 2595 11004 bot 7 step 21
FT 963 19042 0 0 0 0 0 0 0 305 2596 11004 bot 0 step 0
FT 964 3045 39 0 0 0 0 0 0 324 2592 11004 bot 6 step 20
FT 965 11201 37 0 0 0 0 0 0 358 2599 11004 bot 7 step 18
FT 965 10946 0 0 0 0 0 0 0 326 2601 11004 bot 0 step 0
FT 966 11139 51 0 0 0 0 0 0 296 2625 11004 bot 7 step 24
FT 967 11401 44 0 0 0 0 0 0 298 2634 11004 bot 7 step 23
FT 967 11122 0 0 0 0 0 0 0 300 2621 11004 bot 0 step 0
FT 968 11183 40 0 0 0 0 0 0 308 2630 11004 bot 7 step 21
FT 969 11051 37 0 0 0 0 0 0 337 2647 11004 bot 7 step 18
FT 969 10809 0 0 0 0 0 0 0 405 2624 11004 bot 0 step 0
FT 970 11308 37 0 0 0 0 0 0 365 2595 11004 bot 6 step 18
FT 971 11044 55 0 0 0 0 0 0 317 2569 11004 bot 6 step 17
FT 971 10972 0 0 0 0 0 0 0 289 2592 11004 bot 0 step 0
FT 972 11243 45 0 0 0 0 0 0 293 2559 11004 bot 9 step 21
FT 973 11181 68 0 0 0 0 0 0 289 2582 11004 bot 7 step 47
FT 973 10969 0 0 0 0 0 0 0 300 2572 11004 bot 0 step 0
FT 974 11270 47 0 0 0 0 0 0 293 2581 11004 bot 8 step 26
FT 975 11118 42 0 0 0 0 0 0 284 2569 11004 bot 8 step 20
FT 975 10921 0 0 0 0 0 0 0 296 2592 11004 bot 0 step 0
FT 976 11282 37 0 0 0 0 0 0 358 2586 11004 bot 7 step 19
FT 977 11138 35 0 0 0 0 0 0 342 2582 11004 bot 6 step 18
FT 977 10861 0 0 0 0 0 0 0 291 2565 11004 bot 0 step 0
FT 978 11197 42 0 0 0 0 0 0 293 2572 11004 bot 7 step 21
FT 979 11244 67 0 0 0 0 0 0 286 2576 11004 bot 7 step 46
FT 979 11078 0 0 0 0 0 0 0 287 2578 11004 bot 0 step 0
FT 980 11194 43 0 0 0 0 0 0 287 2578 11004 bot 7 step 22
FT 981 11044 42 0 0 0 0 0 0 284 2588 11004 bot 7 step 21
FT 981 10862 0 0 0 0 0 0 0 358 2582 11004 bot 0 step 0
FT 982 11268 43 0 0 0 0 0 0 356 2569 11004 bot 6 step 19
FT 983 11184 38 0 0 0 0 0 0 303 2576 11004 bot 6 step 19
FT 983 10882 0 0 0 0 0 0 0 314 2578 11004 bot 0 step 0
FT 984 11263 37 0 0 0 0 0 0 370 2568 11004 bot 6 step 19
FT 985 11269 51 0 0 0 0 0 0 289 2569 11004 bot 7 step 29
FT 985 11030 0 0 0 0 0 0 0 287 2578 11004 bot 0 step 0
FT 986 11029 37 0 0 0 0 0 0 287 2581 11004 bot 6 step 19
FT 987 11054 38 0 0 0 0 0 0 284 2568 11004 bot 7 step 18
FT 987 11049 0 0 0 0 0 0 0 284 2572 11004 bot 0 step 0
FT 988 11371 36 0 0 0 0 0 0 282 2578 11004 bot 6 step 17
FT 989 11103 36 0 0 0 0 0 0 319 2638 11004 bot 6 step 18
FT 989 10866 0 0 0 0 0 0 0 284 2612 11004 bot 0 step 0
FT 990 11236 50 0 0 0 0 0 0 291 2618 11004 bot 7 step 23
FT 991 11157 39 0 0 0 0 0 0 324 2621 11004 bot 6 step 19
FT 991 11140 0 0 0 0 0 0 0 282 2611 11004 bot 0 step 0
FT 992 11242 91 0 0 0 0 0 0 282 2630 11004 bot 7 step 65
FT 993 12924 1941 0 0 0 0 0 0 286 2637 11004 bot 1911 step 17
FT 993 9057 0 0 0 0 0 0 0 358 2628 11004 bot 0 step 0
FT 994 11300 41 0 0 0 0 0 0 395 2625 11004 bot 8 step 19
FT 995 11040 37 0 0 0 0 0 0 300 2625 11004 bot 6 step 18
FT 995 10884 0 0 0 0 0 0 0 289 2625 11004 bot 0 step 0
FT 996 11155 63 0 0 0 0 0 0 287 2618 11004 bot 7 step 34
FT 997 11147 59 0 0 0 0 0 0 286 2602 11004 bot 6 step 22
FT 997 11046 0 0 0 0 0 0 0 298 2621 11004 bot 0 step 0
FT 998 11311 44 0 0 0 0 0 0 289 2585 11004 bot 7 step 22
FT 999 11162 43 0 0 0 0 0 0 282 2591 11004 bot 8 step 23
FT 999 10914 0 0 0 0 0 0 0 307 2588 11004 bot 0 step 0
FT 1000 11344 36 0 0 0 0 0 0 435 2595 11004 bot 6 step 18
FT 1001 10908 53 0 0 0 0 0 0 349 2571 11004 bot 8 step 27
FT 1001 11070 0 0 0 0 0 0 0 287 2572 11004 bot 0 step 0
FT 1002 11172 37 0 0 0 0 0 0 286 2571 11004 bot 7 step 18
FT 1003 11071 39 0 0 0 0 0 0 284 2546 11004 bot 6 step 18
FT 1003 11014 0 0 0 0 0 0 0 298 2552 11004 bot 0 step 0
FT 1004 11389 45 0 0 0 0 0 0 314 2568 11004 bot 7 step 24
FT 1005 10988 58 0 0 0 0 0 0 287 2572 11004 bot 4 step 21
FT 1005 11058 0 0 0 0 0 0 0 305 2568 11004 bot 0 step 0
FT 1006 11283 35 0 0 0 0 0 0 286 2573 11004 bot 6 step 18
FT 1007 11076 34 0 0 0 0 0 0 301 2572 11004 bot 5 step 16
FT 1007 10888 0 0 0 0 0 0 0 291 2568 11004 bot 0 step 0
FT 1008 11267 48 0 0 0 0 0 0 289 2571 11004 bot 6 step 22
FT 1009 12813 1708 0 0 0 0 0 0 287 2568 11004 bot 1676 step 18
FT 1009 9389 0 0 0 0 0 0 0 286 2582 11004 bot 0 step 0
FT 1010 11218 41 0 0 0 0 0 0 374 2576 11004 bot 6 step 21
FT 1011 11092 39 0 0 0 0 0 0 282 2575 11004 bot 6 step 20
FT 1011 10952 0 0 0 0 0 0 0 293 2582 11004 bot 0 step 0
FT 1012 11241 35 0 0 0 0 0 0 305 2578 11004 bot 5 step 17
FT 1013 11097 48 0 0 0 0 0 0 298 2581 10970 bot 5 step 30
FT 1013 10921 0 0 0 0 0 0 0 286 2584 10970 bot 0 step 0
FT 1014 11177 39 0 0 0 0 0 0 289 2575 10970 bot 5 step 21
FT 1015 11299 90 0 0 0 0 0 0 294 2589 10970 bot 6 step 68
FT 1015 10966 0 0 0 0 0 0 0 282 2634 10970 bot 0 step 0
FT 1016 11159 39 0 0 0 0 0 0 335 2459 10970 bot 6 step 21
FT 1017 11271 45 0 0 0 0 0 0 246 2430 10970 bot 6 step 25
FT 1017 11021 0 0 0 0 0 0 0 243 2444 10970 bot 0 step 0
FT 1018 11184 39 0 0 0 0 0 0 259 2440 10970 bot 5 step 21
FT 1019 10704 43 0 0 0 0 0 0 261 2387 10970 bot 6 step 19
FT 1019 11090 0 0 0 0 0 0 0 252 2380 10970 bot 0 step 0
FT 1020 11359 40 0 0 0 0 0 0 256 2378 10970 bot 6 step 21
FT 1021 11127 43 0 0 0 0 0 0 263 2381 10970 bot 6 step 23
FT 1021 11206 0 0 0 0 0 0 0 248 2423 10970 bot 0 step 0
FT 1022 11090 41 0 0 0 0 0 0 245 2397 10970 bot 6 step 20
FT 1023 11164 63 0 0 0 0 0 0 244 2380 10970 bot 6 step 20
FT 1023 10972 0 0 0 0 0 0 0 245 2394 10970 bot 0 step 0
FT 1024 12900 1722 0 0 0 0 0 0 254 2405 10970 bot 1664 step 20
FT 1025 9421 36 0 0 0 0 0 0 284 2507 10970 bot 5 step 18
FT 1025 10982 0 0 0 0 0 0 0 307 2503 10970 bot 0 step 0
FT 1026 11290 41 0 0 0 0 0 0 240 2417 10970 bot 6 step 21
FT 1027 11119 42 0 0 0 0 0 0 259 2382 10970 bot 6 step 21
FT 1027 10963 0 0 0 0 0 0 0 243 2390 10970 bot 0 step 0
FT 1028 11167 41 0 0 0 0 0 0 246 2403 10970 bot 6 step 21
FT 1029 11050 49 0 0 0 0 0 0 252 2380 10970 bot 7 step 22
FT 1029 11142 0 0 0 0 0 0 0 244 2395 10970 bot 0 step 0
FT 1030 11093 36 0 0 0 0 0 0 240 2372 10970 bot 6 step 17
FT 1031 11027 34 0 0 0 0 0 0 261 2358 10970 bot 5 step 17
FT 1031 11043 0 0 0 0 0 0 0 259 2354 10970 bot 0 step 0
FT 1032 11269 37 0 0 0 0 0 0 256 2371 10970 bot 7 step 17
FT 1033 11027 35 0 0 0 0 0 0 319 2365 10970 bot 5 step 17
FT 1033 11091 0 0 0 0 0 0 0 248 2352 10970 bot 0 step 0
FT 1034 11267 41 0 0 0 0 0 0 246 2388 10970 bot 6 step 21
FT 1035 11462 35 0 2136 1 0 0 0 245 2411 10970 bot 6 step 17
FT 1035 10588 0 0 0 0 0 0 0 340 2411 10970 bot 0 step 0
FT 1036 11374 80 0 0 0 0 0 0 414 2387 10970 bot 5 step 44
FT 1037 11020 37 0 0 0 0 0 0 250 2410 10970 bot 5 step 19
FT 1037 11007 0 0 0 0 0 0 0 347 2400 10970 bot 0 step 0
FT 1038 11179 36 0 0 0 0 0 0 222 2392 10970 bot 5 step 18
FT 1039 11003 39 0 0 0 0 0 0 307 2520 10970 bot 5 step 20
FT 1039 11248 0 0 0 0 0 0 0 284 2566 10970 bot 0 step 0
FT 1040 11117 44 0 0 0 0 0 0 282 2585 10970 bot 6 step 24
FT 1041 11094 44 0 0 0 0 0 0 282 2568 10970 bot 5 step 24
FT 1041 11076 0 0 0 0 0 0 0 293 2572 10970 bot 0 step 0
FT 1042 11204 35 0 0 0 0 0 0 293 2576 10970 bot 5 step 17
FT 1043 11099 39 0 0 0 0 0 0 319 2569 10970 bot 5 step 21
FT 1043 10974 0 0 0 0 0 0 0 282 2571 10970 bot 0 step 0
FT 1044 11134 34 0 0 0 0 0 0 275 2563 10970 bot 5 step 16
FT 1045 11128 54 0 0 0 0 0 0 323 2578 10970 bot 5 step 16
FT 1045 11101 0 0 0 0 0 0 0 280 2562 10970 bot 0 step 0
FT 1046 11208 40 0 0 0 0 0 0 282 2612 10970 bot 6 step 19
FT 1047 10979 46 0 0 0 0 0 0 277 2605 10970 bot 6 step 19
FT 1047 11223 0 0 0 0 0 0 0 300 2617 10970 bot 0 step 0
FT 1048 11238 32 0 0 0 0 0 0 282 2612 10970 bot 5 step 15
FT 1049 11071 34 0 0 0 0 0 0 358 2628 10970 bot 5 step 16
FT 1049 11003 0 0 0 0 0 0 0 418 2549 10970 bot 0 step 0
FT 1050 11106 39 0 0 0 0 0 0 282 2559 10970 bot 5 step 21
FT 1051 11066 36 0 0 0 0 0 0 323 2565 10970 bot 6 step 17
FT 1051 10974 0 0 0 0 0 0 0 282 2562 10970 bot 0 step 0
FT 1052 11352 40 0 0 0 0 0 0 342 2594 10970 bot 7 step 18
FT 1053 11075 39 0 0 0 0 0 0 282 2553 10970 bot 6 step 18
FT 1053 11048 0 0 0 0 0 0 0 277 2569 10970 bot 0 step 0
FT 1054 11189 40 0 0 0 0 0 0 333 2578 10970 bot 6 step 21
FT 1055 11105 33 0 0 0 0 0 0 340 2578 10970 bot 6 step 15
FT 1055 11025 0 0 0 0 0 0 0 354 2565 10970 bot 0 step 0
FT 1056 11121 38 0 0 0 0 0 0 294 2549 10970 bot 6 step 20
FT 1057 11283 40 0 0 0 0 0 0 280 2542 10970 bot 7 step 18
FT 1057 10984 0 0 0 0 0 0 0 284 2552 10970 bot 0 step 0
FT 1058 11170 39 0 0 0 0 0 0 284 2539 10970 bot 7 step 17
FT 1059 11109 40 0 0 0 0 0 0 423 2569 10970 bot 7 step 19
FT 1059 11046 0 0 0 0 0 0 0 317 2582 10970 bot 0 step 0
FT 1060 11149 33 0 0 0 0 0 0 331 2569 10970 bot 5 step 14
FT 1061 11059 32 0 0 0 0 0 0 324 2576 10970 bot 6 step 14
FT 1061 11085 0 0 0 0 0 0 0 342 2568 10970 bot 0 step 0
FT 1062 11122 35 0 0 0 0 0 0 282 2556 10970 bot 6 step 16
FT 1063 11124 34 0 0 0 0 0 0 317 2565 10970 bot 6 step 15
FT 1063 10967 0 0 0 0 0 0 0 277 2569 10970 bot 0 step 0
FT 1064 11185 36 0 0 0 0 0 0 287 2555 10970 bot 6 step 17
FT 1065 11200 50 0 0 0 0 0 0 287 2572 10970 bot 7 step 24
FT 1065 10898 0 0 0 0 0 0 0 284 2549 10970 bot 0 step 0
FT 1066 11185 36 0 0 0 0 0 0 310 2559 10970 bot 7 step 17
FT 1067 11262 33 0 0 0 0 0 0 282 2562 10970 bot 6 step 15
FT 1067 10881 0 0 0 0 0 0 0 298 2549 10970 bot 0 step 0
FT 1068 11218 33 0 0 0 0 0 0 280 2562 10970 bot 6 step 15
FT 1069 12769 1635 0 0 0 0 0 0 310 2561 10970 bot 1586 step 29
FT 1069 9576 0 0 0 0 0 0 0 280 2565 10970 bot 0 step 0
FT 1070 11126 41 0 0 0 0 0 0 342 2565 10970 bot 7 step 19
FT 1071 11101 40 0 0 0 0 0 0 282 2575 10970 bot 7 step 18
FT 1071 11190 0 0 0 0 0 0 0 351 2569 10970 bot 0 step 0
FT 1072 11048 33 0 0 0 0 0 0 293 2582 10970 bot 6 step 15
FT 1073 11175 32 0 0 0 0 0 0 372 2582 11036 bot 6 step 14
FT 1073 11007 0 0 0 0 0 0 0 351 2605 11036 bot 0 step 0
FT 1074 11206 33 0 0 0 0 0 0 284 2611 11036 bot 5 step 15
FT 1075 10965 33 0 0 0 0 0 0 319 2622 11036 bot 5 step 15
FT 1075 11108 0 0 0 0 0 0 0 277 2609 11036 bot 0 step 0
FT 1076 11258 41 0 0 0 0 0 0 282 2579 11036 bot 7 step 18
FT 1077 11151 40 0 0 0 0 0 0 279 2578 11036 bot 7 step 18
FT 1077 11026 0 0 0 0 0 0 0 317 2585 11036 bot 0 step 0
FT 1078 11098 53 0 0 0 0 0 0 328 2588 11036 bot 6 step 15
FT 1079 11117 34 0 0 0 0 0 0 349 2582 11036 bot 5 step 15
FT 1079 11121 0 0 0 0 0 0 0 347 2596 11036 bot 0 step 0
FT 1080 11083 33 0 0 0 0 0 0 358 2562 11036 bot 6 step 15
FT 1081 11119 35 0 0 0 0 0 0 330 2569 11036 bot 6 step 17
FT 1081 11169 0 0 0 0 0 0 0 293 2571 11036 bot 0 step 0
FT 1082 11036 40 0 0 0 0 0 0 286 2572 11036 bot 7 step 18
FT 1083 11103 39 0 0 0 0 0 0 282 2568 11036 bot 7 step 17
FT 1083 11106 0 0 0 0 0 0 0 300 2594 11036 bot 0 step 0
FT 1084 11133 35 0 0 0 0 0 0 291 2595 11036 bot 6 step 17
FT 1085 11149 34 0 0 0 0 0 0 303 2625 11036 bot 6 step 15
FT 1085 10981 0 0 0 0 0 0 0 340 2558 11036 bot 0 step 0
FT 1086 11236 32 0 0 0 0 0 0 277 2562 11036 bot 6 step 14
FT 1087 10995 39 0 0 0 0 0 0 291 2572 11036 bot 7 step 18
FT 1087 11049 0 0 0 0 0 0 0 287 2569 11036 bot 0 step 0
FT 1088 11196 39 0 0 0 0 0 0 277 2579 11036 bot 7 step 18
FT 1089 11210 38 0 0 0 0 0 0 275 2559 11036 bot 6 step 17
FT 1089 10953 0 0 0 0 0 0 0 277 2562 11036 bot 0 step 0
FT 1090 11102 45 0 0 0 0 0 0 294 2565 11036 bot 7 step 18
FT 1091 11179 31 0 0 0 0 0 0 294 2566 11036 bot 5 step 13
FT 1091 11009 0 0 0 0 0 0 0 296 2582 11036 bot 0 step 0
FT 1092 11079 33 0 0 0 0 0 0 275 2599 11036 bot 6 step 14
FT 1093 11258 33 0 0 0 0 0 0 314 2585 11036 bot 6 step 14
FT 1093 11115 0 0 0 0 0 0 0 280 2586 11036 bot 0 step 0
FT 1094 11109 37 0 0 0 0 0 0 280 2569 11036 bot 7 step 16
FT 1095 10992 45 0 0 0 0 0 0 273 2571 11036 bot 7 step 17
FT 1095 11162 0 0 0 0 0 0 0 275 2601 11036 bot 0 step 0
FT 1096 11163 42 0 0 0 0 0 0 275 2572 11036 bot 8 step 19
FT 1097 11173 41 0 0 0 0 0 0 337 2562 11036 bot 7 step 15
FT 1097 11078 0 0 0 0 0 0 0 314 2579 11036 bot 0 step 0
FT 1098 18773 47 0 0 0 0 0 0 282 2559 11036 bot 8 step 18
FT 1099 3227 34 0 0 0 0 0 0 314 2562 11036 bot 6 step 16
FT 1099 11062 0 0 0 0 0 0 0 375 2561 11036 bot 0 step 0
FT 1100 11273 41 0 0 0 0 0 0 266 2566 11036 bot 8 step 19
FT 1101 11204 37 0 0 0 0 0 0 275 2553 11036 bot 7 step 16
FT 1101 11117 0 0 0 0 0 0 0 284 2555 11036 bot 0 step 0
FT 1102 11155 33 0 0 0 0 0 0 284 2562 11036 bot 6 step 15
FT 1103 11233 38 0 0 0 0 0 0 310 2569 11036 bot 6 step 17
FT 1103 10886 0 0 0 0 0 0 0 347 2605 11036 bot 0 step 0
FT 1104 11165 75 0 0 0 0 0 0 312 2612 11036 bot 6 step 13
FT 1105 11107 32 0 0 0 0 0 0 277 2648 11036 bot 6 step 14
FT 1105 11029 0 0 0 0 0 0 0 287 2614 11036 bot 0 step 0
FT 1106 11307 43 0 0 0 0 0 0 279 2615 11036 bot 6 step 22
FT 1107 11038 38 0 0 0 0 0 0 273 2596 11036 bot 6 step 17
FT 1107 11292 0 0 0 0 0 0 0 289 2641 11036 bot 0 step 0
FT 1108 10925 32 0 0 0 0 0 0 293 3926 11036 bot 6 step 13
FT 1109 11136 38 0 0 0 0 0 0 1330 2624 11036 bot 6 step 19
FT 1109 10997 0 0 0 0 0 0 0 317 2555 11036 bot 0 step 0
FT 1110 11150 33 0 0 0 0 0 0 279 2565 11036 bot 6 step 14
FT 1111 11040 41 0 0 0 0 0 0 277 2562 11036 bot 7 step 19
FT 1111 11005 0 0 0 0 0 0 0 277 2552 11036 bot 0 step 0
FT 1112 11426 37 0 0 0 0 0 0 296 2572 11036 bot 7 step 16
FT 1113 11037 38 0 0 0 0 0 0 367 2566 11036 bot 7 step 17
FT 1113 11109 0 0 0 0 0 0 0 301 2584 11036 bot 0 step 0
FT 1114 11098 34 0 0 0 0 0 0 300 2582 11036 bot 5 step 15
FT 1115 11101 33 0 0 0 0 0 0 296 2581 11036 bot 6 step 14
FT 1115 10993 0 0 0 0 0 0 0 333 2575 11036 bot 0 step 0
FT 1116 10934 39 0 0 0 0 0 0 323 2589 11036 bot 6 step 15
FT 1117 11281 32 0 0 0 0 0 0 277 2591 11036 bot 6 step 14
FT 1117 11071 0 0 0 0 0 0 0 298 2598 11036 bot 0 step 0
FT 1118 11165 46 0 0 0 0 0 0 277 2599 11036 bot 8 step 17
FT 1119 11220 38 0 0 0 0 0 0 289 2581 11036 bot 7 step 16
FT 1119 11049 0 0 0 0 0 0 0 273 2586 11036 bot 0 step 0
FT 1120 11225 33 0 0 0 0 0 0 277 2576 11036 bot 5 step 14
FT 1121 11069 31 0 0 0 0 0 0 305 2595 11036 bot 5 step 13
FT 1121 11073 0 0 0 0 0 0 0 349 2598 11036 bot 0 step 0
FT 1122 10925 33 0 0 0 0 0 0 305 2551 11036 bot 6 step 14
FT 1123 11237 32 0 0 0 0 0 0 310 2542 11036 bot 6 step 14
FT 1123 11133 0 0 0 0 0 0 0 316 2552 11036 bot 0 step 0
FT 1124 11135 39 0 0 0 0 0 0 277 2546 11036 bot 7 step 17
FT 1125 10995 45 0 0 0 0 0 0 279 2540 11036 bot 7 step 17
FT 1125 11242 0 0 0 0 0 0 0 282 2551 11036 bot 0 step 0
FT 1126 11166 35 0 0 0 0 0 0 282 2542 11036 bot 5 step 16
FT 1127 11086 33 0 0 0 0 0 0 291 2565 11036 bot 6 step 14
FT 1127 11080 0 0 0 0 0 0 0 321 2555 11036 bot 0 step 0
FT 1128 11125 59 0 0 0 0 0 0 277 2545 11036 bot 9 step 15
FT 1129 11072 33 0 0 0 0 0 0 328 2545 11036 bot 6 step 15
FT 1129 11233 0 0 0 0 0 0 0 284 2549 11036 bot 0 step 0
FT 1130 10900 45 0 0 0 0 0 0 293 2542 11036 bot 7 step 14
FT 1131 11209 39 0 0 0 0 0 0 277 2551 11036 bot 7 step 17
FT 1131 10817 0 0 0 0 0 0 0 275 2539 11036 bot 0 step 0
FT 1132 11362 38 0 0 0 0 0 0 279 2546 11036 bot 7 step 17
FT 1133 11218 37 0 0 0 0 0 0 277 2539 10997 bot 6 step 18
FT 1133 11067 0 0 0 0 0 0 0 303 2545 10997 bot 0 step 0
FT 1134 11105 35 0 0 0 0 0 0 273 2549 10997 bot 8 step 15
FT 1135 11120 32 0 0 0 0 0 0 375 2545 10997 bot 6 step 13
FT 1135 11084 0 0 0 0 0 0 0 273 2542 10997 bot 0 step 0
FT 1136 11037 64 0 0 0 0 0 0 344 2539 10997 bot 8 step 20
FT 1137 11203 38 0 0 0 0 0 0 277 2532 10997 bot 7 step 17
FT 1137 11149 0 0 0 0 0 0 0 280 2535 10997 bot 0 step 0
FT 1138 11118 36 0 0 0 0 0 0 275 2538 10997 bot 6 step 17
FT 1139 11047 40 0 0 0 0 0 0 305 2559 10997 bot 6 step 15
FT 1139 11087 0 0 0 0 0 0 0 338 2539 10997 bot 0 step 0
FT 1140 11124 33 0 0 0 0 0 0 289 2532 10997 bot 6 step 14
FT 1141 11097 41 0 0 0 0 0 0 282 2542 10997 bot 7 step 19
FT 1141 11013 0 0 0 0 0 0 0 275 2530 10997 bot 0 step 0
FT 1142 11237 38 0 0 0 0 0 0 291 2536 10997 bot 7 step 16
FT 1143 11261 40 0 0 0 0 0 0 298 2535 10997 bot 7 step 18
FT 1143 10864 0 0 0 0 0 0 0 275 2552 10997 bot 0 step 0
FT 1144 11321 36 0 0 0 0 0 0 402 2533 10997 bot 6 step 17
FT 1145 11066 34 0 0 0 0 0 0 361 2546 10997 bot 6 step 15
FT 1145 11059 0 0 0 0 0 0 0 356 2528 10997 bot 0 step 0
FT 1146 10988 34 0 0 0 0 0 0 275 2536 10997 bot 6 step 15
FT 1147 11025 35 0 0 0 0 0 0 279 2530 10997 bot 6 step 14
FT 1147 11211 0 0 0 0 0 0 0 275 2529 10997 bot 0 step 0
FT 1148 11263 46 0 0 0 0 0 0 279 2525 10997 bot 6 step 23
FT 1149 11169 40 0 0 0 0 0 0 286 2532 10997 bot 7 step 18
FT 1149 10967 0 0 0 0 0 0 0 277 2549 10997 bot 0 step 0
FT 1150 11214 40 0 0 0 0 0 0 293 2536 10997 bot 7 step 20
FT 1151 12440 1367 0 0 0 0 0 0 291 2553 10997 bot 1325 step 23
FT 1151 9730 0 0 0 0 0 0 0 338 2599 10997 bot 0 step 0
FT 1152 11112 34 0 0 0 0 0 0 351 2578 10997 bot 6 step 15
FT 1153 11057 33 0 0 0 0 0 0 277 2576 10997 bot 6 step 15
FT 1153 11164 0 0 0 0 0 0 0 279 2607 10997 bot 0 step 0
FT 1154 11150 45 0 0 0 0 0 0 294 2582 10997 bot 7 step 23
FT 1155 10966 46 0 0 0 0 0 0 275 2585 10997 bot 7 step 18
FT 1155 11176 0 0 0 0 0 0 0 279 2586 10997 bot 0 step 0
FT 1156 11160 36 0 0 0 0 0 0 273 2588 10997 bot 6 step 17
FT 1157 11135 34 0 0 0 0 0 0 303 2595 10997 bot 5 step 15
FT 1157 10919 0 0 0 0 0 0 0 300 2572 10997 bot 0 step 0
FT 1158 11171 41 0 0 0 0 0 0 333 2552 10997 bot 6 step 16
FT 1159 11088 37 0 0 0 0 0 0 287 2542 10997 bot 6 step 18
FT 1159 11214 0 0 0 0 0 0 0 279 2569 10997 bot 0 step 0
FT 1160 11420 46 0 0 0 0 0 0 277 2563 10997 bot 7 step 23
FT 1161 10888 58 0 0 0 0 0 0 293 2571 10997 bot 6 step 17
FT 1161 11050 0 0 0 0 0 0 0 365 2543 10997 bot 0 step 0
FT 1162 11130 33 0 0 0 0 0 0 314 2545 10997 bot 5 step 14
FT 1163 11125 33 0 0 0 0 0 0 305 2549 10997 bot 6 step 14
FT 1163 10909 0 0 0 0 0 0 0 328 2555 10997 bot 0 step 0
FT 1164 11227 43 0 0 0 0 0 0 349 2551 10997 bot 7 step 22
FT 1165 11074 39 0 0 0 0 0 0 331 2536 10997 bot 7 step 18
FT 1165 11158 0 0 0 0 0 0 0 305 2545 10997 bot 0 step 0
FT 1166 11174 39 0 0 0 0 0 0 307 2529 10997 bot 7 step 17
FT 1167 11236 44 0 0 0 0 0 0 286 2535 10997 bot 7 step 22
FT 1167 11017 0 0 0 0 0 0 0 298 2549 10997 bot 0 step 0
FT 1168 11086 34 0 0 0 0 0 0 349 2552 10997 bot 6 step 14
FT 1169 11164 33 0 0 0 0 0 0 331 2539 10997 bot 6 step 14
FT 1169 11005 0 0 0 0 0 0 0 305 2532 10997 bot 0 step 0
FT 1170 11133 35 0 0 0 0 0 0 277 2539 10997 bot 7 step 15
FT 1171 10984 35 0 0 0 0 0 0 284 2536 10997 bot 6 step 16
FT 1171 11133 0 0 0 0 0 0 0 277 2536 10997 bot 0 step 0
FT 1172 11377 37 0 0 0 0 0 0 280 2542 10997 bot 6 step 17
FT 1173 11030 38 0 0 0 0 0 0 277 2545 10997 bot 7 step 17
FT 1173 11070 0 0 0 0 0 0 0 326 2565 10997 bot 0 step 0
FT 1174 11150 34 0 0 0 0 0 0 294 2585 10997 bot 6 step 15
FT 1175 11105 33 0 0 0 0 0 0 312 2601 10997 bot 6 step 13
FT 1175 10978 0 0 0 0 0 0 0 358 2582 10997 bot 0 step 0
FT 1176 11035 37 0 0 0 0 0 0 455 2510 10997 bot 6 step 17
FT 1177 11254 33 0 0 0 0 0 0 284 2515 10997 bot 6 step 13
FT 1177 11052 0 0 0 0 0 0 0 277 2529 10997 bot 0 step 0
FT 1178 11180 33 0 0 0 0 0 0 280 2515 10997 bot 6 step 14
FT 1179 11003 33 0 0 0 0 0 0 279 2522 10997 bot 6 step 14
FT 1179 10880 0 0 0 0 0 0 0 280 2528 10997 bot 0 step 0
FT 1180 11302 34 0 0 0 0 0 0 282 2520 10997 bot 6 step 14
FT 1181 11133 33 0 0 0 0 0 0 277 2563 10997 bot 6 step 14
FT 1181 11162 0 0 0 0 0 0 0 298 2532 10997 bot 0 step 0
FT 1182 11161 32 0 0 0 0 0 0 317 2516 10997 bot 6 step 14
FT 1183 11062 34 0 0 0 0 0 0 361 2517 10997 bot 6 step 14
FT 1183 11135 0 0 0 0 0 0 0 282 2516 10997 bot 0 step 0
FT 1184 11186 39 0 0 0 0 0 0 280 2519 10997 bot 7 step 17
FT 1185 11147 38 0 0 0 0 0 0 280 2519 10997 bot 7 step 17
FT 1185 10975 0 0 0 0 0 0 0 280 2513 10997 bot 0 step 0
FT 1186 11207 54 0 0 0 0 0 0 289 2532 10997 bot 6 step 17
FT 1187 11162 34 0 0 0 0 0 0 291 2542 10997 bot 6 step 14
FT 1187 10941 0 0 0 0 0 0 0 342 2542 10997 bot 0 step 0
FT 1188 11039 40 0 0 0 0 0 0 363 2529 10997 bot 7 step 15
FT 1189 11214 41 0 0 0 0 0 0 282 2528 10997 bot 7 step 18
FT 1189 11108 0 0 0 0 0 0 0 277 2535 10997 bot 0 step 0
FT 1190 11127 46 0 0 0 0 0 0 291 2540 10997 bot 6 step 18
FT 1191 11219 39 0 0 0 0 0 0 293 2536 10997 bot 7 step 17
FT 1191 11028 0 0 0 0 0 0 0 280 2539 10997 bot 0 step 0
FT 1192 11189 41 0 0 0 0 0 0 308 2551 10997 bot 9 step 18
FT 1193 11012 56 0 0 0 0 0 0 375 2559 10902 bot 7 step 25
FT 1193 11170 0 0 0 0 0 0 0 338 2549 10902 bot 0 step 0
FT 1194 11049 33 0 0 0 0 0 0 291 2546 10902 bot 6 step 14
FT 1195 11117 33 0 0 0 0 0 0 317 2549 10902 bot 6 step 14
FT 1195 10901 0 0 0 0 0 0 0 280 2552 10902 bot 0 step 0
FT 1196 11280 39 0 0 0 0 0 0 280 2552 10902 bot 7 step 17
FT 1197 11142 39 0 0 0 0 0 0 277 2555 10902 bot 7 step 17
FT 1197 11037 0 0 0 0 0 0 0 279 2566 10902 bot 0 step 0
FT 1198 11227 36 0 0 0 0 0 0 277 2563 10902 bot 6 step 16
FT 1199 11062 34 0 0 0 0 0 0 279 2575 10902 bot 6 step 14
FT 1199 11105 0 0 0 0 0 0 0 296 2611 10902 bot 0 step 0
FT 1200 11145 33 0 0 0 0 0 0 344 2588 10902 bot 6 step 13
FT 1201 11065 35 0 0 0 0 0 0 279 2608 10902 bot 6 step 17
FT 1201 11150 0 0 0 0 0 0 0 284 2612 10902 bot 0 step 0
FT 1202 11161 39 0 0 0 0 0 0 280 2638 10902 bot 7 step 16
FT 1203 11071 37 0 0 0 0 0 0 279 2650 10902 bot 7 step 16
FT 1203 11035 0 0 0 0 0 0 0 286 2684 10902 bot 0 step 0
FT 1204 11163 47 0 0 0 0 0 0 275 2733 10902 bot 12 step 19
FT 1205 11285 37 0 0 0 0 0 0 275 2752 10902 bot 7 step 15
FT 1205 10842 0 0 0 0 0 0 0 293 2828 10902 bot 0 step 0
FT 1206 11180 39 0 0 0 0 0 0 384 2842 10902 bot 6 step 19
FT 1207 11133 33 0 0 0 0 0 0 289 2848 10902 bot 6 step 13
FT 1207 11218 0 0 0 0 0 0 0 280 2878 10902 bot 0 step 0
FT 1208 11133 46 0 0 0 0 0 0 280 2861 10902 bot 10 step 18
FT 1209 10951 38 0 0 0 0 0 0 287 2865 10902 bot 7 step 16
FT 1209 10995 0 0 0 0 0 0 0 287 2868 10902 bot 0 step 0
FT 1210 11380 52 0 0 0 0 0 0 282 2868 10902 bot 7 step 13
FT 1211 11032 32 0 0 0 0 0 0 282 2878 10902 bot 6 step 14
FT 1211 10961 0 0 0 0 0 0 0 335 2884 10902 bot 0 step 0
FT 1212 11149 40 0 0 0 0 0 0 333 2890 10902 bot 7 step 15
FT 1213 11050 34 0 0 0 0 0 0 282 2878 10902 bot 6 step 15
FT 1213 11164 0 0 0 0 0 0 0 273 2869 10902 bot 0 step 0
FT 1214 11003 34 0 0 0 0 0 0 284 2888 10902 bot 6 step 15
FT 1215 11136 50 0 0 0 0 0 0 287 2869 10902 bot 9 step 20
FT 1215 10980 0 0 0 0 0 0 0 279 2877 10902 bot 0 step 0
FT 1216 11501 37 0 0 0 0 0 0 273 2868 10902 bot 6 step 17
FT 1217 11097 33 0 0 0 0 0 0 272 2895 10902 bot 6 step 14
FT 1217 11025 0 0 0 0 0 0 0 319 2901 10902 bot 0 step 0
FT 1218 11135 32 0 0 0 0 0 0 340 2858 10902 bot 6 step 13
FT 1219 11134 35 0 0 0 0 0 0 282 2867 10902 bot 6 step 15
FT 1219 11070 0 0 0 0 0 0 0 280 2864 10902 bot 0 step 0
FT 1220 11345 42 0 0 0 0 0 0 277 2868 10902 bot 7 step 18
FT 1221 10919 37 0 0 0 0 0 0 277 2880 10902 bot 6 step 16
FT 1221 10919 0 0 0 0 0 0 0 338 2865 10902 bot 0 step 0
FT 1222 11335 32 0 0 0 0 0 0 293 2861 10902 bot 6 step 13
FT 1223 11055 33 0 0 0 0 0 0 275 2934 10902 bot 6 step 14
FT 1223 11085 0 0 0 0 0 0 0 363 2901 10902 bot 0 step 0
FT 1224 11137 36 0 0 0 0 0 0 280 2854 10902 bot 6 step 14
FT 1225 11075 39 0 0 0 0 0 0 289 2849 10902 bot 6 step 17
FT 1225 11202 0 0 0 0 0 0 0 280 2858 10902 bot 0 step 0
FT 1226 11000 32 0 0 0 0 0 0 275 2861 10902 bot 6 step 14
FT 1227 11164 38 0 0 0 0 0 0 273 2854 10902 bot 7 step 17
FT 1227 10905 0 0 0 0 0 0 0 275 2854 10902 bot 0 step 0
FT 1228 11204 33 0 0 0 0 0 0 275 2858 10902 bot 6 step 13
FT 1229 11126 41 0 0 0 0 0 0 275 2844 10902 bot 7 step 16
FT 1229 10877 0 0 0 0 0 0 0 293 2855 10902 bot 0 step 0
FT 1230 11454 33 0 0 0 0 0 0 303 2875 10902 bot 6 step 15
FT 1231 11108 34 0 0 0 0 0 0 293 2869 10902 bot 6 step 15
FT 1231 11101 0 0 0 0 0 0 0 280 2861 10902 bot 0 step 0
FT 1232 11142 39 0 0 0 0 0 0 279 2848 10902 bot 7 step 16
FT 1233 18370 48 0 0 0 0 0 0 282 2835 10902 bot 6 step 23
FT 1233 3591 0 0 0 0 0 0 0 275 2851 10902 bot 0 step 0
FT 1234 11315 72 0 0 0 0 0 0 303 2844 10902 bot 8 step 21
FT 1235 11166 33 0 0 0 0 0 0 264 2848 10902 bot 6 step 13
FT 1235 11148 0 0 0 0 0 0 0 294 2862 10902 bot 0 step 0
FT 1236 11062 33 0 0 0 0 0 0 328 2826 10902 bot 6 step 14
FT 1237 11106 33 0 0 0 0 0 0 293 2851 10902 bot 6 step 14
FT 1237 11009 0 0 0 0 0 0 0 280 2832 10902 bot 0 step 0
FT 1238 11255 44 0 0 0 0 0 0 280 2828 10902 bot 7 step 22
FT 1239 11125 37 0 0 0 0 0 0 275 2835 10902 bot 7 step 16
FT 1239 10916 0 0 0 0 0 0 0 277 2839 10902 bot 0 step 0
FT 1240 11352 34 0 0 0 0 0 0 289 2838 10902 bot 6 step 13
FT 1241 11079 32 0 0 0 0 0 0 280 2846 10902 bot 6 step 13
FT 1241 11049 0 0 0 0 0 0 0 330 2878 10902 bot 0 step 0
FT 1242 11066 33 0 0 0 0 0 0 497 2832 10902 bot 6 step 14
FT 1243 11150 34 0 0 0 0 0 0 282 2813 10902 bot 6 step 15
FT 1243 11155 0 0 0 0 0 0 0 273 2854 10902 bot 0 step 0
FT 1244 11113 38 0 0 0 0 0 0 284 2841 10902 bot 7 step 17
FT 1245 10906 32 0 0 0 0 0 0 273 2832 10902 bot 6 step 13
FT 1245 11060 0 0 0 0 0 0 0 275 2809 10902 bot 0 step 0
FT 1246 11399 35 0 0 0 0 0 0 275 2821 10902 bot 6 step 16
FT 1247 11070 33 0 0 0 0 0 0 273 2790 10902 bot 6 step 14
FT 1247 10999 0 0 0 0 0 0 0 326 2776 10902 bot 0 step 0
FT 1248 11134 38 0 0 0 0 0 0 335 2763 10902 bot 6 step 14
FT 1249 11121 36 0 0 0 0 0 0 273 2763 10902 bot 6 step 16
FT 1249 11210 0 0 0 0 0 0 0 275 2778 10902 bot 0 step 0
FT 1250 11159 38 0 0 0 0 0 0 275 2767 10902 bot 7 step 16
FT 1251 11108 41 0 0 0 0 0 0 275 2779 10902 bot 7 step 19
FT 1251 10774 0 0 0 0 0 0 0 277 2767 10902 bot 0 step 0
FT 1252 11358 40 0 0 0 0 0 0 300 2773 10902 bot 7 step 17
FT 1253 11067 33 0 0 0 0 0 0 275 2762 11062 bot 6 step 14
FT 1253 11062 0 0 0 0 0 0 0 293 2775 11062 bot 0 step 0
FT 1254 11017 33 0 0 0 0 0 0 303 2769 11062 bot 6 step 13
FT 1255 11261 34 0 0 0 0 0 0 272 2752 11062 bot 6 step 15
FT 1255 11120 0 0 0 0 0 0 0 277 2766 11062 bot 0 step 0
FT 1256 11174 40 0 0 0 0 0 0 273 2749 11062 bot 7 step 17
FT 1257 11111 38 0 0 0 0 0 0 280 2747 11062 bot 7 step 17
FT 1257 10875 0 0 0 0 0 0 0 273 2746 11062 bot 0 step 0
FT 1258 11415 51 0 0 0 0 0 0 293 2744 11062 bot 6 step 15
FT 1259 10990 34 0 0 0 0 0 0 275 2790 11062 bot 6 step 15
FT 1259 11052 0 0 0 0 0 0 0 344 2757 11062 bot 0 step 0
FT 1260 10945 31 0 0 0 0 0 0 310 2736 11062 bot 6 step 13
FT 1261 11280 36 0 0 0 0 0 0 273 2729 11062 bot 6 step 16
FT 1261 10939 0 0 0 0 0 0 0 272 2734 11062 bot 0 step 0
FT 1262 11398 37 0 0 0 0 0 0 277 2733 11062 bot 6 step 16
FT 1263 10868 48 0 0 0 0 0 0 268 2729 11062 bot 7 step 18
FT 1263 11326 0 0 0 0 0 0 0 273 2733 11062 bot 0 step 0
FT 1264 11158 35 0 0 0 0 0 0 272 2737 11062 bot 7 step 16
FT 1265 11114 33 0 0 0 0 0 0 296 2757 11062 bot 6 step 13
FT 1265 10966 0 0 0 0 0 0 0 347 2746 11062 bot 0 step 0
FT 1266 11174 37 0 0 0 0 0 0 331 2736 11062 bot 7 step 14
FT 1267 11069 34 0 0 0 0 0 0 270 2733 11062 bot 7 step 14
FT 1267 11022 0 0 0 0 0 0 0 268 2740 11062 bot 0 step 0
FT 1268 11297 40 0 0 0 0 0 0 270 2716 11062 bot 8 step 17
FT 1269 11116 40 0 0 0 0 0 0 289 2713 11062 bot 8 step 17
FT 1269 11019 0 0 0 0 0 0 0 273 2716 11062 bot 0 step 0
FT 1270 11280 35 0 0 0 0 0 0 287 2713 11062 bot 7 step 14
FT 1271 11020 35 0 0 0 0 0 0 287 2733 11062 bot 6 step 15
FT 1271 11057 0 0 0 0 0 0 0 324 2730 11062 bot 0 step 0
FT 1272 11120 38 0 0 0 0 0 0 337 2706 11062 bot 7 step 15
FT 1273 11060 38 0 0 0 0 0 0 282 2721 11062 bot 6 step 18
FT 1273 11033 0 0 0 0 0 0 0 272 2704 11062 bot 0 step 0
FT 1274 11344 39 0 0 0 0 0 0 273 2671 11062 bot 7 step 17
FT 1275 10929 33 0 0 0 0 0 0 273 2664 11062 bot 7 step 14
FT 1275 11022 0 0 0 0 0 0 0 277 2665 11062 bot 0 step 0
FT 1276 11126 38 0 0 0 0 0 0 266 2664 11062 bot 7 step 17
FT 1277 11246 36 0 0 0 0 0 0 270 2654 11062 bot 6 step 16
FT 1277 11053 0 0 0 0 0 0 0 282 2714 11062 bot 0 step 0
FT 1278 11130 35 0 0 0 0 0 0 310 2680 11062 bot 7 step 16
FT 1279 11130 38 0 0 0 0 0 0 268 2688 11062 bot 7 step 18
FT 1279 11151 0 0 0 0 0 0 0 273 2700 11062 bot 0 step 0
FT 1280 11133 41 0 0 0 0 0 0 270 2684 11062 bot 7 step 19
FT 1281 11140 41 0 0 0 0 0 0 268 2658 11062 bot 7 step 19
FT 1281 10814 0 0 0 0 0 0 0 270 2713 11062 bot 0 step 0
FT 1282 11366 62 0 0 0 0 0 0 284 2730 11062 bot 8 step 20
FT 1283 11114 37 0 0 0 0 0 0 275 2710 11062 bot 7 step 17
FT 1283 11039 0 0 0 0 0 0 0 296 2720 11062 bot 0 step 0
FT 1284 11422 38 0 2073 1 0 0 0 326 2739 11062 bot 7 step 17
FT 1285 10781 37 0 0 0 0 0 0 493 2678 11062 bot 7 step 17
FT 1285 11111 0 0 0 0 0 0 0 275 2671 11062 bot 0 step 0
FT 1286 11229 46 0 0 0 0 0 0 268 2663 11062 bot 8 step 22
FT 1287 11123 42 0 0 0 0 0 0 273 2661 11062 bot 8 step 20
FT 1287 10854 0 0 0 0 0 0 0 270 2674 11062 bot 0 step 0
FT 1288 11396 39 0 0 0 0 0 0 287 2700 11062 bot 7 step 17
FT 1289 11039 38 0 0 0 0 0 0 286 2680 11062 bot 7 step 17
FT 1289 10914 0 0 0 0 0 0 0 324 2696 11062 bot 0 step 0
FT 1290 11267 36 0 0 0 0 0 0 340 2664 11062 bot 7 step 16
FT 1291 11072 38 0 0 0 0 0 0 291 2684 11062 bot 7 step 18
FT 1291 10792 0 0 0 0 0 0 0 272 2686 11062 bot 0 step 0
FT 1292 11422 44 0 0 0 0 0 0 282 2684 11062 bot 8 step 19
FT 1293 11072 42 0 0 0 0 0 0 268 2686 11062 bot 8 step 19
FT 1293 10923 0 0 0 0 0 0 0 270 2674 11062 bot 0 step 0
FT 1294 11434 43 0 0 0 0 0 0 270 2736 11062 bot 7 step 21
FT 1295 11101 38 0 0 0 0 0 0 272 2678 11062 bot 8 step 16
FT 1295 11019 0 0 0 0 0 0 0 305 2687 11062 bot 0 step 0
FT 1296 11150 39 0 0 0 0 0 0 300 2696 11062 bot 6 step 17
FT 1297 11072 39 0 0 0 0 0 0 284 2697 11062 bot 8 step 16
FT 1297 11097 0 0 0 0 0 0 0 270 2693 11062 bot 0 step 0
FT 1298 11075 69 0 0 0 0 0 0 279 2694 11062 bot 8 step 21
FT 1299 11156 50 0 0 0 0 0 0 280 2697 11062 bot 9 step 21
FT 1299 10982 0 0 0 0 0 0 0 280 2667 11062 bot 0 step 0
FT 1300 11353 44 0 0 0 0 0 0 284 2697 11062 bot 8 step 20
FT 1301 11060 43 0 0 0 0 0 0 282 2674 11062 bot 8 step 19
FT 1301 10934 0 0 0 0 0 0 0 321 2663 11062 bot 0 step 0
FT 1302 11263 36 0 0 0 0 0 0 275 2661 11062 bot 7 step 16
FT 1303 11130 38 0 0 0 0 0 0 298 2663 11062 bot 7 step 16
FT 1303 11007 0 0 0 0 0 0 0 273 2655 11062 bot 0 step 0
FT 1304 11250 46 0 0 0 0 0 0 279 2697 11062 bot 8 step 21
FT 1305 10981 52 0 0 0 0 0 0 277 2667 11062 bot 9 step 22
FT 1305 10973 0 0 0 0 0 0 0 273 2673 11062 bot 0 step 0
FT 1306 11412 50 0 0 0 0 0 0 270 2663 11062 bot 8 step 27
FT 1307 11096 61 0 0 0 0 0 0 268 2657 11062 bot 7 step 18
FT 1307 10950 0 0 0 0 0 0 0 284 2668 11062 bot 0 step 0
FT 1308 11163 36 0 0 0 0 0 0 324 2661 11062 bot 7 step 17
FT 1309 10896 45 0 0 0 0 0 0 284 2664 11062 bot 8 step 19
FT 1309 11167 0 0 0 0 0 0 0 268 2657 11062 bot 0 step 0
FT 1310 11261 39 0 0 0 0 0 0 272 2660 11062 bot 8 step 17
FT 1311 11081 36 0 0 0 0 0 0 268 2651 11062 bot 7 step 16
FT 1311 11048 0 0 0 0 0 0 0 266 2663 11062 bot 0 step 0
FT 1312 11073 37 0 0 0 0 0 0 272 2660 11062 bot 7 step 16
FT 1313 11118 36 0 0 0 0 0 0 266 2654 10995 bot 6 step 16
FT 1313 11228 0 0 0 0 0 0 0 273 2654 10995 bot 0 step 0
FT 1314 11159 37 0 0 0 0 0 0 280 2680 10995 bot 7 step 16
FT 1315 11045 36 0 0 0 0 0 0 282 2645 10995 bot 7 step 16
FT 1315 10930 0 0 0 0 0 0 0 270 2657 10995 bot 0 step 0
FT 1316 11211 43 0 0 0 0 0 0 268 2654 10995 bot 8 step 20
FT 1317 11255 43 0 0 0 0 0 0 270 2657 10995 bot 8 step 20
FT 1317 10836 0 0 0 0 0 0 0 279 2653 10995 bot 0 step 0
FT 1318 11389 49 0 0 0 0 0 0 268 2655 10995 bot 11 step 20
FT 1319 11142 41 0 0 0 0 0 0 268 2647 10995 bot 7 step 16
FT 1319 11068 0 0 0 0 0 0 0 291 2657 10995 bot 0 step 0
FT 1320 11141 38 0 0 0 0 0 0 282 2700 10995 bot 8 step 16
FT 1321 11018 39 0 0 0 0 0 0 277 2707 10995 bot 7 step 18
FT 1321 11110 0 0 0 0 0 0 0 268 2706 10995 bot 0 step 0
FT 1322 11255 43 0 0 0 0 0 0 268 2653 10995 bot 8 step 21
FT 1323 10894 43 0 0 0 0 0 0 268 2658 10995 bot 6 step 22
FT 1323 11104 0 0 0 0 0 0 0 268 2654 10995 bot 0 step 0
FT 1324 11368 43 0 0 0 0 0 0 266 2660 10995 bot 8 step 21
FT 1325 11089 36 0 0 0 0 0 0 270 2657 10995 bot 6 step 16
FT 1325 10997 0 0 0 0 0 0 0 277 2665 10995 bot 0 step 0
FT 1326 11151 36 0 0 0 0 0 0 275 2661 10995 bot 6 step 15
FT 1327 11074 41 0 0 0 0 0 0 264 2651 10995 bot 8 step 18
FT 1327 10958 0 0 0 0 0 0 0 266 2655 10995 bot 0 step 0
FT 1328 11240 56 0 0 0 0 0 0 264 2654 10995 bot 20 step 21
FT 1329 11178 42 0 0 0 0 0 0 264 2651 10995 bot 7 step 19
FT 1329 10932 0 0 0 0 0 0 0 263 2667 10995 bot 0 step 0
FT 1330 11358 47 0 0 0 0 0 0 268 2670 10995 bot 8 step 24
FT 1331 11154 37 0 0 0 0 0 0 264 2664 10995 bot 7 step 16
FT 1331 10949 0 0 0 0 0 0 0 296 2676 10995 bot 0 step 0
FT 1332 11164 41 0 0 0 0 0 0 319 2664 10995 bot 7 step 16
FT 1333 11109 53 0 0 0 0 0 0 268 2663 10995 bot 7 step 16
FT 1333 10858 0 0 0 0 0 0 0 273 2660 10995 bot 0 step 0
FT 1334 11162 41 0 0 0 0 0 0 263 2667 10995 bot 7 step 16
FT 1335 11335 43 0 0 0 0 0 0 270 2655 10995 bot 8 step 19
FT 1335 10836 0 0 0 0 0 0 0 270 2660 10995 bot 0 step 0
FT 1336 11391 49 0 0 0 0 0 0 266 2641 10995 bot 8 step 27
FT 1337 11108 35 0 0 0 0 0 0 263 2624 10995 bot 7 step 15
FT 1337 11006 0 0 0 0 0 0 0 293 2644 10995 bot 0 step 0
FT 1338 11184 40 0 0 0 0 0 0 314 2645 10995 bot 6 step 20
FT 1339 11112 37 0 0 0 0 0 0 310 2631 10995 bot 6 step 18
FT 1339 10951 0 0 0 0 0 0 0 264 2703 10995 bot 0 step 0
FT 1340 11169 41 0 0 0 0 0 0 263 2720 10995 bot 7 step 21
FT 1341 11219 41 0 0 0 0 0 0 263 2720 10995 bot 8 step 19
FT 1341 10942 0 0 0 0 0 0 0 268 2734 10995 bot 0 step 0
FT 1342 11275 47 0 0 0 0 0 0 266 2710 10995 bot 8 step 24
FT 1343 11040 50 0 0 0 0 0 0 266 2706 10995 bot 9 step 20
FT 1343 11119 0 0 0 0 0 0 0 284 2706 10995 bot 0 step 0
FT 1344 11182 35 0 0 0 0 0 0 300 2729 10995 bot 6 step 16
FT 1345 11128 41 0 0 0 0 0 0 272 2683 10995 bot 6 step 21
FT 1345 11021 0 0 0 0 0 0 0 266 2676 10995 bot 0 step 0
FT 1346 11086 50 0 0 0 0 0 0 266 2673 10995 bot 6 step 17
FT 1347 11076 36 0 0 0 0 0 0 268 2658 10995 bot 7 step 17
FT 1347 11091 0 0 0 0 0 0 0 270 2670 10995 bot 0 step 0
FT 1348 11307 42 0 0 0 0 0 0 266 2657 10995 bot 8 step 20
FT 1349 10994 37 0 0 0 0 0 0 264 2668 10995 bot 7 step 17
FT 1349 11150 0 0 0 0 0 0 0 275 2667 10995 bot 0 step 0
FT 1350 11158 43 0 0 0 0 0 0 293 2688 10995 bot 7 step 22
FT 1351 11043 39 0 0 0 0 0 0 291 2667 10995 bot 7 step 19
FT 1351 11077 0 0 0 0 0 0 0 280 2668 10995 bot 0 step 0
FT 1352 11187 53 0 0 0 0 0 0 268 2671 10995 bot 10 step 27
FT 1353 11047 43 0 0 0 0 0 0 347 2668 10995 bot 8 step 20
FT 1353 11081 0 0 0 0 0 0 0 268 2677 10995 bot 0 step 0
FT 1354 11074 44 0 0 0 0 0 0 266 2664 10995 bot 8 step 21
FT 1355 11254 40 0 0 0 0 0 0 266 2670 10995 bot 8 step 18
FT 1355 11148 0 0 0 0 0 0 0 259 2677 10995 bot 0 step 0
FT 1356 10906 36 0 0 0 0 0 0 289 2680 10995 bot 6 step 16
FT 1357 11275 36 0 0 0 0 0 0 381 2674 10995 bot 7 step 16
FT 1357 11010 0 0 0 0 0 0 0 370 2660 10995 bot 0 step 0
FT 1358 11157 43 0 0 0 0 0 0 261 2657 10995 bot 8 step 20
FT 1359 11143 62 0 0 0 0 0 0 263 2654 10995 bot 8 step 19
FT 1359 10925 0 0 0 0 0 0 0 266 2677 10995 bot 0 step 0
FT 1360 11316 42 0 0 0 0 0 0 266 2661 10995 bot 8 step 19
FT 1361 11185 42 0 0 0 0 0 0 266 2658 10995 bot 7 step 21
FT 1361 10829 0 0 0 0 0 0 0 284 2677 10995 bot 0 step 0
FT 1362 11355 36 0 0 0 0 0 0 307 2651 10995 bot 7 step 17
FT 1363 11060 43 0 0 0 0 0 0 282 2661 10995 bot 7 step 22
FT 1363 10937 0 0 0 0 0 0 0 266 2664 10995 bot 0 step 0
FT 1364 11130 36 0 0 0 0 0 0 272 2657 10995 bot 7 step 16
FT 1365 11304 43 0 0 0 0 0 0 270 2657 10995 bot 8 step 20
FT 1365 11017 0 0 0 0 0 0 0 279 2651 10995 bot 0 step 0
FT 1366 11185 44 0 0 0 0 0 0 266 2655 10995 bot 8 step 22
FT 1367 11114 43 0 0 0 0 0 0 272 2673 10995 bot 8 step 20
FT 1367 18948 0 0 0 0 0 0 0 287 2665 10995 bot 0 step 0
FT 1368 3132 42 0 0 0 0 0 0 293 2654 10995 bot 7 step 17
FT 1369 11219 38 0 0 0 0 0 0 375 2673 10995 bot 6 step 18
FT 1369 11107 0 0 0 0 0 0 0 337 2653 10995 bot 0 step 0
FT 1370 11108 37 0 0 0 0 0 0 268 2650 10995 bot 7 step 17
FT 1371 11075 45 0 0 0 0 0 0 263 2655 10995 bot 8 step 22
FT 1371 11082 0 0 0 0 0 0 0 266 2660 10995 bot 0 step 0
FT 1372 11367 36 0 0 0 0 0 0 268 2667 10995 bot 6 step 16
FT 1373 11090 36 0 0 0 0 0 0 266 2667 10945 bot 7 step 17
FT 1373 10961 0 0 0 0 0 0 0 317 2680 10945 bot 0 step 0
FT 1374 11134 35 0 0 0 0 0 0 324 2690 10945 bot 6 step 16
FT 1375 11124 35 0 0 0 0 0 0 275 2654 10945 bot 7 step 15
FT 1375 11041 0 0 0 0 0 0 0 266 2663 10945 bot 0 step 0
FT 1376 11117 39 0 0 0 0 0 0 263 2651 10945 bot 7 step 16
FT 1377 11048 42 0 0 0 0 0 0 266 2671 10945 bot 8 step 20
FT 1377 11145 0 0 0 0 0 0 0 268 2668 10945 bot 0 step 0
FT 1378 11307 41 0 0 0 0 0 0 261 2668 10945 bot 7 step 19
FT 1379 11045 38 0 0 0 0 0 0 261 2681 10945 bot 7 step 17
FT 1379 10770 0 0 0 0 0 0 0 303 2678 10945 bot 0 step 0
FT 1380 11271 39 0 0 0 0 0 0 312 2677 10945 bot 7 step 17
FT 1381 11221 44 0 0 0 0 0 0 291 2697 10945 bot 6 step 23
FT 1381 11070 0 0 0 0 0 0 0 340 2691 10945 bot 0 step 0
FT 1382 11080 57 0 0 0 0 0 0 261 2686 10945 bot 7 step 17
FT 1383 11097 43 0 0 0 0 0 0 266 2680 10945 bot 8 step 20
FT 1383 11036 0 0 0 0 0 0 0 268 2726 10945 bot 0 step 0
FT 1384 11285 66 0 0 0 0 0 0 303 2651 10945 bot 8 step 21
FT 1385 11125 42 0 0 0 0 0 0 268 2648 10945 bot 10 step 17
FT 1385 11130 0 0 0 0 0 0 0 289 2665 10945 bot 0 step 0
FT 1386 10801 43 0 0 0 0 0 0 326 2673 10945 bot 7 step 17
FT 1387 11231 42 0 0 0 0 0 0 347 2654 10945 bot 7 step 16
FT 1387 10855 0 0 0 0 0 0 0 287 2648 10945 bot 0 step 0
FT 1388 11251 42 0 0 0 0 0 0 263 2650 10945 bot 7 step 16
FT 1389 11434 43 0 0 0 0 0 0 268 2648 10945 bot 8 step 19
FT 1389 11134 0 0 0 0 0 0 0 264 2641 10945 bot 0 step 0
FT 1390 11042 41 0 0 0 0 0 0 273 2683 10945 bot 8 step 19
FT 1391 11196 38 0 0 0 0 0 0 277 2647 10945 bot 7 step 17
FT 1391 11010 0 0 0 0 0 0 0 279 2661 10945 bot 0 step 0
FT 1392 11127 36 0 0 0 0 0 0 300 2661 10945 bot 6 step 16
FT 1393 11100 41 0 0 0 0 0 0 307 2644 10945 bot 7 step 16
FT 1393 11001 0 0 0 0 0 0 0 268 2642 10945 bot 0 step 0
FT 1394 11044 42 0 0 0 0 0 0 264 2638 10945 bot 7 step 20
FT 1395 11213 41 0 0 0 0 0 0 268 2637 10945 bot 8 step 19
FT 1395 10994 0 0 0 0 0 0 0 282 2638 10945 bot 0 step 0
FT 1396 11277 44 0 0 0 0 0 0 268 2648 10945 bot 7 step 21
FT 1397 11072 42 0 0 0 0 0 0 263 2657 10945 bot 8 step 19
FT 1397 11102 0 0 0 0 0 0 0 293 2617 10945 bot 0 step 0
FT 1398 11049 46 0 0 0 0 0 0 275 2638 10945 bot 9 step 18
FT 1399 11262 37 0 0 0 0 0 0 280 2628 10945 bot 7 step 17
FT 1399 10994 0 0 0 0 0 0 0 266 2648 10945 bot 0 step 0
FT 1400 11059 46 0 0 0 0 0 0 264 2638 10945 bot 7 step 24
FT 1401 11278 41 0 0 0 0 0 0 331 2641 10945 bot 8 step 18
FT 1401 11038 0 0 0 0 0 0 0 268 2638 10945 bot 0 step 0
FT 1402 11183 44 0 0 0 0 0 0 272 2638 10945 bot 8 step 19
FT 1403 11082 42 0 0 0 0 0 0 277 2635 10945 bot 8 step 18
FT 1403 11105 0 0 0 0 0 0 0 284 2638 10945 bot 0 step 0
FT 1404 11010 33 0 0 0 0 0 0 282 2651 10945 bot 6 step 14
FT 1405 11236 32 0 0 0 0 0 0 270 2657 10945 bot 6 step 14
FT 1405 11059 0 0 0 0 0 0 0 303 2644 10945 bot 0 step 0
FT 1406 11082 54 0 0 0 0 0 0 270 2641 10945 bot 7 step 32
FT 1407 11156 39 0 0 0 0 0 0 264 2642 10945 bot 7 step 17
FT 1407 10909 0 0 0 0 0 0 0 264 2642 10945 bot 0 step 0
FT 1408 11358 41 0 0 0 0 0 0 266 2651 10945 bot 7 step 16
FT 1409 11127 56 0 0 0 0 0 0 264 2631 10945 bot 6 step 15
FT 1409 11016 0 0 0 0 0 0 0 280 2641 10945 bot 0 step 0
FT 1410 11148 34 0 0 0 0 0 0 293 2657 10945 bot 6 step 14
FT 1411 10939 34 0 0 0 0 0 0 287 2698 10945 bot 6 step 15
FT 1411 11156 0 0 0 0 0 0 0 263 2694 10945 bot 0 step 0
FT 1412 11110 39 0 0 0 0 0 0 263 2684 10945 bot 7 step 18
FT 1413 11189 39 0 0 0 0 0 0 261 2688 10945 bot 7 step 17
FT 1413 10938 0 0 0 0 0 0 0 284 2676 10945 bot 0 step 0
FT 1414 11349 40 0 0 0 0 0 0 275 2688 10945 bot 7 step 18
FT 1415 11099 39 0 0 0 0 0 0 268 2641 10945 bot 7 step 17
FT 1415 11078 0 0 0 0 0 0 0 277 2637 10945 bot 0 step 0
FT 1416 11081 36 0 0 0 0 0 0 280 2645 10945 bot 7 step 15
FT 1417 11180 34 0 0 0 0 0 0 277 2667 10945 bot 7 step 14
FT 1417 10963 0 0 0 0 0 0 0 324 2644 10945 bot 0 step 0
FT 1418 11052 33 0 0 0 0 0 0 273 2638 10945 bot 6 step 14
FT 1419 11010 40 0 0 0 0 0 0 273 2638 10945 bot 7 step 15
FT 1419 11197 0 0 0 0 0 0 0 300 2638 10945 bot 0 step 0
FT 1420 11291 38 0 0 0 0 0 0 263 2647 10945 bot 7 step 16
FT 1421 11081 39 0 0 0 0 0 0 268 2645 10945 bot 7 step 17
FT 1421 10948 0 0 0 0 0 0 0 277 2644 10945 bot 0 step 0
FT 1422 11377 33 0 0 0 0 0 0 277 2644 10945 bot 6 step 14
FT 1423 11104 33 0 0 0 0 0 0 282 2674 10945 bot 6 step 14
FT 1423 10995 0 0 0 0 0 0 0 317 2684 10945 bot 0 step 0
FT 1424 11221 39 0 0 0 0 0 0 270 2697 10945 bot 7 step 18
FT 1425 11006 38 0 0 0 0 0 0 263 2687 10945 bot 7 step 16
FT 1425 10927 0 0 0 0 0 0 0 272 2713 10945 bot 0 step 0
FT 1426 11330 41 0 0 0 0 0 0 273 2673 10945 bot 7 step 19
FT 1427 11074 41 0 0 0 0 0 0 263 2644 10945 bot 6 step 17
FT 1427 10864 0 0 0 0 0 0 0 277 2634 10945 bot 0 step 0
FT 1428 11453 35 0 0 0 0 0 0 273 2635 10945 bot 7 step 15
FT 1429 11165 34 0 0 0 0 0 0 264 2664 10945 bot 7 step 15
FT 1429 10912 0 0 0 0 0 0 0 333 2647 10945 bot 0 step 0
FT 1430 11231 43 0 0 0 0 0 0 270 2642 10945 bot 8 step 18
FT 1431 11160 39 0 0 0 0 0 0 296 2644 10945 bot 7 step 17
FT 1431 11113 0 0 0 0 0 0 0 300 2670 10945 bot 0 step 0
FT 1432 11204 43 0 0 0 0 0 0 291 2641 10945 bot 7 step 19
FT 1433 11073 60 0 0 0 0 0 0 344 2665 11038 bot 7 step 16
FT 1433 10808 0 0 0 0 0 0 0 331 2664 11038 bot 0 step 0
FT 1434 11298 35 0 0 0 0 0 0 294 2650 11038 bot 6 step 15
FT 1435 11143 38 0 0 0 0 0 0 289 2665 11038 bot 10 step 14
FT 1435 11027 0 0 0 0 0 0 0 282 2655 11038 bot 0 step 0
FT 1436 11175 36 0 0 0 0 0 0 266 2648 11038 bot 7 step 16
FT 1437 10966 61 0 0 0 0 0 0 263 2650 11038 bot 7 step 17
FT 1437 11248 0 0 0 0 0 0 0 275 2653 11038 bot 0 step 0
FT 1438 11264 37 0 0 0 0 0 0 286 2664 11038 bot 6 step 15
FT 1439 11073 39 0 0 0 0 0 0 266 2676 11038 bot 7 step 17
FT 1439 11022 0 0 0 0 0 0 0 287 2704 11038 bot 0 step 0
FT 1440 11159 37 0 0 0 0 0 0 273 2655 11038 bot 6 step 16
FT 1441 10927 35 0 0 0 0 0 0 263 2677 11038 bot 6 step 16
FT 1441 11127 0 0 0 0 0 0 0 328 2660 11038 bot 0 step 0
FT 1442 11156 53 0 0 0 0 0 0 268 2657 11038 bot 6 step 13
FT 1443 11071 36 0 0 0 0 0 0 268 2661 11038 bot 6 step 14
FT 1443 11077 0 0 0 0 0 0 0 273 2660 11038 bot 0 step 0
FT 1444 11163 34 0 0 0 0 0 0 270 2671 11038 bot 6 step 15
FT 1445 11249 44 0 0 0 0 0 0 266 2673 11038 bot 7 step 21
FT 1445 10883 0 0 0 0 0 0 0 273 2690 11038 bot 0 step 0
FT 1446 11310 34 0 0 0 0 0 0 287 2663 11038 bot 6 step 15
FT 1447 10948 39 0 0 0 0 0 0 287 2688 11038 bot 6 step 20
FT 1447 11028 0 0 0 0 0 0 0 312 2688 11038 bot 0 step 0
FT 1448 11168 33 0 0 0 0 0 0 263 2677 11038 bot 6 step 14
FT 1449 11324 48 0 0 0 0 0 0 273 2674 11038 bot 7 step 19
FT 1449 10872 0 0 0 0 0 0 0 284 2703 11038 bot 0 step 0
FT 1450 11508 37 0 0 0 0 0 0 277 2691 11038 bot 7 step 16
FT 1451 11034 35 0 0 0 0 0 0 264 2686 11038 bot 7 step 14
FT 1451 10959 0 0 0 0 0 0 0 296 2714 11038 bot 0 step 0
FT 1452 11172 33 0 0 0 0 0 0 307 2687 11038 bot 6 step 14
FT 1453 11090 34 0 0 0 0 0 0 268 2693 11038 bot 6 step 14
FT 1453 11056 0 0 0 0 0 0 0 316 2726 11038 bot 0 step 0
FT 1454 11076 36 0 0 0 0 0 0 264 2717 11038 bot 7 step 16
FT 1455 11180 38 0 0 0 0 0 0 261 2723 11038 bot 6 step 17
FT 1455 10999 0 0 0 0 0 0 0 303 2717 11038 bot 0 step 0
FT 1456 11110 49 0 0 0 0 0 0 261 2726 11038 bot 8 step 20
FT 1457 11333 52 0 0 0 0 0 0 261 2723 11038 bot 7 step 14
FT 1457 11012 0 0 0 0 0 0 0 287 2747 11038 bot 0 step 0
FT 1458 11112 33 0 0 0 0 0 0 293 2726 11038 bot 5 step 14
FT 1459 11076 36 0 0 0 0 0 0 266 2739 11038 bot 5 step 16
FT 1459 11135 0 0 0 0 0 0 0 284 2697 11038 bot 0 step 0
FT 1460 11008 35 0 0 0 0 0 0 257 2697 11038 bot 6 step 14
FT 1461 11165 38 0 0 0 0 0 0 264 2684 11038 bot 7 step 17
FT 1461 11093 0 0 0 0 0 0 0 301 2683 11038 bot 0 step 0
FT 1462 11322 43 0 0 0 0 0 0 266 2687 11038 bot 9 step 18
FT 1463 10989 40 0 0 0 0 0 0 266 2698 11038 bot 7 step 17
FT 1463 11028 0 0 0 0 0 0 0 284 2690 11038 bot 0 step 0
FT 1464 11177 34 0 0 0 0 0 0 293 2694 11038 bot 6 step 14
FT 1465 11167 33 0 0 0 0 0 0 293 2709 11038 bot 6 step 14
FT 1465 11012 0 0 0 0 0 0 0 321 2696 11038 bot 0 step 0
FT 1466 11034 40 0 0 0 0 0 0 319 2696 11038 bot 7 step 14
FT 1467 11233 38 0 0 0 0 0 0 268 2693 11038 bot 7 step 16
FT 1467 11057 0 0 0 0 0 0 0 363 2696 11038 bot 0 step 0
FT 1468 10998 33 0 0 0 0 0 0 264 2706 11038 bot 6 step 14
FT 1469 11220 44 0 0 0 0 0 0 337 2694 11038 bot 6 step 22
FT 1469 11008 0 0 0 0 0 0 0 264 2700 11038 bot 0 step 0
FT 1470 11315 34 0 0 0 0 0 0 289 2700 11038 bot 6 step 14
FT 1471 11103 36 0 0 0 0 0 0 280 2717 11038 bot 6 step 16
FT 1471 10816 0 0 0 0 0 0 0 349 2700 11038 bot 0 step 0
FT 1472 11377 39 0 0 0 0 0 0 270 2703 11038 bot 7 step 17
FT 1473 11095 43 0 0 0 0 0 0 266 2704 11038 bot 7 step 22
FT 1473 11086 0 0 0 0 0 0 0 270 2694 11038 bot 0 step 0
FT 1474 11206 41 0 0 0 0 0 0 263 2703 11038 bot 7 step 19
FT 1475 11090 41 0 0 0 0 0 0 275 2720 11038 bot 7 step 18
FT 1475 11024 0 0 0 0 0 0 0 289 2710 11038 bot 0 step 0
FT 1476 11167 34 0 0 0 0 0 0 286 2707 11038 bot 6 step 14
FT 1477 11098 34 0 0 0 0 0 0 266 2733 11038 bot 6 step 14
FT 1477 11035 0 0 0 0 0 0 0 328 2730 11038 bot 0 step 0
FT 1478 11137 47 0 0 0 0 0 0 323 2714 11038 bot 6 step 27
FT 1479 11096 38 0 0 0 0 0 0 277 2714 11038 bot 6 step 16
FT 1479 10939 0 0 0 0 0 0 0 270 2726 11038 bot 0 step 0
FT 1480 11365 39 0 0 0 0 0 0 266 2716 11038 bot 7 step 16
FT 1481 11160 54 0 0 0 0 0 0 270 2707 11038 bot 7 step 16
FT 1481 10993 0 0 0 0 0 0 0 277 2763 11038 bot 0 step 0
FT 1482 11111 33 0 0 0 0 0 0 307 2716 11038 bot 6 step 14
FT 1483 11148 34 0 0 0 0 0 0 263 2730 11038 bot 6 step 14
FT 1483 10858 0 0 0 0 0 0 0 298 2766 11038 bot 0 step 0
FT 1484 11160 38 0 0 0 0 0 0 259 2714 11038 bot 7 step 18
FT 1485 11230 40 0 0 0 0 0 0 266 2755 11038 bot 8 step 18
FT 1485 11035 0 0 0 0 0 0 0 263 2759 11038 bot 0 step 0
FT 1486 11246 41 0 0 0 0 0 0 263 2757 11038 bot 7 step 19
FT 1487 11118 39 0 0 0 0 0 0 264 2769 11038 bot 8 step 17
FT 1487 11047 0 0 0 0 0 0 0 280 2756 11038 bot 0 step 0
FT 1488 11230 33 0 0 0 0 0 0 287 2772 11038 bot 6 step 14
FT 1489 11000 35 0 0 0 0 0 0 280 2796 11038 bot 6 step 15
FT 1489 11080 0 0 0 0 0 0 0 319 2739 11038 bot 0 step 0
FT 1490 10998 38 0 0 0 0 0 0 263 2743 11038 bot 6 step 14
FT 1491 11171 38 0 0 0 0 0 0 263 2736 11038 bot 6 step 17
FT 1491 11012 0 0 0 0 0 0 0 266 2723 11038 bot 0 step 0
FT 1492 11289 38 0 0 0 0 0 0 291 2734 11038 bot 7 step 17
FT 1493 11251 38 0 0 0 0 0 0 280 2729 10958 bot 7 step 16
FT 1493 10920 0 0 0 0 0 0 0 273 2736 10958 bot 0 step 0
FT 1494 11213 37 0 0 0 0 0 0 282 2760 10958 bot 7 step 16
FT 1495 11104 33 0 0 0 0 0 0 282 2759 10958 bot 6 step 14
FT 1495 11038 0 0 0 0 0 0 0 409 2756 10958 bot 0 step 0
FT 1496 11193 46 0 0 0 0 0 0 294 2793 10958 bot 18 step 14
FT 1497 11263 43 0 0 0 0 0 0 284 2790 10958 bot 8 step 18
FT 1497 10989 0 0 0 0 0 0 0 273 2789 10958 bot 0 step 0
FT 1498 11062 38 0 0 0 0 0 0 289 2801 10958 bot 7 step 16
FT 1499 11166 39 0 0 0 0 0 0 279 2773 10958 bot 7 step 17
FT 1499 10842 0 0 0 0 0 0 0 287 2783 10958 bot 0 step 0
FT 1500 11231 33 0 0 0 0 0 0 275 2786 10958 bot 6 step 14
FT 1501 11230 40 0 0 0 0 0 0 282 2785 10958 bot 6 step 21
FT 1501 11172 0 0 0 0 0 0 0 358 2734 10958 bot 0 step 0
FT 1502 18607 43 0 0 0 0 0 0 268 2749 10958 bot 7 step 17
FT 1503 3283 38 0 0 0 0 0 0 282 2730 10958 bot 7 step 17
FT 1503 11042 0 0 0 0 0 0 0 287 2736 10958 bot 0 step 0
FT 1504 11378 42 0 0 0 0 0 0 307 2744 10958 bot 7 step 19
FT 1505 11166 60 0 0 0 0 0 0 266 2740 10958 bot 7 step 17
FT 1505 10946 0 0 0 0 0 0 0 279 2746 10958 bot 0 step 0
FT 1506 11297 38 0 0 0 0 0 0 282 2743 10958 bot 6 step 14
FT 1507 11164 33 0 0 0 0 0 0 277 2756 10958 bot 6 step 14
FT 1507 10962 0 0 0 0 0 0 0 270 2753 10958 bot 0 step 0
FT 1508 11131 33 0 0 0 0 0 0 263 2763 10958 bot 7 step 13
FT 1509 11227 38 0 0 0 0 0 0 268 2756 10958 bot 7 step 17
FT 1509 10848 0 0 0 0 0 0 0 261 2753 10958 bot 0 step 0
FT 1510 11261 43 0 0 0 0 0 0 264 2750 10958 bot 6 step 22
FT 1511 11127 39 0 0 0 0 0 0 263 2759 10958 bot 7 step 17
FT 1511 11143 0 0 0 0 0 0 0 282 2759 10958 bot 0 step 0
FT 1512 11115 33 0 0 0 0 0 0 286 2780 10958 bot 6 step 14
FT 1513 11187 43 0 0 0 0 0 0 354 2782 10958 bot 7 step 19
FT 1513 11081 0 0 0 0 0 0 0 342 2763 10958 bot 0 step 0
FT 1514 10971 34 0 0 0 0 0 0 298 2763 10958 bot 6 step 14
FT 1515 11151 33 0 0 0 0 0 0 261 2779 10958 bot 6 step 14
FT 1515 11044 0 0 0 0 0 0 0 321 2779 10958 bot 0 step 0
FT 1516 11241 41 0 0 0 0 0 0 261 2769 10958 bot 7 step 20
FT 1517 11244 42 0 0 0 0 0 0 263 2776 10958 bot 7 step 18
FT 1517 10965 0 0 0 0 0 0 0 275 2792 10958 bot 0 step 0
FT 1518 11116 32 0 0 0 0 0 0 291 2789 10958 bot 6 step 14
FT 1519 11158 35 0 0 0 0 0 0 268 2782 10958 bot 6 step 16
FT 1519 11042 0 0 0 0 0 0 0 307 2795 10958 bot 0 step 0
FT 1520 11298 38 0 0 0 0 0 0 316 2815 10958 bot 7 step 16
FT 1521 11010 39 0 0 0 0 0 0 263 2842 10958 bot 7 step 17
FT 1521 10794 0 0 0 0 0 0 0 263 2826 10958 bot 0 step 0
FT 1522 11478 39 0 0 0 0 0 0 263 2779 10958 bot 7 step 17
FT 1523 10949 43 0 0 0 0 0 0 263 2838 10958 bot 7 step 22
FT 1523 11116 0 0 0 0 0 0 0 275 2857 10958 bot 0 step 0
FT 1524 11150 34 0 0 0 0 0 0 277 2846 10958 bot 6 step 15
FT 1525 11051 34 0 0 0 0 0 0 279 2832 10958 bot 6 step 14
FT 1525 11072 0 0 0 0 0 0 0 266 2838 10958 bot 0 step 0
FT 1526 11180 34 0 0 0 0 0 0 266 2832 10958 bot 6 step 15
FT 1527 11021 60 0 0 0 0 0 0 264 2815 10958 bot 7 step 23
FT 1527 11101 0 0 0 0 0 0 0 266 2822 10958 bot 0 step 0
FT 1528 11278 38 0 0 0 0 0 0 287 2818 10958 bot 7 step 17
FT 1529 11167 58 0 0 0 0 0 0 263 2802 10958 bot 7 step 17
FT 1529 11022 0 0 0 0 0 0 0 291 2885 10958 bot 0 step 0
FT 1530 11103 40 0 0 0 0 0 0 284 2502 10958 bot 7 step 19
FT 1531 13158 2061 0 2000 1 0 0 0 301 2729 10958 bot 6 step 16
FT 1531 8990 0 0 0 0 0 0 0 266 2859 10958 bot 0 step 0
FT 1532 11013 38 0 0 0 0 0 0 412 2829 10958 bot 6 step 20
FT 1533 11180 58 0 0 0 0 0 0 266 2815 10958 bot 6 step 37
FT 1533 11050 0 0 0 0 0 0 0 268 2858 10958 bot 0 step 0
FT 1534 11483 47 0 0 0 0 0 0 289 2857 10958 bot 6 step 25
FT 1535 10962 40 0 0 0 0 0 0 266 2846 10958 bot 7 step 18
FT 1535 10995 0 0 0 0 0 0 0 287 2828 10958 bot 0 step 0
FT 1536 11175 40 0 0 0 0 0 0 279 2821 10958 bot 7 step 19
FT 1537 11020 44 0 0 0 0 0 0 282 2788 10958 bot 7 step 17
FT 1537 11159 0 0 0 0 0 0 0 261 2773 10958 bot 0 step 0
FT 1538 11828 727 0 0 0 0 0 0 264 2724 10958 bot 701 step 12
FT 1539 10258 40 0 0 0 0 0 0 266 2704 10958 bot 6 step 16
FT 1539 11181 0 0 0 0 0 0 0 432 2658 10958 bot 0 step 0
FT 1540 11101 34 0 0 0 0 0 0 264 2628 10958 bot 6 step 15
FT 1541 11270 39 0 0 0 0 0 0 268 2604 10958 bot 6 step 19
FT 1541 10840 0 0 0 0 0 0 0 263 2579 10958 bot 0 step 0
FT 1542 11390 34 0 0 0 0 0 0 279 2542 10958 bot 5 step 15
FT 1543 11119 39 0 0 0 0 0 0 277 2526 10958 bot 6 step 20
FT 1543 11077 0 0 0 0 0 0 0 287 2517 10958 bot 0 step 0
FT 1544 11091 46 0 0 0 0 0 0 326 2460 10958 bot 6 step 26
FT 1545 11090 38 0 0 0 0 0 0 273 2470 10958 bot 6 step 19
FT 1545 11097 0 0 0 0 0 0 0 330 2457 10958 bot 0 step 0
FT 1546 11141 43 0 0 0 0 0 0 280 2453 10958 bot 7 step 21
FT 1547 10986 39 0 0 0 0 0 0 268 2484 10958 bot 7 step 18
FT 1547 11189 0 0 0 0 0 0 0 273 2457 10958 bot 0 step 0
FT 1548 11036 33 0 0 0 0 0 0 287 2457 10958 bot 6 step 14
FT 1549 11117 35 0 0 0 0 0 0 277 2463 10958 bot 6 step 16
FT 1549 11153 0 0 0 0 0 0 0 284 2460 10958 bot 0 step 0
FT 1550 11226 35 0 0 0 0 0 0 301 2453 10958 bot 6 step 15
FT 1551 10974 34 0 0 0 0 0 0 264 2461 10958 bot 6 step 15
FT 1551 11162 0 0 0 0 0 0 0 268 2502 10958 bot 0 step 0
FT 1552 11063 38 0 0 0 0 0 0 268 2463 10958 bot 7 step 17
FT 1553 11143 39 0 0 0 0 0 0 264 2444 10958 bot 7 step 18
FT 1553 10922 0 0 0 0 0 0 0 264 2448 10958 bot 0 step 0
FT 1554 11093 42 0 0 0 0 0 0 279 2453 10958 bot 6 step 17
FT 1555 11435 33 0 0 0 0 0 0 273 2457 10958 bot 6 step 14
FT 1555 10961 0 0 0 0 0 0 0 275 2484 10958 bot 0 step 0
FT 1556 11177 33 0 0 0 0 0 0 333 2457 10958 bot 6 step 14
FT 1557 11055 35 0 0 0 0 0 0 266 2470 10958 bot 6 step 16
FT 1557 11144 0 0 0 0 0 0 0 263 2460 10958 bot 0 step 0
FT 1558 11218 39 0 0 0 0 0 0 264 2457 10958 bot 7 step 17
FT 1559 11059 38 0 0 0 0 0 0 263 2454 10958 bot 6 step 17
FT 1559 11018 0 0 0 0 0 0 0 287 2482 10958 bot 0 step 0
FT 1560 11194 39 0 0 0 0 0 0 280 2464 10958 bot 7 step 17
FT 1561 11135 39 0 0 0 0 0 0 300 2489 10958 bot 7 step 18
FT 1561 11053 0 0 0 0 0 0 0 470 2480 10958 bot 0 step 0
FT 1562 11009 33 0 0 0 0 0 0 370 2460 10958 bot 6 step 14
FT 1563 11150 63 0 0 0 0 0 0 266 2470 10958 bot 6 step 26
FT 1563 11109 0 0 0 0 0 0 0 303 2467 10958 bot 0 step 0
FT 1564 11039 39 0 0 0 0 0 0 268 2467 10958 bot 6 step 16
FT 1565 11294 39 0 0 0 0 0 0 266 2457 10958 bot 7 step 17
FT 1565 10983 0 0 0 0 0 0 0 275 2463 10958 bot 0 step 0
FT 1566 11278 37 0 0 0 0 0 0 279 2460 10958 bot 11 step 13
FT 1567 11062 33 0 0 0 0 0 0 287 2486 10958 bot 6 step 14
FT 1567 11021 0 0 0 0 0 0 0 294 2482 10958 bot 0 step 0
FT 1568 11172 37 0 0 0 0 0 0 266 2490 10958 bot 6 step 18
FT 1569 11032 48 0 0 0 0 0 0 264 2487 10958 bot 6 step 28
FT 1569 10935 0 0 0 0 0 0 0 266 2473 10958 bot 0 step 0
FT 1570 11342 39 0 0 0 0 0 0 266 2489 10958 bot 7 step 17
FT 1571 11152 37 0 0 0 0 0 0 266 2440 10958 bot 6 step 16
FT 1571 11068 0 0 0 0 0 0 0 275 2440 10958 bot 0 step 0
FT 1572 11177 39 0 0 0 0 0 0 279 2444 10958 bot 7 step 17
FT 1573 11131 33 0 0 0 0 0 0 287 2456 10958 bot 6 step 13
FT 1573 11009 0 0 0 0 0 0 0 268 2474 10958 bot 0 step 0
FT 1574 11160 39 0 0 0 0 0 0 298 2443 10958 bot 6 step 19
FT 1575 11081 33 0 0 0 0 0 0 261 2461 10958 bot 6 step 14
FT 1575 10877 0 0 0 0 0 0 0 300 2470 10958 bot 0 step 0
FT 1576 11332 36 0 0 0 0 0 0 270 2480 10958 bot 6 step 17
FT 1577 11277 40 0 0 0 0 0 0 264 2470 10958 bot 7 step 17
FT 1577 11031 0 0 0 0 0 0 0 296 2470 10958 bot 0 step 0
FT 1578 11137 37 0 0 0 0 0 0 270 2487 10958 bot 6 step 15
FT 1579 11125 37 0 0 0 0 0 0 266 2487 10958 bot 6 step 18
FT 1579 10985 0 0 0 0 0 0 0 280 2529 10958 bot 0 step 0
FT 1580 11188 50 0 0 0 0 0 0 270 2543 10958 bot 21 step 16
FT 1581 10918 32 0 0 0 0 0 0 261 2549 10958 bot 6 step 15
FT 1581 11141 0 0 0 0 0 0 0 298 2548 10958 bot 0 step 0
FT 1582 11337 38 0 0 0 0 0 0 266 2555 10958 bot 7 step 17
FT 1583 11122 39 0 0 0 0 0 0 261 2565 10958 bot 7 step 18
FT 1583 10947 0 0 0 0 0 0 0 293 2493 10958 bot 0 step 0
FT 1584 11262 31 0 0 0 0 0 0 293 2506 10958 bot 6 step 13
FT 1585 10935 34 0 0 0 0 0 0 284 2543 10958 bot 6 step 15
FT 1585 11188 0 0 0 0 0 0 0 317 2551 10958 bot 0 step 0
FT 1586 11124 44 0 0 0 0 0 0 300 2565 10958 bot 6 step 15
FT 1587 11081 53 0 0 0 0 0 0 259 2568 10958 bot 7 step 15
FT 1587 11019 0 0 0 0 0 0 0 305 2614 10958 bot 0 step 0
FT 1588 11200 45 0 0 0 0 0 0 263 2630 10958 bot 7 step 23
FT 1589 11077 32 0 0 0 0 0 0 321 2674 10958 bot 6 step 14
FT 1589 11216 0 0 0 0 0 0 0 273 2700 10958 bot 0 step 0
FT 1590 11108 37 0 0 0 0 0 0 287 2766 10958 bot 6 step 17
FT 1591 11149 39 0 0 0 0 0 0 354 2792 10958 bot 6 step 19
FT 1591 10931 0 0 0 0 0 0 0 270 2872 10958 bot 0 step 0
FT 1592 11145 33 0 0 0 0 0 0 344 2897 10958 bot 6 step 15
FT 1593 11117 41 0 0 0 0 0 0 272 2938 10958 bot 8 step 19
FT 1593 10949 0 0 0 0 0 0 0 305 2963 10958 bot 0 step 0
FT 1594 11319 41 0 0 0 0 0 0 266 2990 10958 bot 6 step 20
FT 1595 11246 40 0 0 0 0 0 0 259 2983 10958 bot 7 step 19
FT 1595 10918 0 0 0 0 0 0 0 280 2990 10958 bot 0 step 0
FT 1596 11107 48 0 0 0 0 0 0 284 2980 10958 bot 8 step 20
FT 1597 11206 35 0 0 0 0 0 0 277 2996 10958 bot 6 step 16
FT 1597 11031 0 0 0 0 0 0 0 263 3016 10958 bot 0 step 0
FT 1598 11121 33 0 0 0 0 0 0 317 3000 10958 bot 6 step 15
FT 1599 10987 51 0 0 0 0 0 0 259 2994 10958 bot 7 step 18
FT 1599 11149 0 0 0 0 0 0 0 351 3000 10958 bot 0 step 0
FT 1600 11248 40 0 0 0 0 0 0 263 3023 10958 bot 7 step 19
FT 1601 11153 41 0 0 0 0 0 0 314 3013 10958 bot 7 step 19
FT 1601 11018 0 0 0 0 0 0 0 280 3009 10958 bot 0 step 0
FT 1602 11268 34 0 0 0 0 0 0 280 3012 10958 bot 6 step 15
FT 1603 11627 677 0 0 0 0 0 0 284 3023 10958 bot 649 step 14
FT 1603 10466 0 0 0 0 0 0 0 307 2898 10958 bot 0 step 0
FT 1604 11059 34 0 0 0 0 0 0 279 2457 10958 bot 6 step 16
FT 1605 11186 45 0 0 0 0 0 0 356 2483 10958 bot 7 step 19
FT 1605 10811 0 0 0 0 0 0 0 234 2441 10958 bot 0 step 0
FT 1606 11411 42 0 0 0 0 0 0 247 2460 10958 bot 6 step 23
FT 1607 11188 79 0 0 0 0 0 0 234 2433 10958 bot 7 step 58
FT 1607 11029 0 0 0 0 0 0 0 252 2443 10958 bot 0 step 0
FT 1608 11163 42 0 0 0 0 0 0 256 2437 10958 bot 6 step 23
FT 1609 11088 35 0 0 0 0 0 0 263 2444 10958 bot 5 step 17
FT 1609 11039 0 0 0 0 0 0 0 239 2457 10958 bot 0 step 0
FT 1610 11187 49 0 0 0 0 0 0 287 2430 10958 bot 21 step 15
FT 1611 11007 54 0 0 0 0 0 0 241 2460 10958 bot 21 step 15
FT 1611 11031 0 0 0 0 0 0 0 245 2499 10958 bot 0 step 0
FT 1612 11090 33 0 0 0 0 0 0 238 2483 10958 bot 6 step 15
FT 1613 11214 39 0 0 0 0 0 0 238 2482 11024 bot 7 step 18
FT 1613 10946 0 0 0 0 0 0 0 244 2482 11024 bot 0 step 0
FT 1614 11367 53 0 0 0 0 0 0 254 2486 11024 bot 7 step 17
FT 1615 11161 39 0 0 0 0 0 0 248 2502 11024 bot 11 step 15
FT 1615 11000 0 0 0 0 0 0 0 294 2487 11024 bot 0 step 0
FT 1616 11103 34 0 0 0 0 0 0 305 2486 11024 bot 6 step 15
FT 1617 11169 41 0 0 0 0 0 0 273 2428 11024 bot 7 step 19
FT 1617 11036 0 0 0 0 0 0 0 247 2431 11024 bot 0 step 0
FT 1618 11914 765 0 0 0 0 0 0 252 2430 11024 bot 738 step 14
FT 1619 10492 42 0 0 0 0 0 0 246 2471 11024 bot 7 step 19
FT 1619 10948 0 0 0 0 0 0 0 317 2430 11024 bot 0 step 0
FT 1620 11209 34 0 0 0 0 0 0 252 2427 11024 bot 6 step 15
FT 1621 11048 36 0 0 0 0 0 0 259 2454 11024 bot 6 step 18
FT 1621 11155 0 0 0 0 0 0 0 398 2450 11024 bot 0 step 0
FT 1622 11080 42 0 0 0 0 0 0 266 2470 11024 bot 6 step 16
FT 1623 11076 36 0 0 0 0 0 0 254 2454 11024 bot 6 step 15
FT 1623 11136 0 0 0 0 0 0 0 252 2463 11024 bot 0 step 0
FT 1624 11142 42 0 0 0 0 0 0 247 2444 11024 bot 7 step 21
FT 1625 11061 44 0 0 0 0 0 0 268 2434 11024 bot 8 step 21
FT 1625 11041 0 0 0 0 0 0 0 277 2451 11024 bot 0 step 0
FT 1626 11216 42 0 0 0 0 0 0 259 2440 11024 bot 7 step 17
FT 1627 11060 34 0 0 0 0 0 0 263 2444 11024 bot 5 step 15
FT 1627 10918 0 0 0 0 0 0 0 250 2450 11024 bot 0 step 0
FT 1628 11197 34 0 0 0 0 0 0 246 2453 11024 bot 6 step 16
FT 1629 11206 37 0 0 0 0 0 0 246 2456 11024 bot 8 step 16
FT 1629 11038 0 0 0 0 0 0 0 393 2444 11024 bot 0 step 0
FT 1630 11287 40 0 0 0 0 0 0 246 2444 11024 bot 7 step 18
FT 1631 11014 44 0 0 0 0 0 0 252 2444 11024 bot 7 step 19
FT 1631 11113 0 0 0 0 0 0 0 266 2450 11024 bot 0 step 0
FT 1632 11286 34 0 0 0 0 0 0 277 2441 11024 bot 6 step 15
FT 1633 11634 661 0 0 0 0 0 0 272 2466 11024 bot 631 step 15
FT 1633 10244 0 0 0 0 0 0 0 307 2470 11024 bot 0 step 0
FT 1634 11375 65 0 0 0 0 0 0 268 2451 11024 bot 7 step 21
FT 1635 11023 34 0 0 0 0 0 0 247 2457 11024 bot 6 step 15
FT 1635 11074 0 0 0 0 0 0 0 287 2456 11024 bot 0 step 0
FT 1636 11245 41 0 0 0 0 0 0 250 2459 11024 bot 6 step 21
FT 1637 18252 45 0 0 0 0 0 0 250 2467 11024 bot 7 step 19
FT 1637 3829 0 0 0 0 0 0 0 284 2464 11024 bot 0 step 0
FT 1638 11210 62 0 0 0 0 0 0 261 2456 11024 bot 7 step 19
FT 1639 11091 36 0 0 0 0 0 0 321 2467 11024 bot 5 step 17
FT 1639 11048 0 0 0 0 0 0 0 272 2532 11024 bot 0 step 0
FT 1640 11205 58 0 0 0 0 0 0 310 2546 11024 bot 6 step 38
FT 1641 10967 35 0 0 0 0 0 0 270 2497 11024 bot 6 step 16
FT 1641 11083 0 0 0 0 0 0 0 307 2552 11024 bot 0 step 0
FT 1642 11344 38 0 0 0 0 0 0 264 2523 11024 bot 6 step 18
FT 1643 11094 45 0 0 0 0 0 0 263 2490 11024 bot 7 step 24
FT 1643 10847 0 0 0 0 0 0 0 284 2519 11024 bot 0 step 0
FT 1644 11132 34 0 0 0 0 0 0 310 2464 11024 bot 5 step 16
FT 1645 11164 37 0 0 0 0 0 0 282 2456 11024 bot 6 step 17
FT 1645 10939 0 0 0 0 0 0 0 273 2450 11024 bot 0 step 0
FT 1646 11357 34 0 0 0 0 0 0 268 2467 11024 bot 5 step 16
FT 1647 11116 48 0 0 0 0 0 0 270 2525 11024 bot 6 step 26
FT 1647 11043 0 0 0 0 0 0 0 261 2509 11024 bot 0 step 0
FT 1648 11089 40 0 0 0 0 0 0 263 2497 11024 bot 7 step 19
FT 1649 11163 40 0 0 0 0 0 0 270 2483 11024 bot 7 step 18
FT 1649 11147 0 0 0 0 0 0 0 263 2493 11024 bot 0 step 0
FT 1650 11100 40 0 0 0 0 0 0 284 2486 11024 bot 7 step 18
FT 1651 11134 37 0 0 0 0 0 0 279 2489 11024 bot 7 step 16
FT 1651 10917 0 0 0 0 0 0 0 263 2494 11024 bot 0 step 0
FT 1652 11202 40 0 0 0 0 0 0 273 2497 11024 bot 6 step 16
FT 1653 11031 34 0 0 0 0 0 0 264 2496 11024 bot 6 step 14
FT 1653 11214 0 0 0 0 0 0 0 266 2493 11024 bot 0 step 0
FT 1654 11215 39 0 0 0 0 0 0 261 2496 11024 bot 7 step 18
FT 1655 11103 39 0 0 0 0 0 0 263 2493 11024 bot 7 step 18
FT 1655 11008 0 0 0 0 0 0 0 277 2494 11024 bot 0 step 0
FT 1656 11024 34 0 0 0 0 0 0 284 2492 11024 bot 6 step 15
FT 1657 11312 33 0 0 0 0 0 0 279 2484 11024 bot 5 step 15
FT 1657 11069 0 0 0 0 0 0 0 293 2500 11024 bot 0 step 0
FT 1658 11075 33 0 0 0 0 0 0 277 2493 11024 bot 6 step 14
FT 1659 10941 33 0 0 0 0 0 0 263 2490 11024 bot 6 step 14
FT 1659 11227 0 0 0 0 0 0 0 338 2490 11024 bot 0 step 0
FT 1660 11316 39 0 0 0 0 0 0 264 2486 11024 bot 6 step 18
FT 1661 11112 39 0 0 0 0 0 0 264 2486 11024 bot 7 step 18
FT 1661 10971 0 0 0 0 0 0 0 284 2489 11024 bot 0 step 0
FT 1662 11059 50 0 0 0 0 0 0 286 2496 11024 bot 6 step 15
FT 1663 11241 33 0 0 0 0 0 0 286 2496 11024 bot 6 step 15
FT 1663 11039 0 0 0 0 0 0 0 287 2517 11024 bot 0 step 0
FT 1664 11104 33 0 0 0 0 0 0 296 2520 11024 bot 6 step 14
FT 1665 11158 34 0 0 0 0 0 0 300 2507 11024 bot 6 step 14
FT 1665 10929 0 0 0 0 0 0 0 356 2509 11024 bot 0 step 0
FT 1666 11343 46 0 0 0 0 0 0 261 2496 11024 bot 7 step 24
FT 1667 11076 39 0 0 0 0 0 0 331 2499 11024 bot 6 step 17
FT 1667 11054 0 0 0 0 0 0 0 280 2519 11024 bot 0 step 0
FT 1668 11197 39 0 0 0 0 0 0 279 2496 11024 bot 7 step 17
FT 1669 11092 35 0 0 0 0 0 0 284 2519 11024 bot 5 step 17
FT 1669 11033 0 0 0 0 0 0 0 298 2506 11024 bot 0 step 0
FT 1670 11079 33 0 0 0 0 0 0 273 2503 11024 bot 6 step 15
FT 1671 11171 37 0 0 0 0 0 0 266 2561 11024 bot 6 step 17
FT 1671 10988 0 0 0 0 0 0 0 268 2556 11024 bot 0 step 0
FT 1672 11326 39 0 0 0 0 0 0 268 2507 11024 bot 6 step 17
FT 1673 10933 43 0 0 0 0 0 0 268 2505 10978 bot 9 step 18
FT 1673 11201 0 0 0 0 0 0 0 287 2500 10978 bot 0 step 0
FT 1674 11211 44 0 0 0 0 0 0 289 2505 10978 bot 7 step 23
FT 1675 11020 34 0 0 0 0 0 0 337 2551 10978 bot 6 step 15
FT 1675 10909 0 0 0 0 0 0 0 268 2551 10978 bot 0 step 0
FT 1676 11331 36 0 0 0 0 0 0 264 2555 10978 bot 6 step 15
FT 1677 11166 35 0 0 0 0 0 0 261 2584 10978 bot 6 step 15
FT 1677 10755 0 0 0 0 0 0 0 301 2644 10978 bot 0 step 0
FT 1678 11185 48 0 0 0 0 0 0 312 2586 10978 bot 8 step 19
FT 1679 11294 44 0 0 0 0 0 0 326 2513 10978 bot 7 step 23
FT 1679 11074 0 0 0 0 0 0 0 280 2510 10978 bot 0 step 0
FT 1680 11043 46 0 0 0 0 0 0 275 2532 10978 bot 7 step 18
FT 1681 11227 35 0 0 0 0 0 0 275 2510 10978 bot 6 step 16
FT 1681 10997 0 0 0 0 0 0 0 263 2505 10978 bot 0 step 0
FT 1682 11223 38 0 0 0 0 0 0 270 2507 10978 bot 6 step 19
FT 1683 11034 34 0 0 0 0 0 0 261 2510 10978 bot 6 step 14
FT 1683 10960 0 0 0 0 0 0 0 261 2509 10978 bot 0 step 0
FT 1684 11230 45 0 0 0 0 0 0 259 2515 10978 bot 7 step 18
FT 1685 11058 48 0 0 0 0 0 0 259 2519 10978 bot 7 step 18
FT 1685 11027 0 0 0 0 0 0 0 277 2519 10978 bot 0 step 0
FT 1686 11434 63 0 0 0 0 0 0 277 2513 10978 bot 6 step 17
FT 1687 11064 34 0 0 0 0 0 0 261 2512 10978 bot 6 step 14
FT 1687 10993 0 0 0 0 0 0 0 263 2529 10978 bot 0 step 0
FT 1688 11149 42 0 0 0 0 0 0 287 2520 10978 bot 7 step 17
FT 1689 11168 42 0 0 0 0 0 0 263 2546 10978 bot 9 step 17
FT 1689 10946 0 0 0 0 0 0 0 280 2520 10978 bot 0 step 0
FT 1690 11432 45 0 0 0 0 0 0 277 2519 10978 bot 7 step 18
FT 1691 10946 39 0 0 0 0 0 0 308 2509 10978 bot 7 step 18
FT 1691 11064 0 0 0 0 0 0 0 280 2532 10978 bot 0 step 0
FT 1692 11163 38 0 0 0 0 0 0 275 2505 10978 bot 7 step 18
FT 1693 11120 33 0 0 0 0 0 0 275 2513 10978 bot 6 step 14
FT 1693 11058 0 0 0 0 0 0 0 264 2522 10978 bot 0 step 0
FT 1694 11083 34 0 0 0 0 0 0 273 2532 10978 bot 6 step 15
FT 1695 11059 32 0 0 0 0 0 0 286 2563 10978 bot 6 step 14
FT 1695 10870 0 0 0 0 0 0 0 264 2566 10978 bot 0 step 0
FT 1696 11521 40 0 0 0 0 0 0 270 2568 10978 bot 6 step 19
FT 1697 10970 38 0 0 0 0 0 0 324 2562 10978 bot 7 step 17
FT 1697 11126 0 0 0 0 0 0 0 277 2565 10978 bot 0 step 0
FT 1698 10950 34 0 0 0 0 0 0 286 2563 10978 bot 6 step 15
FT 1699 11249 48 0 0 0 0 0 0 280 2571 10978 bot 7 step 26
FT 1699 11116 0 0 0 0 0 0 0 279 2582 10978 bot 0 step 0
FT 1700 11132 34 0 0 0 0 0 0 263 2579 10978 bot 6 step 15
FT 1701 11045 32 0 0 0 0 0 0 254 2609 10978 bot 6 step 14
FT 1701 11079 0 0 0 0 0 0 0 382 2573 10978 bot 0 step 0
FT 1702 11281 39 0 0 0 0 0 0 257 2519 10978 bot 7 step 18
FT 1703 11024 39 0 0 0 0 0 0 254 2513 10978 bot 7 step 17
FT 1703 11233 0 0 0 0 0 0 0 275 2529 10978 bot 0 step 0
FT 1704 11133 40 0 0 0 0 0 0 275 2523 10978 bot 7 step 17
FT 1705 11059 43 0 0 0 0 0 0 277 2532 10978 bot 9 step 18
FT 1705 11142 0 0 0 0 0 0 0 280 2542 10978 bot 0 step 0
FT 1706 11153 53 0 0 0 0 0 0 264 2578 10978 bot 6 step 34
FT 1707 10822 34 0 0 0 0 0 0 266 2578 10978 bot 6 step 15
FT 1707 11151 0 0 0 0 0 0 0 268 2581 10978 bot 0 step 0
FT 1708 11068 33 0 0 0 0 0 0 263 2573 10978 bot 6 step 14
FT 1709 11104 34 0 0 0 0 0 0 263 2584 10978 bot 6 step 14
FT 1709 11142 0 0 0 0 0 0 0 256 2578 10978 bot 0 step 0
FT 1710 11307 65 0 0 0 0 0 0 261 2555 10978 bot 7 step 17
FT 1711 10936 36 0 0 0 0 0 0 277 2549 10978 bot 6 step 17
FT 1711 11169 0 0 0 0 0 0 0 259 2529 10978 bot 0 step 0
FT 1712 11151 33 0 0 0 0 0 0 282 2526 10978 bot 6 step 14
FT 1713 11138 47 0 0 0 0 0 0 261 2546 10978 bot 6 step 28
FT 1713 10938 0 0 0 0 0 0 0 261 2548 10978 bot 0 step 0
FT 1714 11274 40 0 0 0 0 0 0 314 2542 10978 bot 7 step 20
FT 1715 11368 62 0 0 0 0 0 0 264 2530 10978 bot 10 step 32
FT 1715 10824 0 0 0 0 0 0 0 277 3520 10978 bot 0 step 0
FT 1716 11169 39 0 0 0 0 0 0 625 2535 10978 bot 7 step 17
FT 1717 11084 40 0 0 0 0 0 0 277 2529 10978 bot 7 step 18
FT 1717 11102 0 0 0 0 0 0 0 261 2536 10978 bot 0 step 0
FT 1718 11166 33 0 0 0 0 0 0 261 2542 10978 bot 6 step 14
FT 1719 11083 48 0 0 0 0 0 0 293 2594 10978 bot 18 step 15
FT 1719 11044 0 0 0 0 0 0 0 264 2589 10978 bot 0 step 0
FT 1720 11179 35 0 0 0 0 0 0 261 2582 10978 bot 6 step 16
FT 1721 11115 49 0 0 0 0 0 0 266 2592 10978 bot 7 step 19
FT 1721 11082 0 0 0 0 0 0 0 270 2578 10978 bot 0 step 0
FT 1722 11004 57 0 0 0 0 0 0 282 2533 10978 bot 8 step 28
FT 1723 11286 39 0 0 0 0 0 0 284 2532 10978 bot 7 step 17
FT 1723 11067 0 0 0 0 0 0 0 280 2529 10978 bot 0 step 0
FT 1724 11124 40 0 0 0 0 0 0 263 2552 10978 bot 6 step 19
FT 1725 11094 49 0 0 0 0 0 0 312 2529 10978 bot 6 step 14
FT 1725 10844 0 0 0 0 0 0 0 264 2529 10978 bot 0 step 0
FT 1726 11307 41 0 0 0 0 0 0 261 2526 10978 bot 6 step 21
FT 1727 11114 40 0 0 0 0 0 0 261 2539 10978 bot 7 step 18
FT 1727 11117 0 0 0 0 0 0 0 272 2526 10978 bot 0 step 0
FT 1728 11208 45 0 0 0 0 0 0 284 2523 10978 bot 7 step 23
FT 1729 10930 34 0 0 0 0 0 0 273 2528 10978 bot 6 step 15
FT 1729 11190 0 0 0 0 0 0 0 268 2526 10978 bot 0 step 0
FT 1730 11167 38 0 0 0 0 0 0 284 2529 10978 bot 6 step 19
FT 1731 11111 46 0 0 0 0 0 0 259 2555 10978 bot 6 step 27
FT 1731 10982 0 0 0 0 0 0 0 323 2523 10978 bot 0 step 0
FT 1732 11294 39 0 0 0 0 0 0 266 2526 10978 bot 7 step 18
FT 1733 11003 39 0 0 0 0 0 0 264 2528 11045 bot 6 step 18
FT 1733 11067 0 0 0 0 0 0 0 286 2532 11045 bot 0 step 0
FT 1734 11376 60 0 0 0 0 0 0 282 2526 11045 bot 7 step 21
FT 1735 11012 40 0 0 0 0 0 0 275 2548 11045 bot 7 step 18
FT 1735 11062 0 0 0 0 0 0 0 305 2539 11045 bot 0 step 0
FT 1736 11148 35 0 0 0 0 0 0 287 2555 11045 bot 6 step 16
FT 1737 11054 50 0 0 0 0 0 0 300 2566 11045 bot 6 step 29
FT 1737 11094 0 0 0 0 0 0 0 270 2584 11045 bot 0 step 0
FT 1738 11173 39 0 0 0 0 0 0 266 2571 11045 bot 7 step 18
FT 1739 11157 46 0 0 0 0 0 0 263 2575 11045 bot 7 step 24
FT 1739 10810 0 0 0 0 0 0 0 282 2575 11045 bot 0 step 0
FT 1740 11360 38 0 0 0 0 0 0 279 2586 11045 bot 7 step 17
FT 1741 11141 39 0 0 0 0 0 0 263 2545 11045 bot 6 step 19
FT 1741 11102 0 0 0 0 0 0 0 317 2569 11045 bot 0 step 0
FT 1742 11108 34 0 0 0 0 0 0 321 2543 11045 bot 6 step 14
FT 1743 11075 48 0 0 0 0 0 0 333 2607 11045 bot 6 step 15
FT 1743 10955 0 0 0 0 0 0 0 363 2578 11045 bot 0 step 0
FT 1744 11088 37 0 0 0 0 0 0 266 2579 11045 bot 7 step 16
FT 1745 11297 41 0 0 0 0 0 0 268 2592 11045 bot 7 step 18
FT 1745 10980 0 0 0 0 0 0 0 261 2546 11045 bot 0 step 0
FT 1746 11269 40 0 0 0 0 0 0 280 2528 11045 bot 7 step 18
FT 1747 11175 40 0 0 0 0 0 0 280 2525 11045 bot 8 step 18
FT 1747 11065 0 0 0 0 0 0 0 263 2538 11045 bot 0 step 0
FT 1748 11062 34 0 0 0 0 0 0 280 2542 11045 bot 7 step 14
FT 1749 11122 41 0 0 0 0 0 0 319 2555 11045 bot 7 step 21
FT 1749 10928 0 0 0 0 0 0 0 337 2526 11045 bot 0 step 0
FT 1750 11247 38 0 0 0 0 0 0 263 2519 11045 bot 7 step 18
FT 1751 11275 40 0 0 0 0 0 0 261 2523 11045 bot 8 step 18
FT 1751 10944 0 0 0 0 0 0 0 270 2526 11045 bot 0 step 0
FT 1752 11178 41 0 0 0 0 0 0 279 2526 11045 bot 8 step 18
FT 1753 11070 42 0 0 0 0 0 0 282 2526 11045 bot 8 step 19
FT 1753 11163 0 0 0 0 0 0 0 264 2523 11045 bot 0 step 0
FT 1754 11184 38 0 0 0 0 0 0 270 2539 11045 bot 7 step 18
FT 1755 11047 36 0 0 0 0 0 0 286 2523 11045 bot 7 step 16
FT 1755 10826 0 0 0 0 0 0 0 270 2535 11045 bot 0 step 0
FT 1756 11275 45 0 0 0 0 0 0 266 2522 11045 bot 8 step 22
FT 1757 11186 43 0 0 0 0 0 0 268 2532 11045 bot 7 step 20
FT 1757 10909 0 0 0 0 0 0 0 270 2526 11045 bot 0 step 0
FT 1758 11312 42 0 0 0 0 0 0 280 2522 11045 bot 7 step 21
FT 1759 11106 48 0 0 0 0 0 0 277 2528 11045 bot 8 step 26
FT 1759 10921 0 0 0 0 0 0 0 275 2523 11045 bot 0 step 0
FT 1760 11320 52 0 0 0 0 0 0 275 2522 11045 bot 6 step 17
FT 1761 11045 36 0 0 0 0 0 0 268 2520 11045 bot 7 step 17
FT 1761 11029 0 0 0 0 0 0 0 275 2525 11045 bot 0 step 0
FT 1762 11256 43 0 0 0 0 0 0 264 2523 11045 bot 8 step 21
FT 1763 11064 52 0 0 0 0 0 0 261 2523 11045 bot 15 step 21
FT 1763 11066 0 0 0 0 0 0 0 273 2526 11045 bot 0 step 0
FT 1764 11146 43 0 0 0 0 0 0 280 2515 11045 bot 8 step 21
FT 1765 11171 44 0 0 0 0 0 0 277 2516 11045 bot 8 step 21
FT 1765 11089 0 0 0 0 0 0 0 263 2525 11045 bot 0 step 0
FT 1766 11085 37 0 0 0 0 0 0 270 2517 11045 bot 7 step 17
FT 1767 11044 42 0 0 0 0 0 0 266 2558 11045 bot 7 step 23
FT 1767 11096 0 0 0 0 0 0 0 333 2563 11045 bot 0 step 0
FT 1768 11129 44 0 0 0 0 0 0 263 2552 11045 bot 8 step 21
FT 1769 11356 42 0 0 0 0 0 0 263 2561 11045 bot 7 step 20
FT 1769 10851 0 0 0 0 0 0 0 282 2588 11045 bot 0 step 0
FT 1770 11306 44 0 0 0 0 0 0 277 2555 11045 bot 8 step 21
FT 1771 11069 52 0 0 0 0 0 0 289 2522 11045 bot 8 step 29
FT 1771 18901 0 0 0 0 0 0 0 266 2523 11045 bot 0 step 0
FT 1772 3121 36 0 0 0 0 0 0 264 2516 11045 bot 7 step 16
FT 1773 11076 42 0 0 0 0 0 0 326 2532 11045 bot 7 step 17
FT 1773 11147 0 0 0 0 0 0 0 287 2516 11045 bot 0 step 0
FT 1774 11260 43 0 0 0 0 0 0 263 2523 11045 bot 7 step 22
FT 1775 10965 42 0 0 0 0 0 0 261 2516 11045 bot 8 step 20
FT 1775 11090 0 0 0 0 0 0 0 275 2526 11045 bot 0 step 0
FT 1776 11261 47 0 0 0 0 0 0 268 2520 11045 bot 8 step 20
FT 1777 11095 43 0 0 0 0 0 0 280 2509 11045 bot 8 step 20
FT 1777 11112 0 0 0 0 0 0 0 264 2515 11045 bot 0 step 0
FT 1778 11143 41 0 0 0 0 0 0 264 2526 11045 bot 6 step 22
FT 1779 11109 52 0 0 0 0 0 0 263 2546 11045 bot 18 step 20
FT 1779 10988 0 0 0 0 0 0 0 324 2517 11045 bot 0 step 0
FT 1780 11088 46 0 0 0 0 0 0 263 2515 11045 bot 8 step 23
FT 1781 11147 41 0 0 0 0 0 0 266 2526 11045 bot 7 step 21
FT 1781 11217 0 0 1987 1 0 0 0 282 2536 11045 bot 0 step 0
FT 1782 11117 52 0 0 0 0 0 0 437 2515 11045 bot 9 step 28
FT 1783 11202 45 0 0 0 0 0 0 286 2513 11045 bot 9 step 23
FT 1783 10967 0 0 0 0 0 0 0 270 2532 11045 bot 0 step 0
FT 1784 11165 43 0 0 0 0 0 0 280 2523 11045 bot 7 step 23
FT 1785 11217 58 0 0 0 0 0 0 268 2546 11045 bot 7 step 19
FT 1785 10955 0 0 0 0 0 0 0 365 2536 11045 bot 0 step 0
FT 1786 11283 48 0 0 0 0 0 0 266 2526 11045 bot 8 step 25
FT 1787 10994 46 0 0 0 0 0 0 273 2525 11045 bot 9 step 23
FT 1787 11011 0 0 0 0 0 0 0 284 2539 11045 bot 0 step 0
FT 1788 11188 51 0 0 0 0 0 0 328 2526 11045 bot 9 step 28
FT 1789 10957 39 0 0 0 0 0 0 284 2538 11045 bot 7 step 20
FT 1789 11222 0 0 0 0 0 0 0 266 2506 11045 bot 0 step 0
FT 1790 11194 42 0 0 0 0 0 0 277 2513 11045 bot 7 step 23
FT 1791 11094 58 0 0 0 0 0 0 268 2532 11045 bot 23 step 20
FT 1791 10971 0 0 0 0 0 0 0 324 2563 11045 bot 0 step 0
FT 1792 11218 44 0 0 0 0 0 0 264 2556 11045 bot 8 step 22
FT 1793 11104 41 0 0 0 0 0 0 264 2572 10904 bot 8 step 19
FT 1793 11052 0 0 0 0 0 0 0 264 2569 10904 bot 0 step 0
FT 1794 11197 42 0 0 0 0 0 0 277 2543 10904 bot 8 step 20
FT 1795 11107 42 0 0 0 0 0 0 284 2558 10904 bot 8 step 21
FT 1795 11068 0 0 0 0 0 0 0 261 2526 10904 bot 0 step 0
FT 1796 10919 36 0 0 0 0 0 0 266 2515 10904 bot 7 step 17
FT 1797 11213 44 0 0 0 0 0 0 266 2516 10904 bot 8 step 18
FT 1797 11139 0 0 0 0 0 0 0 263 2506 10904 bot 0 step 0
FT 1798 11212 43 0 0 0 0 0 0 266 2492 10904 bot 8 step 20
FT 1799 11069 43 0 0 0 0 0 0 264 2482 10904 bot 7 step 21
FT 1799 10988 0 0 0 0 0 0 0 275 2477 10904 bot 0 step 0
FT 1800 11254 43 0 0 0 0 0 0 279 2471 10904 bot 8 step 21
FT 1801 11185 138 0 0 0 0 0 0 277 2499 10904 bot 8 step 109
FT 1801 11087 0 0 0 0 0 0 0 321 2486 10904 bot 0 step 0
FT 1802 11123 38 0 0 0 0 0 0 280 2513 10904 bot 8 step 18
FT 1803 11042 38 0 0 0 0 0 0 298 2502 10904 bot 8 step 18
FT 1803 11047 0 0 0 0 0 0 0 296 2500 10904 bot 0 step 0
FT 1804 11098 46 0 0 0 0 0 0 268 2499 10904 bot 8 step 24
FT 1805 11121 49 0 0 0 0 0 0 263 2506 10904 bot 8 step 21
FT 1805 11015 0 0 0 0 0 0 0 289 2509 10904 bot 0 step 0
FT 1806 11245 49 0 0 0 0 0 0 286 2503 10904 bot 8 step 26
FT 1807 11221 44 0 0 0 0 0 0 280 2494 10904 bot 8 step 22
FT 1807 11097 0 0 0 0 0 0 0 280 2494 10904 bot 0 step 0
FT 1808 11109 37 0 0 0 0 0 0 270 2552 10904 bot 7 step 18
FT 1809 11049 42 0 0 0 0 0 0 298 2578 10904 bot 7 step 22
FT 1809 10998 0 0 0 0 0 0 0 321 2545 10904 bot 0 step 0
FT 1810 11076 57 0 0 0 0 0 0 264 2552 10904 bot 7 step 18
FT 1811 11289 44 0 0 0 0 0 0 263 2555 10904 bot 8 step 22
FT 1811 10808 0 0 0 0 0 0 0 264 2546 10904 bot 0 step 0
FT 1812 11467 43 0 0 0 0 0 0 280 2545 10904 bot 8 step 21
FT 1813 11096 50 0 0 0 0 0 0 272 2565 10904 bot 8 step 27
FT 1813 11046 0 0 0 0 0 0 0 264 2563 10904 bot 0 step 0
FT 1814 11125 37 0 0 0 0 0 0 293 2563 10904 bot 7 step 17
FT 1815 11097 40 0 0 0 0 0 0 268 2573 10904 bot 7 step 18
FT 1815 11032 0 0 0 0 0 0 0 323 2513 10904 bot 0 step 0
FT 1816 11006 51 0 0 0 0 0 0 266 2500 10904 bot 7 step 21
FT 1817 11259 37 0 0 0 0 0 0 263 2503 10904 bot 6 step 18
FT 1817 11039 0 0 0 0 0 0 0 284 2525 10904 bot 0 step 0
FT 1818 11327 43 0 0 0 0 0 0 289 2525 10904 bot 8 step 21
FT 1819 11060 51 0 0 0 0 0 0 294 2506 10904 bot 8 step 28
FT 1819 11091 0 0 0 0 0 0 0 266 2483 10904 bot 0 step 0
FT 1820 11050 37 0 0 0 0 0 0 266 2509 10904 bot 7 step 18
FT 1821 11145 54 0 0 0 0 0 0 279 2532 10904 bot 6 step 35
FT 1821 10863 0 0 0 0 0 0 0 331 2572 10904 bot 0 step 0
FT 1822 11371 35 0 0 0 0 0 0 263 2535 10904 bot 6 step 17
FT 1823 11062 45 0 0 0 0 0 0 266 2555 10904 bot 8 step 23
FT 1823 11088 0 0 0 0 0 0 0 268 2542 10904 bot 0 step 0
FT 1824 11261 46 0 0 0 0 0 0 284 2528 10904 bot 8 step 23
FT 1825 11017 46 0 0 0 0 0 0 282 2535 10904 bot 8 step 23
FT 1825 11156 0 0 0 0 0 0 0 273 2540 10904 bot 0 step 0
FT 1826 11062 39 0 0 0 0 0 0 337 2532 10904 bot 8 step 19
FT 1827 10968 39 0 0 0 0 0 0 282 2528 10904 bot 7 step 19
FT 1827 11198 0 0 0 0 0 0 0 314 2526 10904 bot 0 step 0
FT 1828 11090 38 0 0 0 0 0 0 312 2505 10904 bot 7 step 19
FT 1829 11056 54 0 0 0 0 0 0 266 2497 10904 bot 10 step 25
FT 1829 11215 0 0 0 0 0 0 0 268 2493 10904 bot 0 step 0
FT 1830 11158 46 0 0 0 0 0 0 284 2484 10904 bot 9 step 22
FT 1831 11034 49 0 0 0 0 0 0 282 2489 10904 bot 8 step 25
FT 1831 11152 0 0 0 0 0 0 0 270 2486 10904 bot 0 step 0
FT 1832 11200 39 0 0 0 0 0 0 279 2496 10904 bot 7 step 19
FT 1833 11063 64 0 0 0 0 0 0 263 2509 10904 bot 7 step 39
FT 1833 11006 0 0 0 0 0 0 0 358 2487 10904 bot 0 step 0
FT 1834 11042 59 0 0 0 0 0 0 272 2489 10904 bot 7 step 22
FT 1835 11052 36 0 0 0 0 0 0 263 2480 10904 bot 7 step 17
FT 1835 10969 0 0 0 0 0 0 0 266 2490 10904 bot 0 step 0
FT 1836 11355 43 0 0 0 0 0 0 263 2479 10904 bot 8 step 21
FT 1837 11131 41 0 0 0 0 0 0 259 2482 10904 bot 7 step 20
FT 1837 11199 0 0 0 0 0 0 0 273 2480 10904 bot 0 step 0
FT 1838 11110 36 0 0 0 0 0 0 261 2496 10904 bot 7 step 17
FT 1839 11126 55 0 0 0 0 0 0 284 2510 10904 bot 7 step 35
FT 1839 11042 0 0 0 0 0 0 0 319 2506 10904 bot 0 step 0
FT 1840 10967 50 0 0 0 0 0 0 263 2474 10904 bot 19 step 17
FT 1841 11161 42 0 0 0 0 0 0 275 2482 10904 bot 8 step 20
FT 1841 11069 0 0 0 0 0 0 0 263 2490 10904 bot 0 step 0
FT 1842 11246 43 0 0 0 0 0 0 287 2482 10904 bot 8 step 21
FT 1843 11117 48 0 0 0 0 0 0 284 2486 10904 bot 7 step 21
FT 1843 11092 0 0 0 0 0 0 0 287 2476 10904 bot 0 step 0
FT 1844 11133 37 0 0 0 0 0 0 266 2482 10904 bot 7 step 17
FT 1845 11150 39 0 0 0 0 0 0 266 2503 10904 bot 7 step 20
FT 1845 11016 0 0 0 0 0 0 0 300 2499 10904 bot 0 step 0
FT 1846 11009 58 0 0 0 0 0 0 324 2483 10904 bot 7 step 38
FT 1847 11072 39 0 0 0 0 0 0 273 2473 10904 bot 7 step 19
FT 1847 11140 0 0 0 0 0 0 0 268 2486 10904 bot 0 step 0
FT 1848 11259 52 0 0 0 0 0 0 264 2494 10904 bot 9 step 23
FT 1849 11255 130 0 0 0 0 0 0 345 2476 10904 bot 89 step 25
FT 1849 10955 0 0 0 0 0 0 0 351 2486 10904 bot 0 step 0
FT 1850 11260 39 0 0 0 0 0 0 284 2466 10904 bot 8 step 18
FT 1851 10990 39 0 0 0 0 0 0 263 2519 10904 bot 7 step 18
FT 1851 10911 0 0 0 0 0 0 0 268 2528 10904 bot 0 step 0
FT 1852 11128 39 0 0 0 0 0 0 268 2530 10904 bot 8 step 19
FT 1853 11170 45 0 0 0 0 0 0 263 2526 11001 bot 9 step 23
FT 1853 11143 0 0 0 0 0 0 0 263 2516 11001 bot 0 step 0
FT 1854 11256 53 0 0 0 0 0 0 294 2519 11001 bot 8 step 29
FT 1855 11233 45 0 0 0 0 0 0 284 2536 11001 bot 8 step 23
FT 1855 10991 0 0 0 0 0 0 0 273 2546 11001 bot 0 step 0
FT 1856 10994 44 0 0 0 0 0 0 301 2528 11001 bot 9 step 21
FT 1857 11078 58 0 0 0 0 0 0 263 2476 11001 bot 9 step 23
FT 1857 11097 0 0 0 0 0 0 0 263 2469 11001 bot 0 step 0
FT 1858 11260 38 0 0 0 0 0 0 263 2438 11001 bot 7 step 18
FT 1859 11141 61 0 0 0 0 0 0 263 2437 11001 bot 7 step 20
FT 1859 11006 0 0 0 0 0 0 0 264 2438 11001 bot 0 step 0
FT 1860 11160 44 0 0 0 0 0 0 280 2438 11001 bot 8 step 21
FT 1861 11052 54 0 0 0 0 0 0 280 2450 11001 bot 8 step 25
FT 1861 11156 0 0 0 0 0 0 0 263 2464 11001 bot 0 step 0
FT 1862 11173 37 0 0 0 0 0 0 261 2470 11001 bot 7 step 17
FT 1863 11050 36 0 0 0 0 0 0 261 2489 11001 bot 7 step 17
FT 1863 10886 0 0 0 0 0 0 0 287 2493 11001 bot 0 step 0
FT 1864 11268 39 0 0 0 0 0 0 300 2490 11001 bot 7 step 20
FT 1865 11279 123 0 0 0 0 0 0 263 2479 11001 bot 8 step 101
FT 1865 11008 0 0 0 0 0 0 0 337 2486 11001 bot 0 step 0
FT 1866 11277 42 0 0 0 0 0 0 279 2480 11001 bot 8 step 20
FT 1867 11066 48 0 0 0 0 0 0 275 2500 11001 bot 7 step 22
FT 1867 10829 0 0 0 0 0 0 0 289 2480 11001 bot 0 step 0
FT 1868 11306 43 0 0 0 0 0 0 266 2467 11001 bot 7 step 23
FT 1869 11161 53 0 0 0 0 0 0 266 2503 11001 bot 7 step 18
FT 1869 11063 0 0 0 0 0 0 0 294 2502 11001 bot 0 step 0
FT 1870 11105 37 0 0 0 0 0 0 307 2477 11001 bot 7 step 18
FT 1871 11039 45 0 0 0 0 0 0 282 2479 11001 bot 8 step 23
FT 1871 11130 0 0 0 0 0 0 0 264 2484 11001 bot 0 step 0
FT 1872 11233 84 0 0 0 0 0 0 286 2483 11001 bot 8 step 62
FT 1873 11090 46 0 0 0 0 0 0 279 2477 11001 bot 8 step 24
FT 1873 10997 0 0 0 0 0 0 0 266 2471 11001 bot 0 step 0
FT 1874 11172 39 0 0 0 0 0 0 264 2477 11001 bot 7 step 20
FT 1875 11037 40 0 0 0 0 0 0 261 2497 11001 bot 7 step 20
FT 1875 11044 0 0 0 0 0 0 0 263 2480 11001 bot 0 step 0
FT 1876 11183 41 0 0 0 0 0 0 270 2482 11001 bot 7 step 22
FT 1877 11004 51 0 0 0 0 0 0 261 2473 11001 bot 8 step 30
FT 1877 11196 0 0 0 0 0 0 0 261 2493 11001 bot 0 step 0
FT 1878 11226 46 0 0 0 0 0 0 284 2479 11001 bot 7 step 25
FT 1879 11117 47 0 0 0 0 0 0 282 2503 11001 bot 7 step 25
FT 1879 11064 0 0 0 0 0 0 0 275 2469 11001 bot 0 step 0
FT 1880 11153 38 0 0 0 0 0 0 261 2486 11001 bot 7 step 20
FT 1881 11038 39 0 0 0 0 0 0 259 2519 11001 bot 7 step 20
FT 1881 11178 0 0 0 0 0 0 0 351 2519 11001 bot 0 step 0
FT 1882 11069 38 0 0 0 0 0 0 351 2470 11001 bot 7 step 19
FT 1883 11061 38 0 0 0 0 0 0 273 2480 11001 bot 7 step 18
FT 1883 11002 0 0 0 0 0 0 0 268 2484 11001 bot 0 step 0
FT 1884 11268 45 0 0 0 0 0 0 264 2476 11001 bot 8 step 24
FT 1885 11165 56 0 0 0 0 0 0 282 2473 11001 bot 9 step 29
FT 1885 11032 0 0 0 0 0 0 0 272 2476 11001 bot 0 step 0
FT 1886 11208 37 0 0 0 0 0 0 268 2483 11001 bot 6 step 18
FT 1887 11118 70 0 0 0 0 0 0 261 2500 11001 bot 6 step 51
FT 1887 11079 0 0 0 0 0 0 0 340 2507 11001 bot 0 step 0
FT 1888 11101 36 0 0 0 0 0 0 328 2532 11001 bot 6 step 18
FT 1889 11054 45 0 0 0 0 0 0 263 2542 11001 bot 7 step 22
FT 1889 11093 0 0 0 0 0 0 0 263 2529 11001 bot 0 step 0
FT 1890 11633 496 0 0 0 0 0 0 279 2526 11001 bot 468 step 16
FT 1891 10755 44 0 0 0 0 0 0 282 2548 11001 bot 7 step 24
FT 1891 10968 0 0 0 0 0 0 0 437 2545 11001 bot 0 step 0
FT 1892 11138 46 0 0 0 0 0 0 289 2533 11001 bot 6 step 26
FT 1893 11136 53 0 0 0 0 0 0 266 2528 11001 bot 6 step 18
FT 1893 10990 0 0 0 0 0 0 0 277 2510 11001 bot 0 step 0
FT 1894 10957 44 0 0 0 0 0 0 324 2529 11001 bot 6 step 17
FT 1895 11300 41 0 0 0 0 0 0 261 2523 11001 bot 6 step 20
FT 1895 10956 0 0 0 0 0 0 0 264 2542 11001 bot 0 step 0
FT 1896 11352 39 0 0 0 0 0 0 291 2542 11001 bot 6 step 19
FT 1897 11031 41 0 0 0 0 0 0 284 2523 11001 bot 6 step 20
FT 1897 11209 0 0 0 0 0 0 0 266 2533 11001 bot 0 step 0
FT 1898 10975 50 0 0 0 0 0 0 264 2512 11001 bot 8 step 22
FT 1899 11145 45 0 0 0 0 0 0 264 2538 11001 bot 7 step 23
FT 1899 11074 0 0 0 0 0 0 0 263 2543 11001 bot 0 step 0
FT 1900 11150 36 0 0 0 0 0 0 314 2471 11001 bot 6 step 18
FT 1901 11055 36 0 0 0 0 0 0 263 2464 11001 bot 5 step 18
FT 1901 11193 0 0 0 0 0 0 0 266 2477 11001 bot 0 step 0
FT 1902 11215 43 0 0 0 0 0 0 263 2473 11001 bot 7 step 22
FT 1903 11032 43 0 0 0 0 0 0 277 2480 11001 bot 7 step 21
FT 1903 11085 0 0 0 0 0 0 0 266 2483 11001 bot 0 step 0
FT 1904 11237 36 0 0 0 0 0 0 263 2489 11001 bot 5 step 18
FT 1905 11031 35 0 0 0 0 0 0 264 2505 11001 bot 6 step 17
FT 1905 11063 0 0 0 0 0 0 0 361 2506 11001 bot 0 step 0
FT 1906 18746 56 0 0 0 0 0 0 330 2476 11001 bot 7 step 28
FT 1907 3456 42 0 0 0 0 0 0 266 2502 11001 bot 6 step 21
FT 1907 11021 0 0 0 0 0 0 0 354 2477 11001 bot 0 step 0
FT 1908 11405 67 0 0 0 0 0 0 273 2473 11001 bot 7 step 25
FT 1909 11048 46 0 0 0 0 0 0 284 2486 11001 bot 8 step 25
FT 1909 10981 0 0 0 0 0 0 0 277 2476 11001 bot 0 step 0
FT 1910 11178 37 0 0 0 0 0 0 256 2480 11001 bot 7 step 16
FT 1911 11048 34 0 0 0 0 0 0 263 2555 11001 bot 6 step 16
FT 1911 11193 0 0 0 0 0 0 0 305 2542 11001 bot 0 step 0
FT 1912 11010 36 0 0 0 0 0 0 317 2503 11001 bot 7 step 17
FT 1913 11315 326 0 0 0 0 0 0 268 2520 10931 bot 4 step 280
FT 1913 10738 0 0 0 0 0 0 0 275 2522 10931 bot 0 step 0
FT 1914 11254 39 0 0 0 0 0 0 280 2542 10931 bot 5 step 19
FT 1915 11219 39 0 0 0 0 0 0 261 2559 10931 bot 6 step 20
FT 1915 10831 0 0 0 0 0 0 0 282 2571 10931 bot 0 step 0
FT 1916 11334 39 0 0 0 0 0 0 261 2585 10931 bot 6 step 20
FT 1917 11321 231 0 0 0 0 0 0 284 2628 10931 bot 203 step 15
FT 1917 10846 0 0 0 0 0 0 0 275 2632 10931 bot 0 step 0
FT 1918 11202 34 0 0 0 0 0 0 259 2690 10931 bot 5 step 17
FT 1919 11085 38 0 0 0 0 0 0 261 2753 10931 bot 5 step 20
FT 1919 11084 0 0 0 0 0 0 0 261 2809 10931 bot 0 step 0
FT 1920 11234 39 0 0 0 0 0 0 273 2806 10931 bot 6 step 19
FT 1921 10937 72 0 0 0 0 0 0 275 2779 10931 bot 7 step 45
FT 1921 11182 0 0 0 0 0 0 0 280 2740 10931 bot 0 step 0
FT 1922 10938 39 0 0 0 0 0 0 256 2693 10931 bot 5 step 21
FT 1923 11331 39 0 0 0 0 0 0 238 2417 10931 bot 5 step 21
FT 1923 11095 0 0 0 0 0 0 0 256 2516 10931 bot 0 step 0
FT 1924 11089 39 0 0 0 0 0 0 310 2453 10931 bot 5 step 21
FT 1925 11084 38 0 0 0 0 0 0 252 2473 10931 bot 5 step 20
FT 1925 11141 0 0 0 0 0 0 0 252 2482 10931 bot 0 step 0
FT 1926 11213 60 0 0 0 0 0 0 252 2486 10931 bot 6 step 40
FT 1927 11058 40 0 0 0 0 0 0 275 2492 10931 bot 6 step 19
FT 1927 11170 0 0 0 0 0 0 0 263 2461 10931 bot 0 step 0
FT 1928 11051 41 0 0 0 0 0 0 254 2473 10931 bot 6 step 22
FT 1929 11042 36 0 0 0 0 0 0 254 2506 10931 bot 6 step 18
FT 1929 11102 0 0 0 0 0 0 0 263 2502 10931 bot 0 step 0
FT 1930 11132 34 0 0 0 0 0 0 259 2483 10931 bot 5 step 16
FT 1931 11038 37 0 0 0 0 0 0 252 2497 10931 bot 5 step 20
FT 1931 11060 0 0 0 0 0 0 0 238 2404 10931 bot 0 step 0
FT 1932 11253 191 0 0 0 0 0 0 257 2490 10931 bot 157 step 19
FT 1933 11048 41 0 0 0 0 0 0 268 2486 10931 bot 5 step 21
FT 1933 11064 0 0 0 0 0 0 0 263 2489 10931 bot 0 step 0
FT 1934 11257 57 0 0 0 0 0 0 264 2494 10931 bot 6 step 20
FT 1935 11029 34 0 0 0 0 0 0 250 2506 10931 bot 5 step 16
FT 1935 11067 0 0 0 0 0 0 0 254 2490 10931 bot 0 step 0
FT 1936 11131 37 0 0 0 0 0 0 252 2483 10931 bot 5 step 19
FT 1937 10974 40 0 0 0 0 0 0 254 2506 10931 bot 6 step 20
FT 1937 10993 0 0 0 0 0 0 0 254 2513 10931 bot 0 step 0
FT 1938 11268 40 0 0 0 0 0 0 282 2497 10931 bot 6 step 20
FT 1939 11290 66 0 0 0 0 0 0 250 2490 10931 bot 6 step 47
FT 1939 11127 0 0 0 0 0 0 0 284 2509 10931 bot 0 step 0
FT 1940 11155 35 0 0 0 0 0 0 252 2493 10931 bot 5 step 18
FT 1941 10955 45 0 0 0 0 0 0 254 2542 10931 bot 6 step 20
FT 1941 11101 0 0 0 0 0 0 0 316 2510 10931 bot 0 step 0
FT 1942 11161 37 0 0 0 0 0 0 259 2523 10931 bot 5 step 20
FT 1943 11032 37 0 0 0 0 0 0 264 2476 10931 bot 5 step 20
FT 1943 11089 0 0 0 0 0 0 0 256 2492 10931 bot 0 step 0
FT 1944 11326 46 0 0 0 0 0 0 250 2526 10931 bot 6 step 26
FT 1945 11125 48 0 0 0 0 0 0 282 2540 10931 bot 6 step 27
FT 1945 11007 0 0 0 0 0 0 0 256 2542 10931 bot 0 step 0
FT 1946 10963 38 0 0 0 0 0 0 261 2549 10931 bot 5 step 20
FT 1947 11303 38 0 0 0 0 0 0 257 2546 10931 bot 5 step 21
FT 1947 10996 0 0 0 0 0 0 0 252 2549 10931 bot 0 step 0
FT 1948 11190 37 0 0 0 0 0 0 333 2489 10931 bot 6 step 19
FT 1949 11155 39 0 0 0 0 0 0 250 2490 10931 bot 5 step 21
FT 1949 10803 0 0 0 0 0 0 0 259 2493 10931 bot 0 step 0
FT 1950 11553 179 0 0 0 0 0 0 277 2454 10931 bot 141 step 24
FT 1951 10929 48 0 0 0 0 0 0 254 2460 10931 bot 6 step 28
FT 1951 11147 0 0 0 0 0 0 0 256 2450 10931 bot 0 step 0
FT 1952 11129 45 0 0 0 0 0 0 252 2464 10931 bot 5 step 28
FT 1953 11103 37 0 0 0 0 0 0 254 2493 10931 bot 5 step 20
FT 1953 10939 0 0 0 0 0 0 0 331 2509 10931 bot 0 step 0
FT 1954 11117 84 0 0 0 0 0 0 257 2533 10931 bot 6 step 61
FT 1955 11185 37 0 0 0 0 0 0 259 2506 10931 bot 5 step 20
FT 1955 11030 0 0 0 0 0 0 0 254 2522 10931 bot 0 step 0
FT 1956 11301 49 0 0 0 0 0 0 252 2526 10931 bot 6 step 23
FT 1957 10908 38 0 0 0 0 0 0 266 2513 10931 bot 5 step 21
FT 1957 11269 0 0 0 0 0 0 0 256 2526 10931 bot 0 step 0
FT 1958 11188 56 0 0 0 0 0 0 275 2454 10931 bot 5 step 20
FT 1959 11057 39 0 0 0 0 0 0 259 2500 10931 bot 6 step 21
FT 1959 11010 0 0 0 0 0 0 0 338 2483 10931 bot 0 step 0
FT 1960 11021 58 0 0 0 0 0 0 324 2466 10931 bot 6 step 36
FT 1961 11237 40 0 0 0 0 0 0 266 2463 10931 bot 6 step 21
FT 1961 10858 0 0 0 0 0 0 0 256 2482 10931 bot 0 step 0
FT 1962 11369 45 0 0 0 0 0 0 273 2471 10931 bot 6 step 24
FT 1963 11246 57 0 0 0 0 0 0 254 2469 10931 bot 7 step 33
FT 1963 10988 0 0 0 0 0 0 0 254 2490 10931 bot 0 step 0
FT 1964 11176 44 0 0 0 0 0 0 351 2476 10931 bot 6 step 26
FT 1965 11097 53 0 0 0 0 0 0 261 2496 10931 bot 6 step 35
FT 1965 11010 0 0 0 0 0 0 0 326 2496 10931 bot 0 step 0
FT 1966 10949 40 0 0 0 0 0 0 358 2470 10931 bot 6 step 22
FT 1967 11259 39 0 0 0 0 0 0 257 2486 10931 bot 6 step 20
FT 1967 11103 0 0 0 0 0 0 0 323 2480 10931 bot 0 step 0
FT 1968 11162 44 0 0 0 0 0 0 254 2470 10931 bot 7 step 23
FT 1969 11228 67 0 0 0 0 0 0 280 2473 10931 bot 8 step 26
FT 1969 11036 0 0 0 0 0 0 0 254 2499 10931 bot 0 step 0
FT 1970 11159 40 0 0 0 0 0 0 296 2490 10931 bot 6 step 20
FT 1971 11083 42 0 0 0 0 0 0 259 2871 10931 bot 6 step 22
FT 1971 10999 0 0 0 0 0 0 0 363 2561 10931 bot 0 step 0
FT 1972 11169 40 0 0 0 0 0 0 331 2519 10931 bot 6 step 21
FT 1973 11100 40 0 0 0 0 0 0 259 2513 10965 bot 7 step 21
FT 1973 11087 0 0 0 0 0 0 0 259 2519 10965 bot 0 step 0
FT 1974 11118 47 0 0 0 0 0 0 273 2542 10965 bot 7 step 25
FT 1975 11101 48 0 0 0 0 0 0 275 2572 10965 bot 7 step 26
FT 1975 11110 0 0 0 0 0 0 0 279 2528 10965 bot 0 step 0
FT 1976 11197 51 0 0 0 0 0 0 261 2533 10965 bot 8 step 27
FT 1977 11069 42 0 0 0 0 0 0 259 2543 10965 bot 8 step 20
FT 1977 11070 0 0 0 0 0 0 0 305 2543 10965 bot 0 step 0
FT 1978 11068 49 0 0 0 0 0 0 323 2553 10965 bot 7 step 21
FT 1979 11174 40 0 0 0 0 0 0 270 2575 10965 bot 7 step 21
FT 1979 11010 0 0 0 0 0 0 0 272 2589 10965 bot 0 step 0
FT 1980 11229 41 0 0 0 0 0 0 277 2592 10965 bot 7 step 21
FT 1981 11138 73 0 0 0 0 0 0 275 2572 10965 bot 8 step 50
FT 1981 11084 0 0 0 0 0 0 0 263 2592 10965 bot 0 step 0
FT 1982 11003 43 0 0 0 0 0 0 270 2575 10965 bot 7 step 23
FT 1983 11354 92 0 0 0 0 0 0 261 2562 10965 bot 6 step 49
FT 1983 10988 0 0 0 0 0 0 0 263 2594 10965 bot 0 step 0
FT 1984 11276 156 0 0 0 0 0 0 460 2522 10965 bot 7 step 136
FT 1985 10971 57 0 0 0 0 0 0 273 2533 10965 bot 7 step 37
FT 1985 10972 0 0 0 0 0 0 0 280 2545 10965 bot 0 step 0
FT 1986 11304 54 0 0 0 0 0 0 296 2543 10965 bot 8 step 31
FT 1987 11079 50 0 0 0 0 0 0 284 2553 10965 bot 8 step 27
FT 1987 11072 0 0 0 0 0 0 0 261 2528 10965 bot 0 step 0
FT 1988 11295 150 0 0 0 0 0 0 266 2540 10965 bot 108 step 30
FT 1989 11005 61 0 0 0 0 0 0 270 2585 10965 bot 7 step 40
FT 1989 11025 0 0 0 0 0 0 0 483 2523 10965 bot 0 step 0
FT 1990 11089 40 0 0 0 0 0 0 476 2466 10965 bot 7 step 21
FT 1991 11178 42 0 0 0 0 0 0 252 2492 10965 bot 7 step 23
FT 1991 10906 0 0 0 0 0 0 0 259 2479 10965 bot 0 step 0
FT 1992 11132 46 0 0 0 0 0 0 270 2503 10965 bot 8 step 25
FT 1993 11237 48 0 0 0 0 0 0 250 2500 10965 bot 8 step 25
FT 1993 11082 0 0 0 0 0 0 0 270 2506 10965 bot 0 step 0
FT 1994 11250 38 0 0 0 0 0 0 252 2480 10965 bot 7 step 19
FT 1995 11010 58 0 0 0 0 0 0 247 2516 10965 bot 5 step 22
FT 1995 11085 0 0 0 0 0 0 0 314 2549 10965 bot 0 step 0
FT 1996 10961 39 0 0 0 0 0 0 298 2528 10965 bot 6 step 21
FT 1997 11083 40 0 0 0 0 0 0 300 2480 10965 bot 6 step 20
FT 1997 11147 0 0 0 0 0 0 0 328 2470 10965 bot 0 step 0
FT 1998 11266 43 0 0 0 0 0 0 246 2463 10965 bot 6 step 23
FT 1999 11241 206 0 0 0 0 0 0 280 2530 10965 bot 6 step 186
FT 1999 11001 0 0 0 0 0 0 0 261 2482 10965 bot 0 step 0
FT 2000 11122 44 0 0 0 0 0 0 245 2489 10965 bot 6 step 24
FT 2001 11086 44 0 0 0 0 0 0 239 2461 10965 bot 6 step 23
FT 2001 11075 0 0 0 0 0 0 0 247 2487 10965 bot 0 step 0
FT 2002 11112 38 0 0 0 0 0 0 254 2489 10965 bot 6 step 19
FT 2003 11140 53 0 0 0 0 0 0 270 2526 10965 bot 6 step 35
FT 2003 10979 0 0 0 0 0 0 0 248 2506 10965 bot 0 step 0
FT 2004 11267 177 0 0 0 0 0 0 272 2512 10965 bot 137 step 25
FT 2005 11047 47 0 0 0 0 0 0 268 2512 10965 bot 6 step 27
FT 2005 11098 0 0 0 0 0 0 0 254 2424 10965 bot 0 step 0
FT 2006 11287 44 0 0 0 0 0 0 263 2489 10965 bot 5 step 26
FT 2007 11015 41 0 0 0 0 0 0 256 2503 10965 bot 5 step 23
FT 2007 11003 0 0 0 0 0 0 0 323 2496 10965 bot 0 step 0
FT 2008 11199 54 0 0 0 0 0 0 333 2469 10965 bot 6 step 35
FT 2009 11027 39 0 0 0 0 0 0 275 2461 10965 bot 6 step 21
FT 2009 10989 0 0 0 0 0 0 0 280 2464 10965 bot 0 step 0
FT 2010 11239 46 0 0 0 0 0 0 264 2453 10965 bot 6 step 25
FT 2011 11209 49 0 0 0 0 0 0 263 2450 10965 bot 7 step 28
FT 2011 11094 0 0 0 0 0 0 0 275 2443 10965 bot 0 step 0
FT 2012 11073 45 0 0 0 0 0 0 259 2446 10965 bot 7 step 25
FT 2013 11093 43 0 0 0 0 0 0 287 2453 10965 bot 6 step 23
FT 2013 11026 0 0 0 0 0 0 0 266 2460 10965 bot 0 step 0
FT 2014 11307 176 0 0 0 0 0 0 298 2457 10965 bot 6 step 138
FT 2015 11020 39 0 0 0 0 0 0 238 2401 10965 bot 6 step 20
FT 2015 10982 0 0 0 0 0 0 0 232 2411 10965 bot 0 step 0
FT 2016 11209 45 0 0 0 0 0 0 280 2437 10965 bot 7 step 24
FT 2017 11157 51 0 0 0 0 0 0 266 2434 10965 bot 7 step 31
FT 2017 10885 0 0 0 0 0 0 0 277 2428 10965 bot 0 step 0
FT 2018 11351 51 0 0 0 0 0 0 266 2437 10965 bot 8 step 28
FT 2019 11289 153 0 0 0 0 0 0 287 2447 10965 bot 124 step 18
FT 2019 10951 0 0 0 0 0 0 0 279 2454 10965 bot 0 step 0
FT 2020 11128 38 0 0 0 0 0 0 446 2480 10965 bot 6 step 20
FT 2021 11021 40 0 0 0 0 0 0 319 2483 10965 bot 6 step 19
FT 2021 11069 0 0 0 0 0 0 0 263 2493 10965 bot 0 step 0
FT 2022 11208 45 0 0 0 0 0 0 266 2483 10965 bot 7 step 24
FT 2023 11264 44 0 0 0 0 0 0 284 2497 10965 bot 7 step 23
FT 2023 10936 0 0 0 0 0 0 0 268 2509 10965 bot 0 step 0
FT 2024 11122 43 0 0 0 0 0 0 277 2515 10965 bot 6 step 22
FT 2025 11066 44 0 0 0 0 0 0 264 2530 10965 bot 6 step 23
FT 2025 11112 0 0 0 0 0 0 0 282 2494 10965 bot 0 step 0
FT 2026 13362 2263 0 2132 1 0 0 0 282 2526 10965 bot 6 step 2210
FT 2027 9167 60 0 0 0 0 0 0 312 2595 10965 bot 6 step 41
FT 2027 10718 0 0 0 0 0 0 0 460 2605 10965 bot 0 step 0
FT 2028 11293 70 0 0 0 0 0 0 282 2619 10965 bot 7 step 29
FT 2029 10950 140 0 0 0 0 0 0 266 2670 10965 bot 6 step 122
FT 2029 11259 0 0 0 0 0 0 0 266 2732 10965 bot 0 step 0
FT 2030 11154 66 0 0 0 0 0 0 284 2845 10965 bot 7 step 46
FT 2031 10997 52 0 0 0 0 0 0 301 2947 10965 bot 7 step 30
FT 2031 11134 0 0 0 0 0 0 0 381 3233 10965 bot 0 step 0
FT 2032 11339 236 0 0 0 0 0 0 310 2507 10965 bot 6 step 200
FT 2033 11201 41 0 0 0 0 0 0 340 2470 10905 bot 6 step 22
FT 2033 10561 0 0 0 0 0 0 0 409 2411 10905 bot 0 step 0
FT 2034 11441 47 0 0 0 0 0 0 241 2430 10905 bot 6 step 26
FT 2035 11002 56 0 0 0 0 0 0 241 2417 10905 bot 7 step 32
FT 2035 11012 0 0 0 0 0 0 0 244 2424 10905 bot 0 step 0
FT 2036 11277 46 0 0 0 0 0 0 277 2417 10905 bot 6 step 25
FT 2037 11067 45 0 0 0 0 0 0 245 2437 10905 bot 6 step 25
FT 2037 11076 0 0 0 0 0 0 0 291 2441 10905 bot 0 step 0
FT 2038 11129 40 0 0 0 0 0 0 296 2437 10905 bot 5 step 22
FT 2039 11139 38 0 0 0 0 0 0 289 2438 10905 bot 5 step 20
FT 2039 10941 0 0 0 0 0 0 0 245 2463 10905 bot 0 step 0
FT 2040 11283 45 0 0 0 0 0 0 261 2477 10905 bot 6 step 25
FT 2041 19274 49 0 0 0 0 0 0 243 2470 10905 bot 7 step 23
FT 2041 2632 0 0 0 0 0 0 0 239 2415 10905 bot 0 step 0
FT 2042 11372 55 0 0 0 0 0 0 252 2415 10905 bot 8 step 26
FT 2043 11212 38 0 0 0 0 0 0 272 2420 10905 bot 7 step 19
FT 2043 11008 0 0 0 0 0 0 0 241 2434 10905 bot 0 step 0
FT 2044 11245 123 0 0 0 0 0 0 326 2423 10905 bot 6 step 104
FT 2045 10837 47 0 0 0 0 0 0 266 2411 10905 bot 8 step 25
FT 2045 11058 0 0 0 0 0 0 0 254 2404 10905 bot 0 step 0
FT 2046 11351 48 0 0 0 0 0 0 243 2414 10905 bot 8 step 26
FT 2047 11088 70 0 0 0 0 0 0 238 2401 10905 bot 7 step 49
FT 2047 11059 0 0 0 0 0 0 0 239 2426 10905 bot 0 step 0
FT 2048 11237 48 0 0 0 0 0 0 250 2423 10905 bot 8 step 25
FT 2049 10944 55 0 0 0 0 0 0 273 2552 10905 bot 9 step 26
FT 2049 11171 0 0 0 0 0 0 0 326 2565 10905 bot 0 step 0
FT 2050 11157 39 0 0 0 0 0 0 296 2588 10905 bot 6 step 19
FT 2051 11118 39 0 0 0 0 0 0 321 2549 10905 bot 7 step 21
FT 2051 10976 0 0 0 0 0 0 0 282 2563 10905 bot 0 step 0
FT 2052 11304 48 0 0 0 0 0 0 282 2555 10905 bot 8 step 26
FT 2053 11048 50 0 0 0 0 0 0 277 2562 10905 bot 8 step 28
FT 2053 11187 0 0 0 0 0 0 0 268 2562 10905 bot 0 step 0
FT 2054 11090 71 0 0 0 0 0 0 268 2565 10905 bot 8 step 29
FT 2055 11038 47 0 0 0 0 0 0 300 2585 10905 bot 8 step 26
FT 2055 11119 0 0 0 0 0 0 0 323 2579 10905 bot 0 step 0
FT 2056 10910 52 0 0 0 0 0 0 335 2571 10905 bot 7 step 32
FT 2057 11229 40 0 0 0 0 0 0 344 2556 10905 bot 7 step 21
FT 2057 10897 0 0 0 0 0 0 0 335 2569 10905 bot 0 step 0
FT 2058 11329 47 0 0 0 0 0 0 270 2555 10905 bot 7 step 26
FT 2059 11052 42 0 0 0 0 0 0 266 2572 10905 bot 7 step 23
FT 2059 11185 0 0 0 0 0 0 0 279 2572 10905 bot 0 step 0
FT 2060 11225 69 0 0 0 0 0 0 282 2571 10905 bot 5 step 31
FT 2061 11081 41 0 0 0 0 0 0 273 2591 10905 bot 6 step 23
FT 2061 11016 0 0 0 0 0 0 0 264 2453 10905 bot 0 step 0
FT 2062 11164 40 0 0 0 0 0 0 358 2473 10905 bot 5 step 22
FT 2063 11161 101 0 0 0 0 0 0 314 2477 10905 bot 5 step 84
FT 2063 10950 0 0 0 0 0 0 0 365 2473 10905 bot 0 step 0
FT 2064 11218 124 0 0 0 0 0 0 284 2535 10905 bot 91 step 20
FT 2065 11126 47 0 0 0 0 0 0 273 2578 10905 bot 6 step 27
FT 2065 11026 0 0 0 0 0 0 0 289 2638 10905 bot 0 step 0
FT 2066 11310 48 0 0 0 0 0 0 259 2575 10905 bot 6 step 29
FT 2067 11018 42 0 0 0 0 0 0 275 2542 10905 bot 6 step 23
FT 2067 10945 0 0 0 0 0 0 0 328 2494 10905 bot 0 step 0
FT 2068 11276 47 0 0 0 0 0 0 324 2464 10905 bot 5 step 30
FT 2069 11052 43 0 0 0 0 0 0 272 2440 10905 bot 6 step 24
FT 2069 10993 0 0 0 0 0 0 0 252 2417 10905 bot 0 step 0
FT 2070 11231 43 0 0 0 0 0 0 264 2532 10905 bot 6 step 24
FT 2071 11219 52 0 0 0 0 0 0 270 2552 10905 bot 6 step 31
FT 2071 11000 0 0 0 0 0 0 0 289 2546 10905 bot 0 step 0
FT 2072 11343 51 0 0 0 0 0 0 280 2563 10905 bot 6 step 30
FT 2073 11015 71 0 0 0 0 0 0 268 2571 10905 bot 9 step 37
FT 2073 10955 0 0 0 0 0 0 0 414 3569 10905 bot 0 step 0
FT 2074 11251 40 0 0 0 0 0 0 1322 2596 10905 bot 6 step 22
FT 2075 11016 39 0 0 0 0 0 0 449 2540 10905 bot 5 step 22
FT 2075 10995 0 0 0 0 0 0 0 289 2542 10905 bot 0 step 0
FT 2076 11192 45 0 0 0 0 0 0 272 2555 10905 bot 6 step 27
FT 2077 11260 48 0 0 0 0 0 0 282 2598 10905 bot 6 step 28
FT 2077 11041 0 0 0 0 0 0 0 284 2542 10905 bot 0 step 0
FT 2078 11082 47 0 0 0 0 0 0 268 2563 10905 bot 6 step 28
FT 2079 11199 247 0 0 0 0 0 0 275 2542 10905 bot 201 step 26
FT 2079 10937 0 0 0 0 0 0 0 308 2516 10905 bot 0 step 0
FT 2080 11182 40 0 0 0 0 0 0 360 2362 10905 bot 5 step 23
FT 2081 11078 41 0 0 0 0 0 0 277 2345 10905 bot 5 step 22
FT 2081 10943 0 0 0 0 0 0 0 250 2375 10905 bot 0 step 0
FT 2082 11270 40 0 0 0 0 0 0 261 2384 10905 bot 4 step 23
FT 2083 11176 48 0 0 0 0 0 0 252 2401 10905 bot 6 step 29
FT 2083 11103 0 0 0 0 0 0 0 268 2410 10905 bot 0 step 0
FT 2084 11151 48 0 0 0 0 0 0 252 2414 10905 bot 6 step 28
FT 2085 10988 56 0 0 0 0 0 0 248 2440 10905 bot 6 step 29
FT 2085 11133 0 0 0 0 0 0 0 280 2417 10905 bot 0 step 0
FT 2086 11154 44 0 0 0 0 0 0 252 2446 10905 bot 5 step 26
FT 2087 11071 40 0 0 0 0 0 0 307 2426 10905 bot 5 step 22
FT 2087 10916 0 0 0 0 0 0 0 254 2398 10905 bot 0 step 0
FT 2088 11297 57 0 0 0 0 0 0 254 2408 10905 bot 5 step 22
FT 2089 11198 46 0 0 0 0 0 0 248 2404 10905 bot 5 step 28
FT 2089 11064 0 0 0 0 0 0 0 291 2401 10905 bot 0 step 0
FT 2090 11069 48 0 0 0 0 0 0 259 2453 10905 bot 6 step 29
FT 2091 11223 43 0 0 0 0 0 0 261 2503 10905 bot 5 step 25
FT 2091 11015 0 0 0 0 0 0 0 256 2565 10905 bot 0 step 0
FT 2092 11125 40 0 0 0 0 0 0 312 2598 10905 bot 5 step 24
FT 2093 10967 86 0 0 0 0 0 0 252 2644 11009 bot 5 step 69
FT 2093 11011 0 0 0 0 0 0 0 257 2690 11009 bot 0 step 0
FT 2094 11147 40 0 0 0 0 0 0 261 2736 11009 bot 5 step 23
FT 2095 11234 47 0 0 0 0 0 0 254 2775 11009 bot 6 step 27
FT 2095 11061 0 0 0 0 0 0 0 250 2822 11009 bot 0 step 0
FT 2096 11297 49 0 0 0 0 0 0 254 2868 11009 bot 6 step 28
FT 2097 11141 53 0 0 0 0 0 0 252 2924 11009 bot 6 step 33
FT 2097 10967 0 0 0 0 0 0 0 273 2950 11009 bot 0 step 0
FT 2098 11105 56 0 0 0 0 0 0 324 2918 11009 bot 6 step 38
FT 2099 11096 40 0 0 0 0 0 0 263 2888 11009 bot 5 step 22
FT 2099 10929 0 0 0 0 0 0 0 284 2836 11009 bot 0 step 0
FT 2100 11409 48 0 0 0 0 0 0 259 2609 11009 bot 6 step 28
FT 2101 11158 78 0 0 0 0 0 0 256 2434 11009 bot 6 step 33
FT 2101 10967 0 0 0 0 0 0 0 247 2417 11009 bot 0 step 0
FT 2102 11185 48 0 0 0 0 0 0 256 2430 11009 bot 6 step 27
FT 2103 11163 46 0 0 0 0 0 0 268 2532 11009 bot 7 step 26
FT 2103 10975 0 0 0 0 0 0 0 266 2532 11009 bot 0 step 0
FT 2104 11117 54 0 0 0 0 0 0 314 2562 11009 bot 6 step 35
FT 2105 11266 61 0 0 0 0 0 0 273 2586 11009 bot 8 step 36
FT 2105 10859 0 0 0 0 0 0 0 340 3405 11009 bot 0 step 0
FT 2106 11227 41 0 0 0 0 0 0 393 2530 11009 bot 7 step 22
FT 2107 11169 48 0 0 0 0 0 0 300 2529 11009 bot 8 step 26
FT 2107 11082 0 0 0 0 0 0 0 280 2538 11009 bot 0 step 0
FT 2108 10972 46 0 0 0 0 0 0 268 2532 11009 bot 7 step 21
FT 2109 11366 46 0 0 0 0 0 0 264 2520 11009 bot 7 step 27
FT 2109 10917 0 0 0 0 0 0 0 263 2562 11009 bot 0 step 0
FT 2110 11101 50 0 0 0 0 0 0 317 2549 11009 bot 8 step 23
FT 2111 11217 42 0 0 0 0 0 0 307 2602 11009 bot 7 step 22
FT 2111 10985 0 0 0 0 0 0 0 293 2571 11009 bot 0 step 0
FT 2112 11184 59 0 0 0 0 0 0 273 2552 11009 bot 7 step 21
FT 2113 11144 92 0 0 0 0 0 0 282 2532 11009 bot 5 step 35
FT 2113 10993 0 0 0 0 0 0 0 293 2546 11009 bot 0 step 0
FT 2114 11269 56 0 0 0 0 0 0 280 2525 11009 bot 6 step 34
FT 2115 11187 43 0 0 0 0 0 0 272 2552 11009 bot 6 step 24
FT 2115 10874 0 0 0 0 0 0 0 275 2549 11009 bot 0 step 0
FT 2116 11302 43 0 0 0 0 0 0 342 2529 11009 bot 5 step 25
FT 2117 11055 42 0 0 0 0 0 0 275 2542 11009 bot 6 step 23
FT 2117 11017 0 0 0 0 0 0 0 402 2559 11009 bot 0 step 0
FT 2118 11259 50 0 0 0 0 0 0 272 2575 11009 bot 7 step 28
FT 2119 11096 49 0 0 0 0 0 0 273 2555 11009 bot 6 step 29
FT 2119 10895 0 0 0 0 0 0 0 272 2561 11009 bot 0 step 0
FT 2120 11391 205 0 0 0 0 0 0 272 2582 11009 bot 158 step 26
FT 2121 11028 57 0 0 0 0 0 0 270 2637 11009 bot 6 step 37
FT 2121 10953 0 0 0 0 0 0 0 337 2618 11009 bot 0 step 0
FT 2122 11311 44 0 0 0 0 0 0 326 2542 11009 bot 6 step 26
FT 2123 11097 41 0 0 0 0 0 0 273 2592 11009 bot 6 step 23
FT 2123 10969 0 0 0 0 0 0 0 402 2532 11009 bot 0 step 0
FT 2124 11042 41 0 0 0 0 0 0 284 2556 11009 bot 5 step 23
FT 2125 11164 47 0 0 0 0 0 0 238 2411 11009 bot 6 step 27
FT 2125 11057 0 0 0 0 0 0 0 273 2506 11009 bot 0 step 0
FT 2126 11218 47 0 0 0 0 0 0 270 2503 11009 bot 7 step 26
FT 2127 11211 39 0 0 0 0 0 0 252 2348 11009 bot 6 step 20
FT 2127 11015 0 0 0 0 0 0 0 270 2561 11009 bot 0 step 0
FT 2128 11170 57 0 0 0 0 0 0 277 2575 11009 bot 5 step 39
FT 2129 11055 40 0 0 0 0 0 0 248 2542 11009 bot 6 step 22
FT 2129 10987 0 0 0 0 0 0 0 300 2512 11009 bot 0 step 0
FT 2130 11220 46 0 0 0 0 0 0 254 2522 11009 bot 6 step 26
FT 2131 11162 49 0 0 0 0 0 0 256 2513 11009 bot 6 step 28
FT 2131 11100 0 0 0 0 0 0 0 272 2494 11009 bot 0 step 0
FT 2132 11163 73 0 0 0 0 0 0 263 2503 11009 bot 7 step 29
FT 2133 11284 43 0 0 0 0 0 0 257 2506 11009 bot 6 step 25
FT 2133 10876 0 0 0 0 0 0 0 254 2513 11009 bot 0 step 0
FT 2134 11124 43 0 0 0 0 0 0 314 2513 11009 bot 6 step 25
FT 2135 11098 179 0 0 0 0 0 0 287 2509 11009 bot 139 step 22
FT 2135 11032 0 0 0 0 0 0 0 305 2499 11009 bot 0 step 0
FT 2136 11201 67 0 0 0 0 0 0 254 2502 11009 bot 5 step 33
FT 2137 11526 50 0 0 0 0 0 0 254 2507 11009 bot 6 step 29
FT 2137 10830 0 0 0 0 0 0 0 328 2447 11009 bot 0 step 0
FT 2138 11041 53 0 0 0 0 0 0 284 4460 11009 bot 7 step 28
FT 2139 11030 48 0 0 0 0 0 0 657 2467 11009 bot 7 step 27
FT 2139 10982 0 0 0 0 0 0 0 259 2454 11009 bot 0 step 0
FT 2140 11229 51 0 0 0 0 0 0 266 2459 11009 bot 19 step 21
FT 2141 11082 35 0 0 0 0 0 0 261 2467 11009 bot 5 step 18
FT 2141 10873 0 0 0 0 0 0 0 317 2450 11009 bot 0 step 0
FT 2142 11246 43 0 0 0 0 0 0 266 2454 11009 bot 7 step 22
FT 2143 11272 42 0 0 0 0 0 0 257 2456 11009 bot 7 step 21
FT 2143 11040 0 0 0 0 0 0 0 256 2453 11009 bot 0 step 0
FT 2144 11292 45 0 0 0 0 0 0 254 2453 11009 bot 7 step 24
FT 2145 11075 44 0 0 0 0 0 0 264 2473 11009 bot 6 step 24
FT 2145 11033 0 0 0 0 0 0 0 294 2477 11009 bot 0 step 0
FT 2146 11086 58 0 0 0 0 0 0 305 2461 11009 bot 6 step 40
FT 2147 11132 37 0 0 0 0 0 0 270 2479 11009 bot 6 step 18
FT 2147 10957 0 0 0 0 0 0 0 321 2450 11009 bot 0 step 0
FT 2148 11212 36 0 0 0 0 0 0 254 2456 11009 bot 6 step 18
FT 2149 11236 48 0 0 0 0 0 0 256 2460 11009 bot 6 step 23
FT 2149 10915 0 0 0 0 0 0 0 268 2459 11009 bot 0 step 0
FT 2150 11293 45 0 0 0 0 0 0 268 2453 11009 bot 7 step 24
FT 2151 11094 49 0 0 0 0 0 0 259 2466 11009 bot 7 step 28
FT 2151 11107 0 0 0 0 0 0 0 261 2474 11009 bot 0 step 0
FT 2152 11106 38 0 0 0 0 0 0 264 2467 11009 bot 6 step 20
FT 2153 11056 37 0 0 0 0 0 0 296 2476 11031 bot 6 step 19
FT 2153 11014 0 0 0 0 0 0 0 349 2448 11031 bot 0 step 0
FT 2154 11004 37 0 0 0 0 0 0 261 2450 11031 bot 6 step 19
FT 2155 11378 43 0 0 0 0 0 0 261 2482 11031 bot 7 step 22
FT 2155 11022 0 0 0 0 0 0 0 257 2464 11031 bot 0 step 0
FT 2156 11216 44 0 0 0 0 0 0 263 2451 11031 bot 7 step 24
FT 2157 11162 42 0 0 0 0 0 0 273 2457 11031 bot 7 step 23
FT 2157 10979 0 0 0 0 0 0 0 263 2470 11031 bot 0 step 0
FT 2158 11210 60 0 0 0 0 0 0 328 2467 11031 bot 5 step 25
FT 2159 11033 37 0 0 0 0 0 0 294 2470 11031 bot 7 step 19
FT 2159 10946 0 0 0 0 0 0 0 442 2444 11031 bot 0 step 0
FT 2160 11260 37 0 0 0 0 0 0 268 2450 11031 bot 6 step 18
FT 2161 11026 45 0 0 0 0 0 0 263 2466 11031 bot 7 step 23
FT 2161 11136 0 0 0 0 0 0 0 261 2447 11031 bot 0 step 0
FT 2162 11284 42 0 0 0 0 0 0 263 2443 11031 bot 8 step 20
FT 2163 11138 64 0 0 0 0 0 0 259 2467 11031 bot 5 step 26
FT 2163 11084 0 0 0 0 0 0 0 273 2483 11031 bot 0 step 0
FT 2164 11122 35 0 0 0 0 0 0 340 2513 11031 bot 5 step 17
FT 2165 11042 45 0 0 0 0 0 0 259 2490 11031 bot 7 step 24
FT 2165 10981 0 0 0 0 0 0 0 324 2499 11031 bot 0 step 0
FT 2166 11115 44 0 0 0 0 0 0 261 2982 11031 bot 7 step 23
FT 2167 11257 49 0 0 0 0 0 0 264 2473 11031 bot 11 step 23
FT 2167 10929 0 0 0 0 0 0 0 266 2463 11031 bot 0 step 0
FT 2168 11312 43 0 0 0 0 0 0 261 2493 11031 bot 6 step 23
FT 2169 11329 282 0 0 0 0 0 0 254 2493 11031 bot 183 step 83
FT 2169 10799 0 0 0 0 0 0 0 379 2542 11031 bot 0 step 0
FT 2170 11173 39 0 0 0 0 0 0 453 2568 11031 bot 8 step 19
FT 2171 11076 44 0 0 0 0 0 0 303 2553 11031 bot 5 step 26
FT 2171 10993 0 0 0 0 0 0 0 349 2479 11031 bot 0 step 0
FT 2172 11208 39 0 0 0 0 0 0 256 2467 11031 bot 6 step 21
FT 2173 11165 46 0 0 0 0 0 0 254 2424 11031 bot 7 step 25
FT 2173 11106 0 0 0 0 0 0 0 296 2558 11031 bot 0 step 0
FT 2174 11081 45 0 0 0 0 0 0 277 2579 11031 bot 6 step 25
FT 2175 11001 56 0 0 0 0 0 0 275 2540 11031 bot 7 step 28
FT 2175 19026 0 0 0 0 0 0 0 266 2562 11031 bot 0 step 0
FT 2176 3234 55 0 0 0 0 0 0 259 2506 11031 bot 6 step 37
FT 2177 11112 38 0 0 0 0 0 0 279 2526 11031 bot 8 step 17
FT 2177 11024 0 0 0 0 0 0 0 330 2572 11031 bot 0 step 0
FT 2178 11181 47 0 0 0 0 0 0 270 2611 11031 bot 6 step 27
FT 2179 11230 42 0 0 0 0 0 0 261 2602 11031 bot 6 step 22
FT 2179 11045 0 0 0 0 0 0 0 293 2578 11031 bot 0 step 0
FT 2180 11029 35 0 0 0 0 0 0 273 2601 11031 bot 5 step 18
FT 2181 11338 43 0 0 0 0 0 0 266 2598 11031 bot 6 step 24
FT 2181 11005 0 0 0 0 0 0 0 268 2618 11031 bot 0 step 0
FT 2182 11215 55 0 0 0 0 0 0 324 2635 11031 bot 6 step 20
FT 2183 11012 37 0 0 0 0 0 0 312 2594 11031 bot 6 step 18
FT 2183 11018 0 0 0 0 0 0 0 433 2555 11031 bot 0 step 0
FT 2184 11335 183 0 0 0 0 0 0 273 2589 11031 bot 154 step 17
FT 2185 11006 38 0 0 0 0 0 0 266 2565 11031 bot 6 step 20
FT 2185 11397 0 0 0 0 0 0 0 293 2585 11031 bot 0 step 0
FT 2186 10909 44 0 0 0 0 0 0 314 2571 11031 bot 7 step 22
FT 2187 11087 68 0 0 0 0 0 0 326 2575 11031 bot 7 step 26
FT 2187 10938 0 0 0 0 0 0 0 266 2563 11031 bot 0 step 0
FT 2188 11223 40 0 0 0 0 0 0 293 2529 11031 bot 6 step 21
FT 2189 10856 43 0 0 0 0 0 0 270 2585 11031 bot 7 step 23
FT 2189 11208 0 0 0 0 0 0 0 342 2576 11031 bot 0 step 0
FT 2190 11207 40 0 0 0 0 0 0 358 2561 11031 bot 5 step 21
FT 2191 11268 54 0 0 0 0 0 0 272 2555 11031 bot 7 step 33
FT 2191 10958 0 0 0 0 0 0 0 294 2549 11031 bot 0 step 0
FT 2192 11130 48 0 0 0 0 0 0 280 2562 11031 bot 7 step 27
FT 2193 11202 45 0 0 0 0 0 0 275 2532 11031 bot 7 step 26
FT 2193 11076 0 0 0 0 0 0 0 273 2551 11031 bot 0 step 0
FT 2194 11161 46 0 0 0 0 0 0 319 2552 11031 bot 6 step 28
FT 2195 11002 68 0 0 0 0 0 0 397 2532 11031 bot 5 step 29
FT 2195 10897 0 0 0 0 0 0 0 368 2512 11031 bot 0 step 0
FT 2196 11465 76 0 0 0 0 0 0 293 2529 11031 bot 6 step 40
FT 2197 11018 37 0 0 0 0 0 0 284 2532 11031 bot 5 step 19
FT 2197 11070 0 0 0 0 0 0 0 375 2520 11031 bot 0 step 0
FT 2198 10950 51 0 0 0 0 0 0 275 2551 11031 bot 7 step 24
FT 2199 11085 37 0 0 0 0 0 0 254 2395 11031 bot 5 step 19
FT 2199 11165 0 0 0 0 0 0 0 236 2404 11031 bot 0 step 0
FT 2200 11284 35 0 0 0 0 0 0 238 2401 11031 bot 6 step 17
FT 2201 11028 35 0 0 0 0 0 0 236 2441 11031 bot 6 step 17
FT 2201 11295 0 0 0 0 0 0 0 289 2426 11031 bot 0 step 0
FT 2202 10873 35 0 0 0 0 0 0 330 2398 11031 bot 6 step 17
FT 2203 11173 35 0 0 0 0 0 0 257 2403 11031 bot 6 step 16
FT 2203 11042 0 0 0 0 0 0 0 230 2398 11031 bot 0 step 0
FT 2204 11130 35 0 0 0 0 0 0 259 2400 11031 bot 6 step 17
FT 2205 11211 42 0 0 0 0 0 0 238 2407 11031 bot 6 step 22
FT 2205 10990 0 0 0 0 0 0 0 238 2394 11031 bot 0 step 0
FT 2206 11271 45 0 0 0 0 0 0 236 2421 11031 bot 6 step 24
FT 2207 11013 36 0 0 0 0 0 0 233 2424 11031 bot 6 step 18
FT 2207 10898 0 0 0 0 0 0 0 463 2414 11031 bot 0 step 0
FT 2208 11246 36 0 0 0 0 0 0 266 2404 11031 bot 6 step 17
FT 2209 11205 42 0 0 0 0 0 0 241 2403 11031 bot 8 step 20
FT 2209 10995 0 0 0 0 0 0 0 237 2459 11031 bot 0 step 0
FT 2210 11234 41 0 0 0 0 0 0 257 2463 11031 bot 8 step 20
FT 2211 10910 35 0 0 0 0 0 0 252 2473 11031 bot 7 step 16
FT 2211 11234 0 0 0 0 0 0 0 238 2454 11031 bot 0 step 0
FT 2212 11055 36 0 0 0 0 0 0 238 2467 11031 bot 6 step 17
FT 2213 11194 35 0 0 0 0 0 0 238 2398 10951 bot 6 step 17
FT 2213 10881 0 0 0 0 0 0 0 238 2411 10951 bot 0 step 0
FT 2214 11264 40 0 0 0 0 0 0 270 2401 10951 bot 7 step 21
FT 2215 11175 53 0 0 0 0 0 0 231 2400 10951 bot 6 step 18
FT 2215 11042 0 0 0 0 0 0 0 236 2404 10951 bot 0 step 0
FT 2216 11202 42 0 0 0 0 0 0 248 2417 10951 bot 8 step 21
FT 2217 11111 65 0 0 0 0 0 0 234 2414 10951 bot 8 step 42
FT 2217 11009 0 0 0 0 0 0 0 243 2401 10951 bot 0 step 0
FT 2218 11302 33 0 0 0 0 0 0 246 2407 10951 bot 6 step 15
FT 2219 11045 36 0 0 0 0 0 0 238 2427 10951 bot 6 step 16
FT 2219 11009 0 0 0 0 0 0 0 287 2411 10951 bot 0 step 0
FT 2220 11006 34 0 0 0 0 0 0 273 2405 10951 bot 6 step 16
FT 2221 11162 37 0 0 0 0 0 0 231 2398 10951 bot 6 step 17
FT 2221 11301 0 0 0 0 0 0 0 236 2404 10951 bot 0 step 0
FT 2222 11024 42 0 0 0 0 0 0 244 2417 10951 bot 8 step 20
FT 2223 11202 41 0 0 0 0 0 0 245 2437 10951 bot 7 step 19
FT 2223 11002 0 0 0 0 0 0 0 263 2404 10951 bot 0 step 0
FT 2224 11241 35 0 0 0 0 0 0 239 2421 10951 bot 6 step 16
FT 2225 11091 35 0 0 0 0 0 0 238 2437 10951 bot 6 step 17
FT 2225 11000 0 0 0 0 0 0 0 326 2410 10951 bot 0 step 0
FT 2226 11076 34 0 0 0 0 0 0 275 2407 10951 bot 7 step 16
FT 2227 11249 70 0 0 0 0 0 0 234 2418 10951 bot 7 step 34
FT 2227 11026 0 0 0 0 0 0 0 238 2421 10951 bot 0 step 0
FT 2228 11208 45 0 0 0 0 0 0 246 2424 10951 bot 8 step 22
FT 2229 11149 42 0 0 0 0 0 0 261 2529 10951 bot 8 step 21
FT 2229 11005 0 0 0 0 0 0 0 270 2585 10951 bot 0 step 0
FT 2230 11215 37 0 0 0 0 0 0 277 2571 10951 bot 7 step 17
FT 2231 11066 36 0 0 0 0 0 0 264 2595 10951 bot 7 step 17
FT 2231 10975 0 0 0 0 0 0 0 321 2614 10951 bot 0 step 0
FT 2232 11160 40 0 0 0 0 0 0 476 2585 10951 bot 7 step 17
FT 2233 11117 36 0 0 0 0 0 0 263 2572 10951 bot 7 step 16
FT 2233 11179 0 0 0 0 0 0 0 284 2578 10951 bot 0 step 0
FT 2234 11070 43 0 0 0 0 0 0 286 2579 10951 bot 8 step 21
FT 2235 11228 51 0 0 0 0 0 0 270 2588 10951 bot 9 step 21
FT 2235 11064 0 0 0 0 0 0 0 270 2578 10951 bot 0 step 0
FT 2236 10944 38 0 0 0 0 0 0 270 2596 10951 bot 7 step 19
FT 2237 11218 36 0 0 0 0 0 0 277 2588 10951 bot 8 step 17
FT 2237 10733 0 0 0 0 0 0 0 272 2667 10951 bot 0 step 0
FT 2238 11337 43 0 0 0 0 0 0 307 2632 10951 bot 8 step 18
FT 2239 11172 39 0 0 0 0 0 0 268 2635 10951 bot 7 step 20
FT 2239 11035 0 0 0 0 0 0 0 264 2630 10951 bot 0 step 0
FT 2240 11262 75 0 0 0 0 0 0 284 2615 10951 bot 9 step 32
FT 2241 10996 39 0 0 0 0 0 0 293 2645 10951 bot 7 step 19
FT 2241 11161 0 0 0 0 0 0 0 395 2563 10951 bot 0 step 0
FT 2242 11193 66 0 0 0 0 0 0 273 2568 10951 bot 8 step 18
FT 2243 11018 58 0 0 0 0 0 0 268 2596 10951 bot 19 step 26
FT 2243 10987 0 0 0 0 0 0 0 342 2618 10951 bot 0 step 0
FT 2244 11270 38 0 0 0 0 0 0 303 2621 10951 bot 7 step 19
FT 2245 11060 36 0 0 0 0 0 0 263 2632 10951 bot 6 step 17
FT 2245 11010 0 0 0 0 0 0 0 266 2624 10951 bot 0 step 0
FT 2246 11189 42 0 0 0 0 0 0 289 2612 10951 bot 7 step 20
FT 2247 11099 47 0 0 0 0 0 0 289 2466 10951 bot 8 step 20
FT 2247 11227 0 0 0 0 0 0 0 268 2463 10951 bot 0 step 0
FT 2248 11150 49 0 0 0 0 0 0 239 2463 10951 bot 6 step 29
FT 2249 11090 39 0 0 0 0 0 0 234 2473 10951 bot 6 step 21
FT 2249 10908 0 0 0 0 0 0 0 238 2496 10951 bot 0 step 0
FT 2250 11300 37 0 0 0 0 0 0 314 2423 10951 bot 7 step 17
FT 2251 11093 36 0 0 0 0 0 0 239 2434 10951 bot 6 step 17
FT 2251 11086 0 0 0 0 0 0 0 240 2423 10951 bot 0 step 0
FT 2252 11148 40 0 0 0 0 0 0 259 2434 10951 bot 8 step 19
FT 2253 11171 42 0 0 0 0 0 0 252 2434 10951 bot 7 step 20
FT 2253 10985 0 0 0 0 0 0 0 237 2427 10951 bot 0 step 0
FT 2254 11068 36 0 0 0 0 0 0 234 2421 10951 bot 7 step 17
FT 2255 11246 37 0 0 0 0 0 0 236 2418 10951 bot 7 step 18
FT 2255 11010 0 0 0 0 0 0 0 237 2434 10951 bot 0 step 0
FT 2256 11191 37 0 0 0 0 0 0 328 2434 10951 bot 7 step 16
FT 2257 11258 40 0 0 0 0 0 0 237 2443 10951 bot 8 step 19
FT 2257 10883 0 0 0 0 0 0 0 259 2431 10951 bot 0 step 0
FT 2258 11119 49 0 0 0 0 0 0 234 2427 10951 bot 7 step 21
FT 2259 11167 42 0 0 0 0 0 0 261 2431 10951 bot 7 step 20
FT 2259 11152 0 0 0 0 0 0 0 234 2428 10951 bot 0 step 0
FT 2260 11179 42 0 0 0 0 0 0 234 2437 10951 bot 7 step 21
FT 2261 11090 37 0 0 0 0 0 0 231 2476 10951 bot 7 step 18
FT 2261 10940 0 0 0 0 0 0 0 237 2489 10951 bot 0 step 0
FT 2262 11250 53 0 0 0 0 0 0 286 2430 10951 bot 7 step 33
FT 2263 13715 38 0 2437 1 0 0 0 239 2407 10951 bot 6 step 18
FT 2263 8738 0 0 0 0 0 0 0 256 2453 10951 bot 0 step 0
FT 2264 10953 61 0 0 0 0 0 0 345 2436 10951 bot 7 step 39
FT 2265 11082 42 0 0 0 0 0 0 240 2424 10951 bot 7 step 20
FT 2265 11151 0 0 0 0 0 0 0 270 2420 10951 bot 0 step 0
FT 2266 11119 37 0 0 0 0 0 0 244 2431 10951 bot 7 step 18
FT 2267 10905 48 0 0 0 0 0 0 246 2440 10951 bot 17 step 18
FT 2267 11103 0 0 0 0 0 0 0 310 2426 10951 bot 0 step 0
FT 2268 11062 54 0 0 0 0 0 0 231 2415 10951 bot 6 step 17
FT 2269 11066 36 0 0 0 0 0 0 232 2414 10951 bot 7 step 17
FT 2269 11175 0 0 0 0 0 0 0 236 2428 10951 bot 0 step 0
FT 2270 11255 44 0 0 0 0 0 0 236 2434 10951 bot 8 step 22
FT 2271 11077 43 0 0 0 0 0 0 247 2421 10951 bot 8 step 21
FT 2271 11110 0 0 0 0 0 0 0 237 2418 10951 bot 0 step 0
FT 2272 11139 50 0 0 0 0 0 0 238 2426 10951 bot 7 step 31
FT 2273 11146 37 0 0 0 0 0 0 238 2430 11098 bot 6 step 19
FT 2273 10980 0 0 0 0 0 0 0 256 2440 11098 bot 0 step 0
FT 2274 11185 37 0 0 0 0 0 0 310 2440 11098 bot 7 step 17
FT 2275 11054 42 0 0 0 0 0 0 236 2430 11098 bot 6 step 22
FT 2275 11170 0 0 0 0 0 0 0 250 2437 11098 bot 0 step 0
FT 2276 11162 43 0 0 0 0 0 0 252 2428 11098 bot 8 step 21
FT 2277 11061 45 0 0 0 0 0 0 238 2430 11098 bot 7 step 23
FT 2277 11019 0 0 0 0 0 0 0 236 2424 11098 bot 0 step 0
FT 2278 11153 46 0 0 0 0 0 0 243 2430 11098 bot 7 step 20
FT 2279 11167 49 0 0 0 0 0 0 231 2431 11098 bot 7 step 30
FT 2279 10988 0 0 0 0 0 0 0 231 2444 11098 bot 0 step 0
FT 2280 11161 41 0 0 0 0 0 0 300 2441 11098 bot 6 step 22
FT 2281 11204 38 0 0 0 0 0 0 233 2427 11098 bot 7 step 19
FT 2281 11022 0 0 0 0 0 0 0 252 2428 11098 bot 0 step 0
FT 2282 11161 48 0 0 0 0 0 0 263 2450 11098 bot 8 step 26
FT 2283 11250 42 0 0 0 0 0 0 238 2431 11098 bot 8 step 20
FT 2283 10987 0 0 0 0 0 0 0 238 2427 11098 bot 0 step 0
FT 2284 11149 60 0 0 0 0 0 0 238 2421 11098 bot 25 step 21
FT 2285 10979 59 0 0 0 0 0 0 237 2451 11098 bot 7 step 32
FT 2285 11050 0 0 0 0 0 0 0 280 2437 11098 bot 0 step 0
FT 2286 11211 38 0 0 0 0 0 0 298 2427 11098 bot 7 step 19
FT 2287 11172 38 0 0 0 0 0 0 231 2438 11098 bot 7 step 18
FT 2287 10954 0 0 0 0 0 0 0 263 2474 11098 bot 0 step 0
FT 2288 11312 44 0 0 0 0 0 0 259 2426 11098 bot 8 step 21
FT 2289 11105 41 0 0 0 0 0 0 256 2431 11098 bot 7 step 20
FT 2289 11171 0 0 0 0 0 0 0 233 2413 11098 bot 0 step 0
FT 2290 10994 41 0 0 0 0 0 0 236 2421 11098 bot 8 step 20
FT 2291 11055 60 0 0 0 0 0 0 238 2426 11098 bot 10 step 19
FT 2291 11123 0 0 0 0 0 0 0 238 2421 11098 bot 0 step 0
FT 2292 11243 35 0 0 0 0 0 0 277 2424 11098 bot 7 step 16
FT 2293 11014 37 0 0 0 0 0 0 233 2421 11098 bot 7 step 17
FT 2293 11088 0 0 0 0 0 0 0 363 2437 11098 bot 0 step 0
FT 2294 11214 58 0 0 0 0 0 0 259 2430 11098 bot 7 step 36
FT 2295 11134 64 0 0 0 0 0 0 238 2431 11098 bot 8 step 19
FT 2295 11078 0 0 0 0 0 0 0 232 2428 11098 bot 0 step 0
FT 2296 11149 35 0 0 0 0 0 0 244 2424 11098 bot 7 step 17
FT 2297 11111 35 0 0 0 0 0 0 238 2469 11098 bot 6 step 16
FT 2297 10747 0 0 0 0 0 0 0 291 2448 11098 bot 0 step 0
FT 2298 11288 43 0 0 0 0 0 0 330 2430 11098 bot 6 step 19
FT 2299 11214 35 0 0 0 0 0 0 247 2424 11098 bot 6 step 16
FT 2299 10983 0 0 0 0 0 0 0 240 2434 11098 bot 0 step 0
FT 2300 11201 35 0 0 0 0 0 0 263 2427 11098 bot 6 step 18
FT 2301 11281 43 0 0 0 0 0 0 275 2428 11098 bot 7 step 21
FT 2301 10775 0 0 0 0 0 0 0 240 2443 11098 bot 0 step 0
FT 2302 11411 36 0 0 0 0 0 0 246 2473 11098 bot 6 step 17
FT 2303 11089 36 0 0 0 0 0 0 240 2497 11098 bot 6 step 17
FT 2303 11025 0 0 0 0 0 0 0 291 2507 11098 bot 0 step 0
FT 2304 11142 35 0 0 0 0 0 0 324 2434 11098 bot 6 step 16
FT 2305 10972 36 0 0 0 0 0 0 238 2430 11098 bot 6 step 16
FT 2305 11174 0 0 0 0 0 0 0 257 2430 11098 bot 0 step 0
FT 2306 11263 47 0 0 0 0 0 0 263 2440 11098 bot 7 step 26
FT 2307 11053 41 0 0 0 0 0 0 246 2440 11098 bot 7 step 20
FT 2307 11181 0 0 0 0 0 0 0 239 2437 11098 bot 0 step 0
FT 2308 11091 39 0 0 0 0 0 0 246 2444 11098 bot 8 step 17
FT 2309 11062 36 0 0 0 0 0 0 256 2451 11098 bot 6 step 17
FT 2309 11038 0 0 0 0 0 0 0 272 2448 11098 bot 0 step 0
FT 2310 18637 51 0 0 0 0 0 0 287 2447 11098 bot 7 step 18
FT 2311 3619 36 0 0 0 0 0 0 238 2430 11098 bot 6 step 18
FT 2311 10960 0 0 0 0 0 0 0 247 2443 11098 bot 0 step 0
FT 2312 11100 49 0 0 0 0 0 0 248 2434 11098 bot 7 step 22
FT 2313 11386 42 0 0 0 0 0 0 291 2430 11098 bot 7 step 21
FT 2313 11052 0 0 0 0 0 0 0 250 2437 11098 bot 0 step 0
FT 2314 11085 67 0 0 0 0 0 0 247 2437 11098 bot 7 step 48
FT 2315 11076 35 0 0 0 0 0 0 241 2434 11098 bot 6 step 17
FT 2315 11083 0 0 0 0 0 0 0 252 2470 11098 bot 0 step 0
FT 2316 11076 34 0 0 0 0 0 0 252 2471 11098 bot 6 step 16
FT 2317 11008 35 0 0 0 0 0 0 244 2471 11098 bot 6 step 17
FT 2317 11143 0 0 0 0 0 0 0 241 2482 11098 bot 0 step 0
FT 2318 11082 50 0 0 0 0 0 0 244 2470 11098 bot 8 step 21
FT 2319 11131 60 0 0 0 0 0 0 277 2476 11098 bot 7 step 18
FT 2319 11272 0 0 0 0 0 0 0 240 2467 11098 bot 0 step 0
FT 2320 11205 39 0 0 0 0 0 0 256 2484 11098 bot 6 step 19
FT 2321 11041 40 0 0 0 0 0 0 240 2436 11098 bot 7 step 18
FT 2321 10963 0 0 0 0 0 0 0 296 2407 11098 bot 0 step 0
FT 2322 11166 34 0 0 0 0 0 0 259 2398 11098 bot 7 step 15
FT 2323 11256 34 0 0 0 0 0 0 233 2459 11098 bot 6 step 16
FT 2323 10828 0 0 0 0 0 0 0 245 2447 11098 bot 0 step 0
FT 2324 11259 39 0 0 0 0 0 0 254 2414 11098 bot 7 step 18
FT 2325 11173 39 0 0 0 0 0 0 263 2453 11098 bot 7 step 19
FT 2325 11047 0 0 0 0 0 0 0 246 2434 11098 bot 0 step 0
FT 2326 11287 36 0 0 0 0 0 0 245 2446 11098 bot 6 step 17
FT 2327 11038 34 0 0 0 0 0 0 238 2448 11098 bot 6 step 15
FT 2327 10876 0 0 0 0 0 0 0 270 2456 11098 bot 0 step 0
FT 2328 11258 33 0 0 0 0 0 0 379 2434 11098 bot 6 step 14
FT 2329 11109 32 0 0 0 0 0 0 236 2436 11098 bot 6 step 14
FT 2329 10926 0 0 0 0 0 0 0 254 2454 11098 bot 0 step 0
FT 2330 11353 42 0 0 0 0 0 0 268 2426 11098 bot 6 step 19
FT 2331 11160 46 0 0 0 0 0 0 296 2443 11098 bot 7 step 24
FT 2331 11031 0 0 0 0 0 0 0 238 2434 11098 bot 0 step 0
FT 2332 11195 33 0 0 0 0 0 0 241 2430 11098 bot 6 step 14
FT 2333 11069 38 0 0 0 0 0 0 240 2440 11001 bot 11 step 15
FT 2333 10923 0 0 0 0 0 0 0 289 2459 11001 bot 0 step 0
FT 2334 11318 38 0 0 0 0 0 0 287 2434 11001 bot 7 step 17
FT 2335 10916 37 0 0 0 0 0 0 240 2428 11001 bot 6 step 18
FT 2335 11098 0 0 0 0 0 0 0 261 2430 11001 bot 0 step 0
FT 2336 11268 38 0 0 0 0 0 0 243 2430 11001 bot 7 step 17
FT 2337 11137 38 0 0 0 0 0 0 270 2430 11001 bot 7 step 17
FT 2337 11032 0 0 0 0 0 0 0 240 2441 11001 bot 0 step 0
FT 2338 11206 36 0 0 0 0 0 0 238 2434 11001 bot 7 step 17
FT 2339 11153 34 0 0 0 0 0 0 241 2438 11001 bot 7 step 15
FT 2339 10959 0 0 0 0 0 0 0 247 2500 11001 bot 0 step 0
FT 2340 11171 32 0 0 0 0 0 0 324 2441 11001 bot 6 step 14
FT 2341 11019 34 0 0 0 0 0 0 250 2428 11001 bot 6 step 15
FT 2341 11115 0 0 0 0 0 0 0 256 2459 11001 bot 0 step 0
FT 2342 11210 39 0 0 0 0 0 0 263 2428 11001 bot 7 step 17
FT 2343 11177 57 0 0 0 0 0 0 266 2427 11001 bot 7 step 16
FT 2343 10964 0 0 0 0 0 0 0 244 2430 11001 bot 0 step 0
FT 2344 11276 34 0 0 0 0 0 0 243 2434 11001 bot 6 step 14
FT 2345 11107 34 0 0 0 0 0 0 244 2461 11001 bot 6 step 16
FT 2345 10996 0 0 0 0 0 0 0 254 2456 11001 bot 0 step 0
FT 2346 11203 33 0 0 0 0 0 0 316 2431 11001 bot 7 step 14
FT 2347 11058 34 0 0 0 0 0 0 240 2427 11001 bot 7 step 15
FT 2347 10878 0 0 0 0 0 0 0 254 2437 11001 bot 0 step 0
FT 2348 11263 37 0 0 0 0 0 0 259 2427 11001 bot 7 step 16
FT 2349 11163 38 0 0 0 0 0 0 282 2428 11001 bot 7 step 17
FT 2349 11130 0 0 0 0 0 0 0 238 2433 11001 bot 0 step 0
FT 2350 11176 35 0 0 0 0 0 0 241 2443 11001 bot 6 step 16
FT 2351 11113 37 0 0 0 0 0 0 244 2448 11001 bot 6 step 18
FT 2351 10975 0 0 0 0 0 0 0 246 2444 11001 bot 0 step 0
FT 2352 11171 33 0 0 0 0 0 0 298 2467 11001 bot 6 step 14
FT 2353 11012 32 0 0 0 0 0 0 243 2459 11001 bot 6 step 14
FT 2353 11113 0 0 0 0 0 0 0 240 2463 11001 bot 0 step 0
FT 2354 11227 39 0 0 0 0 0 0 254 2466 11001 bot 8 step 17
FT 2355 11153 38 0 0 0 0 0 0 270 2487 11001 bot 7 step 17
FT 2355 11075 0 0 0 0 0 0 0 289 2414 11001 bot 0 step 0
FT 2356 11193 44 0 0 0 0 0 0 250 2411 11001 bot 10 step 20
FT 2357 11073 33 0 0 0 0 0 0 247 2427 11001 bot 6 step 15
FT 2357 11008 0 0 0 0 0 0 0 287 2434 11001 bot 0 step 0
FT 2358 11160 32 0 0 0 0 0 0 287 2453 11001 bot 6 step 14
FT 2359 10956 36 0 0 0 0 0 0 294 2411 11001 bot 7 step 16
FT 2359 11157 0 0 0 0 0 0 0 254 2417 11001 bot 0 step 0
FT 2360 11094 40 0 0 0 0 0 0 244 2440 11001 bot 7 step 18
FT 2361 11199 43 0 0 0 0 0 0 256 2417 11001 bot 7 step 22
FT 2361 11034 0 1 0 0 0 0 0 252 2417 11001 bot 0 step 0
FT 2362 11268 44 0 0 0 0 0 0 246 2421 11001 bot 9 step 20
FT 2363 11097 38 0 0 0 0 0 0 245 2417 11001 bot 6 step 15
FT 2363 11012 0 0 0 0 0 0 0 250 2433 11001 bot 0 step 0
FT 2364 11063 52 0 0 0 0 0 0 277 2417 11001 bot 7 step 16
FT 2365 11022 34 0 0 0 0 0 0 238 2417 11001 bot 7 step 15
FT 2365 11205 0 0 0 0 0 0 0 252 2413 11001 bot 0 step 0
FT 2366 11214 40 0 0 0 0 0 0 266 2575 11001 bot 8 step 18
FT 2367 11113 59 0 0 0 0 0 0 293 2589 11001 bot 8 step 17
FT 2367 11029 0 0 0 0 0 0 0 266 2573 11001 bot 0 step 0
FT 2368 11261 35 0 0 0 0 0 0 266 2599 11001 bot 7 step 16
FT 2369 11125 34 0 0 0 0 0 0 266 2602 11001 bot 7 step 14
FT 2369 10963 0 0 0 0 0 0 0 293 2609 11001 bot 0 step 0
FT 2370 11268 34 0 0 0 0 0 0 321 2595 11001 bot 7 step 14
FT 2371 10879 35 0 0 0 0 0 0 266 2571 11001 bot 7 step 16
FT 2371 11064 0 0 0 0 0 0 0 282 2581 11001 bot 0 step 0
FT 2372 11275 40 0 0 0 0 0 0 282 2588 11001 bot 8 step 18
FT 2373 11188 39 0 0 0 0 0 0 293 2588 11001 bot 8 step 18
FT 2373 11005 0 0 0 0 0 0 0 266 2595 11001 bot 0 step 0
FT 2374 11235 36 0 0 0 0 0 0 263 2595 11001 bot 9 step 15
FT 2375 11079 33 0 0 0 0 0 0 282 2598 11001 bot 7 step 14
FT 2375 11025 0 0 0 0 0 0 0 307 2607 11001 bot 0 step 0
FT 2376 11196 36 0 0 0 0 0 0 340 2661 11001 bot 7 step 17
FT 2377 11073 42 0 0 0 0 0 0 266 2621 11001 bot 7 step 17
FT 2377 11038 0 0 0 0 0 0 0 277 2661 11001 bot 0 step 0
FT 2378 11125 66 0 0 0 0 0 0 287 2562 11001 bot 8 step 25
FT 2379 11223 36 0 0 0 0 0 0 272 2642 11001 bot 7 step 15
FT 2379 10900 0 0 0 0 0 0 0 268 2569 11001 bot 0 step 0
FT 2380 11310 57 0 0 0 0 0 0 264 2599 11001 bot 7 step 15
FT 2381 10986 32 0 0 0 0 0 0 254 2391 11001 bot 7 step 13
FT 2381 10999 0 0 0 0 0 0 0 215 2405 11001 bot 0 step 0
FT 2382 11235 31 0 0 0 0 0 0 214 2423 11001 bot 6 step 12
FT 2383 11093 36 0 0 0 0 0 0 216 2392 11001 bot 6 step 17
FT 2383 11173 0 0 0 0 0 0 0 216 2403 11001 bot 0 step 0
FT 2384 11094 32 0 0 0 0 0 0 231 2398 11001 bot 6 step 13
FT 2385 11180 35 0 0 0 0 0 0 217 2401 11001 bot 7 step 14
FT 2385 10889 0 0 0 0 0 0 0 224 2394 11001 bot 0 step 0
FT 2386 11350 65 0 0 0 0 0 0 218 2418 11001 bot 31 step 19
FT 2387 11004 36 0 0 0 0 0 0 218 2395 11001 bot 6 step 15
FT 2387 11041 0 0 0 0 0 0 0 214 2395 11001 bot 0 step 0
FT 2388 11174 30 0 0 0 0 0 0 216 2395 11001 bot 6 step 11
FT 2389 10976 37 0 0 0 0 0 0 219 2469 11001 bot 6 step 12
FT 2389 11185 0 0 0 0 0 0 0 216 2424 11001 bot 0 step 0
FT 2390 11102 36 0 0 0 0 0 0 216 2453 11001 bot 7 step 14
FT 2391 11275 60 0 0 0 0 0 0 239 2451 11001 bot 7 step 19
FT 2391 11036 0 0 0 0 0 0 0 218 2391 11001 bot 0 step 0
FT 2392 11102 36 0 0 0 0 0 0 218 2375 11001 bot 7 step 14
FT 2393 11188 31 0 0 0 0 0 0 216 2394 10863 bot 6 step 13
FT 2393 11012 0 0 0 0 0 0 0 216 2407 10863 bot 0 step 0
FT 2394 11138 32 0 0 0 0 0 0 244 2400 10863 bot 6 step 13
FT 2395 11078 31 0 0 0 0 0 0 223 2401 10863 bot 6 step 13
FT 2395 10844 0 0 0 0 0 0 0 219 2388 10863 bot 0 step 0
FT 2396 11327 36 0 0 0 0 0 0 224 2392 10863 bot 7 step 15
FT 2397 11148 36 0 0 0 0 0 0 221 2401 10863 bot 7 step 14
FT 2397 11074 0 0 0 0 0 0 0 238 2400 10863 bot 0 step 0
FT 2398 11241 37 0 0 0 0 0 0 215 2398 10863 bot 7 step 15
FT 2399 11133 36 0 0 0 0 0 0 214 2391 10863 bot 10 step 14
FT 2399 11008 0 0 0 0 0 0 0 224 2398 10863 bot 0 step 0
FT 2400 11153 31 0 0 0 0 0 0 217 2398 10863 bot 6 step 13
FT 2401 11095 32 0 0 0 0 0 0 217 2403 10863 bot 6 step 13
FT 2401 11114 0 0 0 0 0 0 0 231 2400 10863 bot 0 step 0
FT 2402 11112 37 0 0 0 0 0 0 243 2398 10863 bot 7 step 15
FT 2403 11206 36 0 0 0 0 0 0 243 2424 10863 bot 7 step 15
FT 2403 10970 0 0 0 0 0 0 0 218 2397 10863 bot 0 step 0
FT 2404 11213 36 0 0 0 0 0 0 219 2401 10863 bot 7 step 14
FT 2405 11125 32 0 0 0 0 0 0 219 2400 10863 bot 6 step 13
FT 2405 10995 0 0 0 0 0 0 0 218 2411 10863 bot 0 step 0
FT 2406 11123 31 0 0 0 0 0 0 223 2408 10863 bot 6 step 12
FT 2407 11061 29 0 0 0 0 0 0 228 2405 10863 bot 6 step 12
FT 2407 11008 0 0 0 0 0 0 0 221 2404 10863 bot 0 step 0
FT 2408 11048 42 0 0 0 0 0 0 219 2398 10863 bot 7 step 15
FT 2409 11298 35 0 0 0 0 0 0 273 2404 10863 bot 7 step 13
FT 2409 11158 0 0 0 0 0 0 0 261 2405 10863 bot 0 step 0
FT 2410 11173 35 0 0 0 0 0 0 277 2403 10863 bot 7 step 13
FT 2411 11104 45 0 0 0 0 0 0 218 2404 10863 bot 7 step 14
FT 2411 11016 0 0 0 0 0 0 0 221 2404 10863 bot 0 step 0
FT 2412 11026 31 0 0 0 0 0 0 215 2407 10863 bot 6 step 11
FT 2413 11103 31 0 0 0 0 0 0 214 2403 10863 bot 6 step 12
FT 2413 11102 0 0 0 0 0 0 0 216 2398 10863 bot 0 step 0
FT 2414 11307 37 0 0 0 0 0 0 219 2407 10863 bot 7 step 15
FT 2415 11020 55 0 0 0 0 0 0 261 2407 10863 bot 7 step 14
FT 2415 11179 0 0 0 0 0 0 0 217 2408 10863 bot 0 step 0
FT 2416 11205 42 0 0 0 0 0 0 224 2398 10863 bot 7 step 19
FT 2417 11077 33 0 0 0 0 0 0 218 2403 10863 bot 6 step 12
FT 2417 10936 0 0 0 0 0 0 0 216 2404 10863 bot 0 step 0
FT 2418 11257 31 0 0 0 0 0 0 221 2394 10863 bot 6 step 12
FT 2419 10915 31 0 0 0 0 0 0 217 2405 10863 bot 7 step 12
FT 2419 10926 0 0 0 0 0 0 0 216 2410 10863 bot 0 step 0
FT 2420 11371 36 0 0 0 0 0 0 216 2405 10863 bot 7 step 14
FT 2421 11258 37 0 0 0 0 0 0 263 2398 10863 bot 7 step 15
FT 2421 11090 0 0 0 0 0 0 0 225 2418 10863 bot 0 step 0
FT 2422 10904 32 0 0 0 0 0 0 228 2401 10863 bot 7 step 11
FT 2423 11252 57 0 0 0 0 0 0 228 2394 10863 bot 27 step 15
FT 2423 11065 0 0 0 0 0 0 0 222 2394 10863 bot 0 step 0
FT 2424 11176 30 0 0 0 0 0 0 214 2408 10863 bot 6 step 11
FT 2425 10978 35 0 0 0 0 0 0 219 2398 10863 bot 6 step 12
FT 2425 11006 0 0 0 0 0 0 0 216 2400 10863 bot 0 step 0
FT 2426 11226 35 0 0 0 0 0 0 237 2407 10863 bot 7 step 15
FT 2427 11332 35 0 0 0 0 0 0 215 2398 10863 bot 7 step 14
FT 2427 10831 0 0 0 0 0 0 0 248 2423 10863 bot 0 step 0
FT 2428 11378 53 0 0 0 0 0 0 218 2404 10863 bot 24 step 14
FT 2429 11082 30 0 0 0 0 0 0 214 2401 10863 bot 6 step 11
FT 2429 10804 0 0 0 0 0 0 0 216 2407 10863 bot 0 step 0
FT 2430 11309 38 0 0 0 0 0 0 218 2397 10863 bot 7 step 12
FT 2431 11016 33 0 0 0 0 0 0 214 2392 10863 bot 7 step 13
FT 2431 11019 0 0 0 0 0 0 0 222 2394 10863 bot 0 step 0
FT 2432 11044 42 0 0 0 0 0 0 215 2401 10863 bot 8 step 14
FT 2433 11380 35 0 0 0 0 0 0 212 2403 10863 bot 7 step 14
FT 2433 11114 0 0 0 0 0 0 0 252 2398 10863 bot 0 step 0
FT 2434 11100 35 0 0 0 0 0 0 218 2404 10863 bot 7 step 13
FT 2435 11036 36 0 0 0 0 0 0 211 2398 10863 bot 7 step 13
FT 2435 10927 0 0 0 0 0 0 0 215 2407 10863 bot 0 step 0
FT 2436 11342 30 0 0 0 0 0 0 212 2400 10863 bot 6 step 12
FT 2437 10975 31 0 0 0 0 0 0 209 2414 10863 bot 7 step 11
FT 2437 11067 0 0 0 0 0 0 0 234 2400 10863 bot 0 step 0
FT 2438 11156 44 0 0 0 0 0 0 211 2410 10863 bot 8 step 16
FT 2439 11124 50 0 0 0 0 0 0 214 2400 10863 bot 6 step 13
FT 2439 11278 0 0 0 0 0 0 0 263 2408 10863 bot 0 step 0
FT 2440 11225 52 0 0 0 0 0 0 226 2400 10863 bot 22 step 15
FT 2441 11090 36 0 0 0 0 0 0 223 2457 10863 bot 7 step 16
FT 2441 10957 0 0 0 0 0 0 0 212 2397 10863 bot 0 step 0
FT 2442 11204 37 0 0 0 0 0 0 230 2404 10863 bot 7 step 17
FT 2443 11096 31 0 0 0 0 0 0 217 2401 10863 bot 6 step 12
FT 2443 11027 0 0 0 0 0 0 0 231 2407 10863 bot 0 step 0
FT 2444 11130 36 0 0 0 0 0 0 214 2392 10863 bot 7 step 14
FT 2445 19471 51 0 0 0 0 0 0 230 2398 10863 bot 7 step 16
FT 2445 2654 0 0 0 0 0 0 0 237 2394 10863 bot 0 step 0
FT 2446 11055 32 0 0 0 0 0 0 224 2395 10863 bot 6 step 13
FT 2447 11273 36 0 0 0 0 0 0 217 2391 10863 bot 7 step 14
FT 2447 11080 0 0 0 0 0 0 0 215 2405 10863 bot 0 step 0
FT 2448 11158 30 0 0 0 0 0 0 214 2398 10863 bot 6 step 12
FT 2449 10984 30 0 0 0 0 0 0 214 2411 10863 bot 6 step 11
FT 2449 11015 0 0 0 0 0 0 0 219 2398 10863 bot 0 step 0
FT 2450 11259 35 0 0 0 0 0 0 216 2401 10863 bot 7 step 13
FT 2451 11187 41 0 0 0 0 0 0 215 2401 10863 bot 6 step 15
FT 2451 11136 0 0 0 0 0 0 0 261 2400 10863 bot 0 step 0
FT 2452 11136 35 0 0 0 0 0 0 215 2395 10863 bot 7 step 14
FT 2453 11064 49 0 0 0 0 0 0 231 2400 10957 bot 7 step 12
FT 2453 11084 0 0 0 0 0 0 0 216 2391 10957 bot 0 step 0
FT 2454 11110 30 0 0 0 0 0 0 222 2395 10957 bot 6 step 12
FT 2455 11071 29 0 0 0 0 0 0 212 2401 10957 bot 6 step 11
FT 2455 10923 0 0 0 0 0 0 0 212 2394 10957 bot 0 step 0
FT 2456 11313 36 0 0 0 0 0 0 212 2387 10957 bot 7 step 15
FT 2457 11184 36 0 0 0 0 0 0 215 2395 10957 bot 7 step 15
FT 2457 11062 0 0 0 0 0 0 0 250 2392 10957 bot 0 step 0
FT 2458 11124 36 0 0 0 0 0 0 232 2403 10957 bot 7 step 14
FT 2459 11037 45 0 0 0 0 0 0 221 2381 10957 bot 7 step 16
FT 2459 11144 0 0 0 0 0 0 0 215 2401 10957 bot 0 step 0
FT 2460 11015 31 0 0 0 0 0 0 216 2424 10957 bot 6 step 12
FT 2461 11066 32 0 0 0 0 0 0 214 2407 10957 bot 6 step 13
FT 2461 11104 0 0 0 0 0 0 0 224 2394 10957 bot 0 step 0
FT 2462 11238 36 0 0 0 0 0 0 216 2381 10957 bot 7 step 15
FT 2463 11124 56 0 0 0 0 0 0 218 2391 10957 bot 7 step 14
FT 2463 11105 0 0 0 0 0 0 0 237 2388 10957 bot 0 step 0
FT 2464 11206 36 0 0 0 0 0 0 219 2382 10957 bot 7 step 14
FT 2465 11181 36 0 0 0 0 0 0 217 2371 10957 bot 8 step 14
FT 2465 10933 0 0 0 0 0 0 0 212 2381 10957 bot 0 step 0
FT 2466 11156 34 0 0 0 0 0 0 217 2382 10957 bot 7 step 13
FT 2467 11112 32 0 0 0 0 0 0 222 2384 10957 bot 6 step 12
FT 2467 10936 0 0 0 0 0 0 0 209 2384 10957 bot 0 step 0
FT 2468 11143 35 0 0 0 0 0 0 222 2378 10957 bot 7 step 14
FT 2469 11086 43 0 0 0 0 0 0 217 2384 10957 bot 7 step 16
FT 2469 11190 0 0 0 0 0 0 0 261 2384 10957 bot 0 step 0
FT 2470 11184 34 0 0 0 0 0 0 261 2387 10957 bot 6 step 13
FT 2471 11139 34 0 0 0 0 0 0 211 2384 10957 bot 7 step 13
FT 2471 10928 0 0 0 0 0 0 0 209 2381 10957 bot 0 step 0
FT 2472 11304 29 0 0 0 0 0 0 216 2378 10957 bot 6 step 11
FT 2473 11097 36 0 0 0 0 0 0 208 2381 10957 bot 6 step 12
FT 2473 10894 0 0 0 0 0 0 0 214 2385 10957 bot 0 step 0
FT 2474 11103 38 0 0 0 0 0 0 238 2374 10957 bot 7 step 11
FT 2475 11411 37 0 0 0 0 0 0 216 2372 10957 bot 7 step 14
FT 2475 11104 0 0 0 0 0 0 0 224 2378 10957 bot 0 step 0
FT 2476 10956 32 0 0 0 0 0 0 214 2374 10957 bot 6 step 13
FT 2477 11268 35 0 0 0 0 0 0 222 2378 10957 bot 7 step 13
FT 2477 11035 0 0 0 0 0 0 0 216 2375 10957 bot 0 step 0
FT 2478 11224 31 0 0 0 0 0 0 212 2427 10957 bot 6 step 12
FT 2479 11041 32 0 0 0 0 0 0 219 2434 10957 bot 6 step 12
FT 2479 10936 0 0 0 0 0 0 0 243 2375 10957 bot 0 step 0
FT 2480 11084 45 0 0 0 0 0 0 216 2368 10957 bot 8 step 16
FT 2481 11308 43 0 0 0 0 0 0 218 2367 10957 bot 7 step 20
FT 2481 11133 0 0 0 0 0 0 0 277 2365 10957 bot 0 step 0
FT 2482 11034 59 0 0 0 0 0 0 211 2369 10957 bot 8 step 17
FT 2483 11206 38 0 0 0 0 0 0 215 2364 10957 bot 7 step 14
FT 2483 11077 0 0 0 0 0 0 0 223 2365 10957 bot 0 step 0
FT 2484 11079 30 0 0 0 0 0 0 212 2368 10957 bot 6 step 12
FT 2485 11069 29 0 0 0 0 0 0 211 2368 10957 bot 6 step 11
FT 2485 10968 0 0 0 0 0 0 0 210 2378 10957 bot 0 step 0
FT 2486 11180 41 0 0 0 0 0 0 226 2365 10957 bot 7 step 14
FT 2487 11160 54 0 0 0 0 0 0 210 2378 10957 bot 6 step 14
FT 2487 11119 0 0 0 0 0 0 0 280 2355 10957 bot 0 step 0
FT 2488 11131 37 0 0 0 0 0 0 222 2355 10957 bot 8 step 14
FT 2489 11023 44 0 0 0 0 0 0 209 2362 10957 bot 8 step 15
FT 2489 11210 0 0 0 0 0 0 0 212 2355 10957 bot 0 step 0
FT 2490 11144 32 0 0 0 0 0 0 217 2346 10957 bot 6 step 13
FT 2491 10987 32 0 0 0 0 0 0 215 2358 10957 bot 6 step 14
FT 2491 10947 0 0 0 0 0 0 0 207 2339 10957 bot 0 step 0
FT 2492 11229 31 0 0 0 0 0 0 208 2346 10957 bot 6 step 12
FT 2493 11163 34 0 0 0 0 0 0 206 2339 10957 bot 7 step 13
FT 2493 11157 0 0 0 0 0 0 0 224 2338 10957 bot 0 step 0
FT 2494 11180 35 0 0 0 0 0 0 229 2338 10957 bot 7 step 13
FT 2495 11155 53 0 0 0 0 0 0 204 2341 10957 bot 7 step 13
FT 2495 10971 0 0 0 0 0 0 0 203 2338 10957 bot 0 step 0
FT 2496 11195 36 0 0 0 0 0 0 210 2351 10957 bot 6 step 16
FT 2497 11080 30 0 0 0 0 0 0 197 2335 10957 bot 6 step 11
FT 2497 10955 0 0 0 0 0 0 0 206 2335 10957 bot 0 step 0
FT 2498 11206 35 0 0 0 0 0 0 212 2338 10957 bot 7 step 14
FT 2499 11222 36 0 0 0 0 0 0 207 2335 10957 bot 7 step 14
FT 2499 11002 0 0 0 0 0 0 0 256 2338 10957 bot 0 step 0
FT 2500 11155 34 0 0 0 0 0 0 209 2345 10957 bot 6 step 15
FT 2501 11038 32 0 0 0 0 0 0 216 2338 10957 bot 6 step 12
FT 2501 11027 0 0 0 0 0 0 0 207 2342 10957 bot 0 step 0
FT 2502 11382 31 0 0 0 0 0 0 202 2351 10957 bot 6 step 12
FT 2503 11047 31 0 0 0 0 0 0 206 2392 10957 bot 6 step 12
FT 2503 11025 0 0 0 0 0 0 0 229 2351 10957 bot 0 step 0
FT 2504 11064 32 0 0 0 0 0 0 204 2407 10957 bot 6 step 13
FT 2505 11292 36 0 0 0 0 0 0 202 2351 10957 bot 7 step 14
FT 2505 11150 0 0 0 0 0 0 0 215 2378 10957 bot 0 step 0
FT 2506 11187 67 0 0 0 0 0 0 238 2395 10957 bot 8 step 38
FT 2507 10909 35 0 0 0 0 0 0 202 2382 10957 bot 6 step 12
FT 2507 10933 0 0 0 0 0 0 0 201 2385 10957 bot 0 step 0
FT 2508 11302 41 0 0 0 0 0 0 200 2316 10957 bot 15 step 13
FT 2509 11090 36 0 0 0 0 0 0 200 2335 10957 bot 10 step 13
FT 2509 11102 0 0 0 0 0 0 0 207 2329 10957 bot 0 step 0
FT 2510 11106 37 0 0 0 0 0 0 206 2335 10957 bot 6 step 14
FT 2511 11120 35 0 0 0 0 0 0 259 2328 10957 bot 7 step 14
FT 2511 11206 0 0 0 0 0 0 0 245 2326 10957 bot 0 step 0
FT 2512 11146 37 0 0 0 0 0 0 200 2328 10957 bot 7 step 14
FT 2513 11132 35 0 0 0 0 0 0 196 2318 10946 bot 7 step 14
FT 2513 11090 0 0 0 0 0 0 0 201 2332 10946 bot 0 step 0
FT 2514 10999 31 0 0 0 0 0 0 196 2319 10946 bot 6 step 13
FT 2515 11090 30 0 0 0 0 0 0 202 2328 10946 bot 6 step 12
FT 2515 10902 0 0 0 0 0 0 0 195 2338 10946 bot 0 step 0
FT 2516 11379 36 0 0 0 0 0 0 197 2325 10946 bot 7 step 14
FT 2517 11010 36 0 0 0 0 0 0 196 2326 10946 bot 7 step 15
FT 2517 11018 0 0 0 0 0 0 0 230 2328 10946 bot 0 step 0
FT 2518 11302 37 0 0 0 0 0 0 224 2332 10946 bot 7 step 15
FT 2519 11176 39 0 0 0 0 0 0 212 2322 10946 bot 8 step 13
FT 2519 10995 0 0 0 0 0 0 0 195 2341 10946 bot 0 step 0
FT 2520 11449 30 0 2258 1 0 0 0 202 2351 10946 bot 6 step 11
FT 2521 10765 38 0 0 0 0 0 0 298 2348 10946 bot 6 step 18
FT 2521 11243 0 0 0 0 0 0 0 335 2328 10946 bot 0 step 0
FT 2522 10907 56 0 0 0 0 0 0 215 2318 10946 bot 7 step 13
FT 2523 11250 40 0 0 0 0 0 0 224 2328 10946 bot 7 step 14
FT 2523 10940 0 0 0 0 0 0 0 240 2319 10946 bot 0 step 0
FT 2524 11112 31 0 0 0 0 0 0 199 2318 10946 bot 6 step 12
FT 2525 10992 38 0 0 0 0 0 0 199 2316 10946 bot 7 step 13
FT 2525 11249 0 0 0 0 0 0 0 201 2322 10946 bot 0 step 0
FT 2526 11173 42 0 0 0 0 0 0 195 2308 10946 bot 7 step 15
FT 2527 11162 33 0 0 0 0 0 0 197 2313 10946 bot 8 step 12
FT 2527 11043 0 0 0 0 0 0 0 200 2315 10946 bot 0 step 0
FT 2528 11048 30 0 0 0 0 0 0 194 2315 10946 bot 6 step 11
FT 2529 11356 34 0 0 0 0 0 0 197 2312 10946 bot 6 step 13
FT 2529 11068 0 0 0 0 0 0 0 194 2308 10946 bot 0 step 0
FT 2530 11134 36 0 0 0 0 0 0 199 2313 10946 bot 6 step 14
FT 2531 10936 31 0 0 0 0 0 0 197 2316 10946 bot 6 step 12
FT 2531 11115 0 0 0 0 0 0 0 197 2318 10946 bot 0 step 0
FT 2532 11188 32 0 0 0 0 0 0 200 2328 10946 bot 6 step 11
FT 2533 11151 30 0 0 0 0 0 0 236 2306 10946 bot 6 step 11
FT 2533 10986 0 1 0 0 0 0 0 194 2305 10946 bot 0 step 0
FT 2534 11063 32 0 0 0 0 0 0 193 2315 10946 bot 6 step 11
FT 2535 11213 30 0 0 0 0 0 0 200 2286 10946 bot 6 step 11
FT 2535 11160 0 0 0 0 0 0 0 193 2289 10946 bot 0 step 0
FT 2536 11431 46 0 0 0 0 0 0 201 2289 10946 bot 9 step 19
FT 2537 10826 52 0 0 0 0 0 0 195 3259 10946 bot 7 step 13
FT 2537 11070 0 0 0 0 0 0 0 1044 2289 10946 bot 0 step 0
FT 2538 11152 35 0 0 0 0 0 0 234 2282 10946 bot 7 step 14
FT 2539 11436 338 0 0 0 0 0 0 196 2285 10946 bot 6 step 11
FT 2539 11419 0 0 0 0 0 0 0 203 2286 10946 bot 0 step 0
FT 2540 10408 31 0 0 0 0 0 0 256 2289 10946 bot 6 step 11
FT 2541 10941 31 0 0 0 0 0 0 219 2282 10946 bot 6 step 11
FT 2541 11386 0 0 0 0 0 0 0 216 2282 10946 bot 0 step 0
FT 2542 11075 38 0 0 0 0 0 0 225 2283 10946 bot 7 step 14
FT 2543 11167 36 0 0 0 0 0 0 208 2302 10946 bot 7 step 13
FT 2543 10780 0 0 0 0 0 0 0 206 2286 10946 bot 0 step 0
FT 2544 11362 31 0 0 0 0 0 0 208 2282 10946 bot 6 step 11
FT 2545 11068 30 0 0 0 0 0 0 208 2292 10946 bot 6 step 12
FT 2545 11082 0 0 0 0 0 0 0 208 2279 10946 bot 0 step 0
FT 2546 11131 54 0 0 0 0 0 0 203 2275 10946 bot 6 step 16
SWAP afterTick 691 enemies 8
SWAP rebuild 4278
FT 2547 20443 6715 0 0 0 0 0 1 209 2282 10946 bot 5 step 1311
FT 2547 3699 0 0 0 0 0 0 1 230 2331 10946 bot 0 step 0
FT 2548 10944 1600 0 0 0 0 0 1 1156 2469 10946 bot 1565 step 20
FT 2549 9527 34 0 1660 1 0 0 1 254 2469 10946 bot 5 step 16
FT 2549 11002 0 0 0 0 0 0 1 298 2483 10946 bot 0 step 0
FT 2550 11140 39 0 480 1 0 0 1 314 2484 10946 bot 6 step 19
FT 2551 13927 39 0 5539 2 1 1 1 456 2493 10946 bot 6 step 19
FT 2551 8158 0 0 0 0 0 0 1 514 2513 10946 bot 0 step 0
FT 2552 10958 43 0 841 1 1 0 1 381 2482 10946 bot 9 step 17
FT 2553 11195 42 0 0 0 0 0 1 312 2467 10946 bot 6 step 18
FT 2553 11270 0 0 0 0 0 0 1 256 2467 10946 bot 0 step 0
FT 2554 11224 41 0 412 1 0 0 1 286 2473 10946 bot 6 step 20
FT 2555 11039 58 0 270 1 0 0 1 270 2474 10946 bot 6 step 20
FT 2555 10937 0 0 0 0 0 0 1 261 2470 10946 bot 0 step 0
FT 2556 11354 120 931 0 0 0 0 0 254 2496 10946 bot 6 step 17
FT 2557 10907 40 1444 325 1 0 0 0 252 2480 10946 bot 6 step 21
FT 2557 11034 0 410 0 0 0 0 0 333 2484 10946 bot 0 step 0
FT 2558 11114 34 2 0 0 0 0 0 317 2476 10946 bot 6 step 15
FT 2559 11004 42 0 0 0 0 0 0 287 2471 10946 bot 7 step 18
FT 2559 11484 0 0 0 0 0 0 0 275 2499 10946 bot 0 step 0
FT 2560 11071 45 0 0 0 0 0 0 280 2506 10946 bot 6 step 24
FT 2561 11005 33 0 0 0 0 0 0 263 2516 10946 bot 6 step 16
FT 2561 11161 0 0 0 0 0 0 0 270 2497 10946 bot 0 step 0
FT 2562 11147 39 0 0 0 0 0 0 264 2480 10946 bot 5 step 20
FT 2563 10849 47 0 0 0 0 0 0 298 3138 10946 bot 6 step 24
FT 2563 11243 0 0 0 0 0 0 0 349 2693 10946 bot 0 step 0
FT 2564 11164 35 0 0 0 0 0 0 275 2677 10946 bot 6 step 16
FT 2565 11287 52 0 0 0 0 0 0 360 2687 10946 bot 10 step 25
FT 2565 11011 0 0 0 0 0 0 0 293 2686 10946 bot 0 step 0
FT 2566 11239 61 0 0 0 0 0 0 280 2680 10946 bot 7 step 39
FT 2567 10971 40 0 0 0 0 0 0 273 2693 10946 bot 6 step 20
FT 2567 11090 0 0 0 0 0 0 0 328 2661 10946 bot 0 step 0
FT 2568 11159 35 0 0 0 0 0 0 280 2671 10946 bot 6 step 16
FT 2569 11108 41 0 0 0 0 0 0 280 2684 10946 bot 5 step 19
FT 2569 11009 0 0 0 0 0 0 0 356 2635 10946 bot 0 step 0
FT 2570 11025 39 0 0 0 0 0 0 305 2611 10946 bot 6 step 21
FT 2571 11277 51 0 0 0 0 0 0 296 2622 10946 bot 6 step 16
FT 2571 11152 0 0 0 0 0 0 0 298 2617 10946 bot 0 step 0
FT 2572 11129 40 0 0 0 0 0 0 279 2608 10946 bot 6 step 21
FT 2573 11087 66 0 0 0 0 0 0 280 2607 11098 bot 6 step 45
FT 2573 11035 0 0 0 0 0 0 0 286 2611 11098 bot 0 step 0
FT 2574 10956 58 0 0 0 0 0 0 333 2594 11098 bot 20 step 24
FT 2575 11291 35 0 0 0 0 0 0 303 2576 11098 bot 5 step 17
FT 2575 10852 0 0 0 0 0 0 0 279 2585 11098 bot 0 step 0
FT 2576 11297 35 0 0 0 0 0 0 296 2581 11098 bot 5 step 17
FT 2577 11091 36 0 0 0 0 0 0 316 2551 11098 bot 6 step 17
FT 2577 11165 0 0 0 0 0 0 0 291 2548 11098 bot 0 step 0
FT 2578 11281 68 0 0 0 0 0 0 275 2530 11098 bot 7 step 28
FT 2579 11058 43 0 0 0 0 0 0 277 2562 11098 bot 8 step 21
FT 2579 18774 0 0 0 0 0 0 0 317 2536 11098 bot 0 step 0
FT 2580 3498 35 0 0 0 0 0 0 351 2522 11098 bot 6 step 18
FT 2581 10969 38 0 0 0 0 0 0 280 2548 11098 bot 6 step 20
FT 2581 10918 0 0 0 0 0 0 0 444 2522 11098 bot 0 step 0
FT 2582 11172 51 0 0 0 0 0 0 296 2516 11098 bot 7 step 18
FT 2583 11346 41 0 0 0 0 0 0 328 2517 11098 bot 7 step 20
FT 2583 11160 0 0 0 0 0 0 0 354 2516 11098 bot 0 step 0
FT 2584 11049 42 0 0 0 0 0 0 275 2519 11098 bot 7 step 20
FT 2585 11085 68 0 0 0 0 0 0 277 2540 11098 bot 7 step 45
FT 2585 11028 0 0 0 0 0 0 0 284 2530 11098 bot 0 step 0
FT 2586 11115 34 0 0 0 0 0 0 333 2533 11098 bot 6 step 16
FT 2587 11123 38 0 0 0 0 0 0 279 2539 11098 bot 6 step 17
FT 2587 11050 0 0 0 0 0 0 0 314 2523 11098 bot 0 step 0
FT 2588 10918 42 0 0 0 0 0 0 296 2519 11098 bot 7 step 18
FT 2589 11372 33 0 0 0 0 0 0 303 2528 11098 bot 6 step 16
FT 2589 10958 0 0 0 0 0 0 0 289 2528 11098 bot 0 step 0
FT 2590 11482 41 0 0 0 0 0 0 275 2517 11098 bot 6 step 20
FT 2591 10797 34 0 0 0 0 0 0 279 2533 11098 bot 6 step 16
FT 2591 11023 0 0 0 0 0 0 0 317 2526 11098 bot 0 step 0
FT 2592 11229 45 0 0 0 0 0 0 275 2513 11098 bot 7 step 20
FT 2593 11244 38 0 0 0 0 0 0 273 2522 11098 bot 6 step 19
FT 2593 11019 0 0 0 0 0 0 0 280 2510 11098 bot 0 step 0
FT 2594 11164 37 0 0 0 0 0 0 337 2516 11098 bot 6 step 18
FT 2595 11063 53 0 0 0 0 0 0 296 2510 11098 bot 5 step 18
FT 2595 11286 0 0 0 0 0 0 0 280 2513 11098 bot 0 step 0
FT 2596 11162 40 0 0 0 0 0 0 273 2563 11098 bot 7 step 20
FT 2597 10963 75 0 0 0 0 0 0 287 2584 11098 bot 7 step 49
FT 2597 11056 0 0 0 0 0 0 0 307 2584 11098 bot 0 step 0
FT 2598 11154 40 0 0 0 0 0 0 323 2575 11098 bot 6 step 22
FT 2599 10994 33 0 0 0 0 0 0 275 2588 11098 bot 6 step 15
FT 2599 11094 0 0 0 0 0 0 0 356 2569 11098 bot 0 step 0
FT 2600 11147 42 0 0 0 0 0 0 345 2573 11098 bot 6 step 18
FT 2601 11112 40 0 0 0 0 0 0 300 2558 11098 bot 7 step 20
FT 2601 11165 0 0 0 0 0 0 0 300 2517 11098 bot 0 step 0
FT 2602 11305 52 0 0 0 0 0 0 277 2512 11098 bot 9 step 28
FT 2603 10961 63 0 0 0 0 0 0 275 2523 11098 bot 6 step 40
FT 2603 10875 0 0 0 0 0 0 0 294 2533 11098 bot 0 step 0
FT 2604 11243 41 0 0 0 0 0 0 328 2500 11098 bot 7 step 17
FT 2605 11058 35 0 0 0 0 0 0 273 2526 11098 bot 6 step 17
FT 2605 11151 0 0 0 0 0 0 0 303 2530 11098 bot 0 step 0
FT 2606 11121 36 0 0 0 0 0 0 368 2561 11098 bot 6 step 17
