FT 15 35967 64869 622 12298 10 3 3 0 0 0 33756 bot 21610 step 32308
FT 16 15731 9958 688 0 0 0 0 0 0 0 33756 bot 19 step 9902
FT 16 2251 0 580 0 0 0 0 0 1072 2693 33756 bot 0 step 0
FT 17 5550 107 0 0 0 0 0 0 266 2868 33756 bot 21 step 60
FT 18 32913 337 0 0 0 0 0 0 611 2539 33756 bot 26 step 271
FT 19 10851 107 0 0 0 0 0 0 268 2683 33756 bot 21 step 61
FT 20 11083 116 0 0 0 0 0 0 358 2545 33756 bot 19 step 57
FT 21 11150 103 0 0 0 0 0 0 337 2566 33756 bot 20 step 59
FT 21 10941 0 1 0 0 0 0 0 252 2556 33756 bot 0 step 0
FT 22 11103 105 0 0 0 0 0 0 250 2565 33756 bot 20 step 60
FT 23 10928 101 0 0 0 0 0 0 248 2553 33756 bot 20 step 57
FT 23 10968 0 1 0 0 0 0 0 261 2552 33756 bot 0 step 0
FT 24 11678 179 0 0 0 0 0 0 254 2549 33756 bot 27 step 121
FT 25 12275 1403 0 0 0 0 0 0 273 2549 33756 bot 31 step 67
FT 25 9543 0 1 0 0 0 0 0 333 2509 33756 bot 0 step 0
FT 26 11342 112 0 0 0 0 0 0 264 2484 33756 bot 20 step 66
FT 27 11194 213 0 0 0 0 0 0 247 2507 33756 bot 19 step 168
FT 27 10805 0 1 0 0 0 0 0 245 2529 33756 bot 0 step 0
FT 28 11219 114 0 0 0 0 0 0 250 2522 33756 bot 19 step 70
FT 29 10938 105 0 0 0 0 0 0 252 2555 33756 bot 19 step 61
FT 29 11313 0 1 0 0 0 0 0 250 2546 33756 bot 0 step 0
FT 30 11359 182 0 0 0 0 0 0 384 2526 33756 bot 27 step 119
FT 31 11063 117 0 0 0 0 0 0 248 2528 33756 bot 22 step 67
FT 31 10939 0 1 0 0 0 0 0 354 2535 33756 bot 0 step 0
FT 32 19991 9182 1 0 0 0 0 0 400 2542 33756 bot 19 step 9127
FT 33 1981 105 0 0 0 0 0 0 351 2520 33756 bot 20 step 60
FT 33 11318 0 1 0 0 0 0 0 250 2539 33756 bot 0 step 0
FT 34 11195 111 0 0 0 0 0 0 349 2525 33756 bot 21 step 62
FT 35 10932 107 0 0 0 0 0 0 250 2522 33756 bot 20 step 61
FT 35 10955 0 1 0 0 0 0 0 298 2506 33756 bot 0 step 0
FT 36 11543 183 0 0 0 0 0 0 289 2499 33756 bot 28 step 116
FT 37 10839 105 0 0 0 0 0 0 314 2542 33756 bot 19 step 60
FT 37 11301 0 1 0 0 0 0 0 409 2512 33756 bot 0 step 0
FT 38 11273 134 0 0 0 0 0 0 248 2542 33756 bot 32 step 73
FT 39 10983 126 0 0 0 0 0 0 400 2513 33756 bot 36 step 65
FT 39 10652 0 1 0 0 0 0 0 256 2522 33756 bot 0 step 0
FT 40 11485 104 0 0 0 0 0 0 293 2523 33756 bot 19 step 59
FT 41 11067 104 0 0 0 0 0 0 282 2529 33756 bot 19 step 60
FT 41 10915 0 0 0 0 0 0 0 268 2500 33756 bot 0 step 0
FT 42 11782 429 0 0 0 0 0 0 266 2523 33756 bot 39 step 339
FT 43 10634 174 0 0 0 0 0 0 310 2553 33756 bot 28 step 106
FT 43 10908 0 1 0 0 0 0 0 462 2559 33756 bot 0 step 0
FT 44 11623 123 0 0 0 0 0 0 469 2549 33756 bot 21 step 71
FT 45 11041 143 0 0 0 0 0 0 270 2566 33756 bot 30 step 75
FT 45 10873 0 1 0 0 0 0 0 284 2551 33756 bot 0 step 0
FT 46 11112 170 0 0 0 0 0 0 291 2539 33756 bot 24 step 115
FT 47 11022 139 0 0 0 0 0 0 259 2539 33756 bot 18 step 88
FT 47 11120 0 1 0 0 0 0 0 256 2558 33756 bot 0 step 0
FT 48 11307 110 0 0 0 0 0 0 363 2558 33756 bot 27 step 53
FT 49 11119 120 0 0 0 0 0 0 358 2575 33756 bot 17 step 61
FT 49 11059 0 1 0 0 0 0 0 497 2559 33756 bot 0 step 0
FT 50 11233 144 0 0 0 0 0 0 537 2565 33756 bot 14 step 42
FT 51 11030 111 0 0 0 0 0 0 321 2545 33756 bot 15 step 69
FT 51 11020 0 4 0 0 0 0 0 508 2569 33756 bot 0 step 0
FT 52 11102 81 0 0 0 0 0 0 259 2542 33756 bot 14 step 43
FT 53 11141 80 0 0 0 0 0 0 256 2584 33756 bot 15 step 38
FT 53 10783 0 1 0 0 0 0 0 247 2584 33756 bot 0 step 0
FT 54 16167 4805 0 0 0 0 0 0 270 2523 33756 bot 18 step 4754
FT 55 6182 71 0 0 0 0 0 0 259 2571 33756 bot 13 step 35
FT 55 11258 0 1 0 0 0 0 0 270 2601 33756 bot 0 step 0
FT 56 11387 96 0 0 0 0 0 0 248 2628 33756 bot 15 step 53
FT 57 10769 114 0 0 0 0 0 0 338 2628 32166 bot 12 step 80
FT 57 11160 0 1 0 0 0 0 0 514 2542 32166 bot 0 step 0
FT 58 11182 69 0 0 0 0 0 0 400 2548 32166 bot 12 step 34
FT 59 10898 69 0 0 0 0 0 0 252 2546 32166 bot 12 step 34
FT 59 11308 0 1 0 0 0 0 0 272 2569 32166 bot 0 step 0
FT 60 11165 107 0 0 0 0 0 0 245 2556 32166 bot 16 step 58
FT 61 11514 164 0 0 0 0 0 0 282 2571 32166 bot 13 step 123
FT 61 10698 0 2 0 0 0 0 0 349 2532 32166 bot 0 step 0
FT 62 11117 73 0 0 0 0 0 0 280 2579 32166 bot 12 step 36
FT 63 10982 78 0 0 0 0 0 0 319 2569 32166 bot 14 step 34
FT 63 11028 0 1 0 0 0 0 0 386 2575 32166 bot 0 step 0
FT 64 11346 69 0 0 0 0 0 0 246 2552 32166 bot 12 step 34
FT 65 10760 85 0 0 0 0 0 0 250 2532 32166 bot 12 step 50
FT 65 11263 0 1 0 0 0 0 0 263 2559 32166 bot 0 step 0
FT 66 11464 449 0 0 0 0 0 0 246 2551 32166 bot 17 step 388
FT 67 10999 108 0 0 0 0 0 0 303 2588 32166 bot 17 step 58
FT 67 11122 0 1 0 0 0 0 0 550 2552 32166 bot 0 step 0
FT 68 11314 104 0 0 0 0 0 0 317 2592 32166 bot 17 step 53
FT 69 10971 69 0 0 0 0 0 0 460 2582 32166 bot 12 step 35
FT 69 10886 0 1 0 0 0 0 0 469 2594 32166 bot 0 step 0
FT 70 11476 398 0 0 0 0 0 0 298 2615 32166 bot 12 step 360
FT 71 10736 140 0 0 0 0 0 0 312 2586 32166 bot 22 step 70
FT 71 10951 0 1 0 0 0 0 0 430 2576 32166 bot 0 step 0
FT 72 16361 4841 0 0 0 0 0 0 335 2517 32166 bot 16 step 4788
FT 73 6196 87 0 0 0 0 0 0 307 2540 32166 bot 16 step 44
FT 73 10937 0 1 0 0 0 0 0 275 2538 32166 bot 0 step 0
FT 74 11439 88 0 0 0 0 0 0 382 2536 32166 bot 13 step 35
FT 75 10907 90 0 0 0 0 0 0 382 2532 32166 bot 28 step 38
FT 75 10913 0 1 0 0 0 0 0 275 2546 32166 bot 0 step 0
FT 76 11242 76 0 0 0 0 0 0 284 2549 32166 bot 12 step 40
FT 77 10972 73 0 0 0 0 0 0 273 2578 32166 bot 12 step 37
FT 77 11100 0 1 0 0 0 0 0 289 2529 32166 bot 0 step 0
FT 78 12225 926 0 0 0 0 0 0 286 2536 32166 bot 16 step 865
FT 79 10312 75 0 0 0 0 0 0 289 2611 32166 bot 14 step 37
FT 79 10975 0 1 0 0 0 0 0 307 2589 32166 bot 0 step 0
FT 80 10833 80 0 0 0 0 0 0 458 2622 32166 bot 12 step 40
FT 81 11847 122 0 0 0 0 0 0 356 2569 32166 bot 18 step 65
FT 81 10546 0 1 0 0 0 0 0 284 3171 32166 bot 0 step 0
FT 82 11151 74 0 0 0 0 0 0 323 2618 32166 bot 12 step 38
FT 83 11054 78 0 0 0 0 0 0 273 2621 32166 bot 12 step 42
FT 83 11229 0 1 0 0 0 0 0 277 2641 32166 bot 0 step 0
FT 84 11242 113 0 0 0 0 0 0 345 2642 32166 bot 17 step 61
FT 85 11542 399 0 0 0 0 0 0 326 2644 32166 bot 13 step 361
FT 85 10142 0 1 0 0 0 0 0 333 2640 32166 bot 0 step 0
FT 86 11221 73 0 0 0 0 0 0 439 2592 32166 bot 12 step 39
FT 87 11040 73 0 0 0 0 0 0 280 2548 32166 bot 12 step 39
FT 87 11081 0 1 0 0 0 0 0 287 2598 32166 bot 0 step 0
FT 88 11429 78 0 0 0 0 0 0 277 2598 32166 bot 12 step 39
FT 89 10718 83 0 0 0 0 0 0 335 2546 32166 bot 14 step 40
FT 89 11057 0 1 0 0 0 0 0 270 2545 32166 bot 0 step 0
FT 90 11537 110 0 0 0 0 0 0 270 2559 32166 bot 16 step 60
FT 91 11308 96 0 0 0 0 0 0 275 2569 32166 bot 17 step 56
FT 91 10868 0 2 0 0 0 0 0 291 2581 32166 bot 0 step 0
FT 92 11465 75 1 0 0 0 0 0 481 2546 32166 bot 12 step 39
FT 93 11495 556 0 0 0 0 0 0 308 2608 32166 bot 11 step 521
FT 93 10450 0 1 0 0 0 0 0 589 2608 32166 bot 0 step 0
FT 94 11252 77 0 0 0 0 0 0 681 2589 32166 bot 11 step 44
FT 95 10942 67 0 0 0 0 0 0 323 2608 32166 bot 13 step 33
FT 95 10960 0 0 0 0 0 0 0 337 2605 32166 bot 0 step 0
FT 96 11335 109 1 0 0 0 0 0 356 2582 32166 bot 20 step 60
FT 97 11239 95 0 0 0 0 0 0 321 2611 32166 bot 16 step 56
FT 97 10930 0 1 0 0 0 0 0 439 2602 32166 bot 0 step 0
FT 98 11186 110 0 0 0 0 0 0 697 2625 32166 bot 14 step 40
FT 99 11199 68 0 0 0 0 0 0 535 2581 32166 bot 13 step 36
FT 99 10685 0 1 0 0 0 0 0 419 2584 32166 bot 0 step 0
FT 100 11436 73 0 0 0 0 0 0 754 2595 32166 bot 14 step 39
FT 101 10859 71 0 0 0 0 0 0 510 2598 32166 bot 14 step 35
FT 101 11067 0 1 0 0 0 0 0 384 2573 32166 bot 0 step 0
FT 102 13717 2526 0 0 0 0 0 0 344 2598 32166 bot 13 step 2485
FT 103 9208 710 0 0 0 0 0 0 370 2638 32166 bot 13 step 449
FT 103 10414 0 1 0 0 0 0 0 497 2664 32166 bot 0 step 0
FT 104 11404 68 0 0 0 0 0 0 639 2697 32166 bot 13 step 33
FT 105 11158 92 0 0 0 0 0 0 374 2986 32166 bot 33 step 37
FT 105 10674 0 1 0 0 0 0 0 409 2938 32166 bot 0 step 0
FT 106 11949 124 0 0 0 0 0 0 324 2888 32166 bot 18 step 76
FT 107 10356 83 0 0 0 0 0 0 333 2875 32166 bot 14 step 47
FT 107 11188 0 1 0 0 0 0 0 526 2815 32166 bot 0 step 0
FT 108 11295 99 0 0 0 0 0 0 300 2772 32166 bot 18 step 52
FT 109 11727 635 0 0 0 0 0 0 317 2713 32166 bot 17 step 590
FT 109 10516 0 1 0 0 0 0 0 321 2658 32166 bot 0 step 0
FT 110 11306 265 0 0 0 0 0 0 404 2634 32166 bot 197 step 39
FT 111 10988 81 0 0 0 0 0 0 305 2628 32166 bot 15 step 32
FT 111 11014 0 1 0 0 0 0 0 537 2644 32166 bot 0 step 0
FT 112 11134 72 0 0 0 0 0 0 305 2644 32166 bot 14 step 36
FT 113 11438 457 0 0 0 0 0 0 301 2630 32166 bot 150 step 259
FT 113 10536 0 1 0 0 0 0 0 324 2645 32166 bot 0 step 0
FT 114 11288 103 0 0 0 0 0 0 476 2663 32166 bot 14 step 58
FT 115 11237 99 0 0 0 0 0 0 335 2644 32166 bot 14 step 54
FT 115 10982 0 1 0 0 0 0 0 307 2690 32166 bot 0 step 0
FT 116 11311 81 0 0 0 0 0 0 382 2697 32166 bot 11 step 34
FT 117 13656 2593 0 0 0 0 0 0 337 2696 11097 bot 12 step 2552
FT 117 8357 0 1 0 0 0 0 0 541 2647 11097 bot 0 step 0
FT 118 38407 27584 0 0 0 0 0 0 467 2628 11097 bot 27522 step 34
FT 119 1640 84 0 0 0 0 0 0 307 2641 11097 bot 11 step 38
FT 120 4665 84 0 0 0 0 0 0 323 2651 11097 bot 16 step 41
FT 120 10948 0 1 0 0 0 0 0 305 2631 11097 bot 0 step 0
FT 121 13540 2417 0 0 0 0 0 0 358 2703 11097 bot 15 step 2367
FT 122 8770 156 0 0 0 0 0 0 335 2809 11097 bot 11 step 124
FT 122 10606 0 1 0 0 0 0 0 465 2677 11097 bot 0 step 0
FT 123 11805 310 0 0 0 0 0 0 513 2638 11097 bot 11 step 278
FT 124 10773 64 0 0 0 0 0 0 310 2645 11097 bot 11 step 33
FT 124 10747 0 0 0 0 0 0 0 330 2493 11097 bot 0 step 0
FT 125 11404 97 0 0 0 0 0 0 773 2625 11097 bot 15 step 53
FT 126 11151 98 0 0 0 0 0 0 280 2601 11097 bot 15 step 53
FT 126 11053 0 1 0 0 0 0 0 287 2608 11097 bot 0 step 0
FT 127 11275 94 1 0 0 0 0 0 280 2631 11097 bot 15 step 51
FT 128 11132 62 0 0 0 0 0 0 293 2627 11097 bot 12 step 31
FT 128 10964 0 1 0 0 0 0 0 338 2619 11097 bot 0 step 0
FT 129 11140 95 0 0 0 0 0 0 397 2601 11097 bot 13 step 54
FT 130 11168 63 0 0 0 0 0 0 273 2595 11097 bot 11 step 32
FT 130 11005 0 1 0 0 0 0 0 275 2605 11097 bot 0 step 0
FT 131 11168 68 0 0 0 0 0 0 291 2630 11097 bot 11 step 37
FT 132 14030 2700 0 0 0 0 0 0 305 2655 11097 bot 15 step 2613
FT 132 8036 0 1 0 0 0 0 0 300 2627 11097 bot 0 step 0
FT 133 14260 3193 0 0 0 0 0 0 307 2632 11097 bot 3106 step 53
FT 134 8341 86 0 0 0 0 0 0 296 2638 11097 bot 11 step 53
FT 134 10656 0 7 0 0 0 0 0 284 2680 11097 bot 0 step 0
FT 135 11133 65 0 0 0 0 0 0 509 2674 11097 bot 12 step 33
FT 136 11335 67 0 0 0 0 0 0 321 2653 11097 bot 11 step 35
FT 136 11032 0 0 0 0 0 0 0 344 2599 11097 bot 0 step 0
FT 137 10942 62 0 0 0 0 0 0 280 2601 11097 bot 10 step 32
FT 138 11719 482 0 0 0 0 0 0 296 2604 11097 bot 14 step 422
FT 138 10541 0 0 0 0 0 0 0 307 2631 11097 bot 0 step 0
FT 139 11209 64 0 0 0 0 0 0 501 2609 11097 bot 10 step 33
FT 140 11085 64 0 0 0 0 0 0 289 2605 11097 bot 11 step 33
FT 140 10954 0 1 0 0 0 0 0 294 2635 11097 bot 0 step 0
FT 141 11128 68 0 0 0 0 0 0 308 2608 11097 bot 10 step 38
FT 142 11323 94 0 0 0 0 0 0 286 2688 11097 bot 17 step 41
FT 142 10854 0 0 0 0 0 0 0 360 2631 11097 bot 0 step 0
FT 143 11238 73 0 0 0 0 0 0 293 2628 11097 bot 10 step 31
FT 144 12887 1848 0 0 0 0 0 0 282 2622 11097 bot 8 step 1616
FT 144 9657 0 1 0 0 0 0 0 335 2624 11097 bot 0 step 0
FT 145 11094 66 0 0 0 0 0 0 307 2622 11097 bot 10 step 38
FT 146 10824 68 0 0 0 0 0 0 540 2648 11097 bot 9 step 40
FT 146 11230 0 0 0 0 0 0 0 527 2611 11097 bot 0 step 0
FT 147 13009 1823 0 0 0 0 0 0 345 2630 11097 bot 9 step 1780
FT 148 9250 72 0 0 0 0 0 0 280 2651 11097 bot 10 step 43
FT 148 10795 0 0 0 0 0 0 0 444 2582 11097 bot 0 step 0
FT 149 11257 65 0 0 0 0 0 0 363 2575 11097 bot 9 step 38
FT 150 18827 94 1 0 0 0 0 0 286 2595 11097 bot 10 step 59
FT 150 3315 0 0 0 0 0 0 0 317 2588 11097 bot 0 step 0
FT 151 11204 63 0 0 0 0 0 0 310 2579 11097 bot 8 step 35
FT 152 11451 70 0 0 0 0 0 0 386 2582 11097 bot 9 step 29
FT 152 10683 0 0 0 0 0 0 0 314 2605 11097 bot 0 step 0
FT 153 11575 148 0 0 0 0 0 0 591 2625 11097 bot 9 step 120
FT 154 10998 57 3 0 0 0 0 0 400 2594 11097 bot 8 step 31
FT 154 10970 0 0 0 0 0 0 0 381 2690 11097 bot 0 step 0
FT 155 11195 58 0 0 0 0 0 0 354 2664 11097 bot 9 step 31
FT 156 11020 59 0 0 0 0 0 0 360 2668 11097 bot 9 step 31
FT 156 10918 0 1 0 0 0 0 0 345 2687 11097 bot 0 step 0
FT 157 11580 65 0 0 0 0 0 0 328 2667 11097 bot 8 step 38
FT 158 10750 66 0 0 0 0 0 0 354 2691 11097 bot 11 step 31
FT 158 11344 0 0 0 0 0 0 0 666 2709 11097 bot 0 step 0
FT 159 10797 75 0 0 0 0 0 0 501 2624 11097 bot 20 step 31
FT 160 11420 60 0 0 0 0 0 0 363 2631 11097 bot 11 step 30
FT 160 10758 0 0 0 0 0 0 0 386 2619 11097 bot 0 step 0
FT 161 11187 61 0 0 0 0 0 0 386 2599 11097 bot 11 step 31
FT 162 11107 102 0 0 0 0 0 0 370 2604 11097 bot 12 step 31
FT 162 11046 0 0 0 0 0 0 0 409 2678 11097 bot 0 step 0
FT 163 40070 28689 0 0 0 0 0 0 367 2858 11097 bot 15 step 28642
FT 164 1827 62 0 0 0 0 0 0 351 2957 11097 bot 12 step 31
FT 165 5014 73 0 0 0 0 0 0 342 2966 11097 bot 16 step 33
FT 165 8843 0 0 0 0 0 0 0 356 2673 11097 bot 0 step 0
FT 166 10914 92 0 0 0 0 0 0 349 2592 11097 bot 11 step 62
FT 167 11116 59 0 0 0 0 0 0 310 2622 11097 bot 10 step 30
FT 167 10974 0 0 0 0 0 0 0 324 2638 11097 bot 0 step 0
FT 168 11388 146 0 0 0 0 0 0 342 2612 11097 bot 11 step 100
FT 169 11340 77 0 0 0 0 0 0 344 2622 11097 bot 15 step 42
FT 169 10666 0 0 0 0 0 0 0 305 2653 11097 bot 0 step 0
FT 170 11537 95 0 0 0 0 0 0 446 2631 11097 bot 11 step 65
FT 171 10988 263 0 0 0 0 0 0 303 2663 11097 bot 16 step 218
FT 172 11025 99 0 0 0 0 0 0 583 2694 11097 bot 13 step 60
FT 172 10934 0 0 0 0 0 0 0 602 2696 11097 bot 0 step 0
FT 173 11103 64 0 0 0 0 0 0 575 2655 11097 bot 15 step 26
FT 174 11212 47 0 0 0 0 0 0 323 2664 11097 bot 6 step 22
FT 174 10906 0 0 0 0 0 0 0 328 2651 11097 bot 0 step 0
FT 175 11575 52 0 0 0 0 0 0 338 2688 11097 bot 7 step 30
FT 176 11133 44 0 0 0 0 0 0 358 2690 11097 bot 6 step 26
FT 176 10960 0 0 0 0 0 0 0 425 2683 11141 bot 0 step 0
FT 177 10891 39 0 0 0 0 0 0 507 2720 11141 bot 6 step 21
FT 178 11412 37 0 0 0 0 0 0 428 2691 11141 bot 6 step 20
FT 178 10985 0 0 0 0 0 0 0 381 2601 11141 bot 0 step 0
FT 179 10921 36 0 0 0 0 0 0 354 2614 11141 bot 5 step 20
FT 180 11286 154 0 0 0 0 0 0 370 2709 11141 bot 4 step 31
FT 180 10961 0 0 0 0 0 0 0 370 2796 11141 bot 0 step 0
FT 181 11476 56 0 0 0 0 0 0 412 2798 11141 bot 6 step 36
FT 182 10941 53 0 1886 1 1 1 0 377 2950 11141 bot 5 step 36
FT 182 10846 0 0 0 0 0 0 0 398 2911 11141 bot 0 step 0
FT 183 11212 44 0 0 0 0 0 0 616 2881 11141 bot 4 step 27
FT 184 11128 36 0 0 0 0 0 0 340 2907 11141 bot 5 step 20
FT 184 11336 0 0 0 0 0 0 0 449 2913 11141 bot 0 step 0
FT 185 10886 36 0 0 0 0 0 0 479 2914 11141 bot 5 step 20
FT 186 37562 26454 0 0 0 0 0 0 363 2914 11141 bot 5 step 26431
FT 187 3417 1705 0 0 0 0 0 0 352 2957 11141 bot 1668 step 20
FT 187 3017 0 0 0 0 0 0 0 374 2994 11141 bot 0 step 0
FT 188 11966 178 0 0 0 0 0 0 388 2924 11141 bot 6 step 151
FT 189 10963 56 0 0 0 0 0 0 398 2716 11141 bot 5 step 34
FT 189 11191 0 0 0 0 0 0 0 537 2598 11141 bot 0 step 0
FT 190 10969 40 0 0 0 0 0 0 331 2602 11141 bot 5 step 25
FT 191 11025 56 0 0 0 0 0 0 342 2611 11141 bot 5 step 35
FT 191 10849 0 0 0 0 0 0 0 263 2533 11141 bot 0 step 0
FT 192 11435 57 0 0 0 0 0 0 294 2592 11141 bot 6 step 35
FT 193 11299 44 0 0 0 0 0 0 280 2607 11141 bot 5 step 27
FT 194 11059 38 0 0 0 0 0 0 275 2622 11141 bot 4 step 22
FT 194 10950 0 0 0 0 0 0 0 352 2627 11141 bot 0 step 0
FT 195 11350 37 0 0 0 0 0 0 351 2611 11141 bot 5 step 21
FT 196 11040 45 0 0 0 0 0 0 423 2661 11141 bot 5 step 29
FT 196 10927 0 0 0 0 0 0 0 284 2586 11141 bot 0 step 0
FT 197 10877 42 0 0 0 0 0 0 296 2598 11141 bot 5 step 26
FT 198 11198 97 0 0 0 0 0 0 282 2609 11141 bot 5 step 76
FT 198 11054 0 0 0 0 0 0 0 279 2634 11141 bot 0 step 0
FT 199 11506 78 0 0 0 0 0 0 298 2668 11141 bot 5 step 36
FT 200 11080 46 0 0 0 0 0 0 319 2674 11141 bot 4 step 29
FT 200 11023 0 0 0 0 0 0 0 388 2676 11141 bot 0 step 0
FT 201 12450 1402 0 0 0 0 0 0 441 2628 11141 bot 4 step 1323
FT 202 11284 1623 0 0 0 0 0 0 319 2667 11141 bot 1563 step 34
FT 202 9187 0 0 0 0 0 0 0 340 2622 11141 bot 0 step 0
FT 203 11171 49 0 0 0 0 0 0 291 2608 11141 bot 4 step 33
FT 204 11191 40 0 0 0 0 0 0 280 2596 11141 bot 4 step 25
FT 204 11067 0 0 0 0 0 0 0 284 2618 11141 bot 0 step 0
FT 205 11086 40 0 0 0 0 0 0 284 2608 11141 bot 4 step 25
FT 206 11541 41 0 0 0 0 0 0 282 2585 11141 bot 5 step 25
FT 206 10994 0 0 0 0 0 0 0 294 2687 11141 bot 0 step 0
FT 207 11257 37 0 0 0 0 0 0 407 2713 11141 bot 4 step 21
FT 208 10985 37 0 0 0 0 0 0 455 2634 11141 bot 4 step 21
FT 208 10817 0 0 0 0 0 0 0 282 2628 11141 bot 0 step 0
FT 209 11124 37 0 0 0 0 0 0 280 2650 11141 bot 4 step 22
FT 210 11371 52 0 0 0 0 0 0 277 2638 11141 bot 6 step 31
FT 210 11077 0 0 0 0 0 0 0 284 2607 11141 bot 0 step 0
FT 211 11394 186 0 0 0 0 0 0 282 2611 11141 bot 5 step 67
FT 212 11173 50 0 0 0 0 0 0 349 2651 11141 bot 4 step 30
FT 212 10941 0 0 0 0 0 0 0 345 2571 11141 bot 0 step 0
FT 213 10729 56 0 0 0 0 0 0 252 2601 11141 bot 4 step 41
FT 214 11460 95 0 0 0 0 0 0 247 2543 11141 bot 4 step 79
FT 214 10923 0 0 0 0 0 0 0 268 2591 11141 bot 0 step 0
FT 215 11061 77 0 0 0 0 0 0 300 2565 11141 bot 5 step 54
FT 216 12271 1352 0 0 0 0 0 0 268 2565 11141 bot 5 step 1318
FT 216 9920 0 0 0 0 0 0 0 317 2598 11141 bot 0 step 0
FT 217 13127 1703 0 0 0 0 0 0 291 2599 11141 bot 1666 step 20
FT 218 9417 37 0 0 0 0 0 0 305 2581 11141 bot 4 step 21
FT 218 10702 0 0 0 0 0 0 0 352 2611 11141 bot 0 step 0
FT 219 11481 37 0 0 0 0 0 0 412 2569 11141 bot 4 step 20
FT 220 11003 41 0 0 0 0 0 0 273 2594 11141 bot 4 step 25
FT 220 11080 0 0 0 0 0 0 0 275 2605 11141 bot 0 step 0
FT 221 10900 36 0 0 0 0 0 0 270 2608 11141 bot 4 step 21
FT 222 11314 35 0 0 0 0 0 0 293 2617 11141 bot 4 step 19
FT 222 10948 0 0 0 0 0 0 0 310 2596 11141 bot 0 step 0
FT 223 11162 36 0 0 0 0 0 0 287 2584 11141 bot 4 step 21
FT 224 11412 36 0 0 0 0 0 0 342 2604 11141 bot 4 step 21
FT 224 10940 0 0 0 0 0 0 0 273 2619 11141 bot 0 step 0
FT 225 11099 75 0 0 0 0 0 0 368 2608 11141 bot 5 step 21
FT 226 11094 38 0 0 0 0 0 0 335 2539 11141 bot 5 step 21
FT 226 11055 0 0 0 0 0 0 0 286 2546 11141 bot 0 step 0
FT 227 11320 48 0 0 0 0 0 0 277 2535 11141 bot 7 step 27
FT 228 10923 38 0 0 0 0 0 0 444 2558 11141 bot 5 step 21
FT 228 11150 0 0 0 0 0 0 0 345 2546 11141 bot 0 step 0
FT 229 11490 119 0 0 0 0 0 0 310 2536 11141 bot 8 step 91
FT 230 10829 50 0 0 0 0 0 0 296 2555 11141 bot 7 step 30
FT 230 11023 0 0 0 0 0 0 0 504 2546 11141 bot 0 step 0
FT 231 12378 1276 0 0 0 0 0 0 342 2549 11141 bot 18 step 1243
FT 232 9889 35 0 0 0 0 0 0 361 2525 11141 bot 5 step 18
FT 232 11048 0 0 0 0 0 0 0 340 2535 11141 bot 0 step 0
FT 233 11164 34 0 0 0 0 0 0 314 2561 11141 bot 5 step 17
FT 234 10887 36 0 0 0 0 0 0 301 2572 11141 bot 5 step 19
FT 234 11228 0 0 0 0 0 0 0 333 2545 11141 bot 0 step 0
FT 235 11485 37 0 0 0 0 0 0 331 2562 11141 bot 5 step 20
FT 236 10633 37 0 0 0 0 0 0 331 2601 11141 bot 5 step 17
FT 236 11358 0 0 0 0 0 0 0 477 2631 11486 bot 0 step 0
FT 237 10874 36 0 0 0 0 0 0 305 2635 11486 bot 5 step 19
FT 238 11406 36 0 0 0 0 0 0 463 2644 11486 bot 6 step 17
FT 238 10688 0 0 0 0 0 0 0 375 2563 11486 bot 0 step 0
FT 239 11377 33 0 0 0 0 0 0 342 2637 11486 bot 5 step 17
FT 240 11099 46 0 0 0 0 0 0 312 2642 11486 bot 7 step 24
FT 240 11195 0 0 0 0 0 0 0 374 2677 11486 bot 0 step 0
FT 241 11369 36 0 0 0 0 0 0 505 2638 11486 bot 6 step 18
FT 242 11086 39 0 0 0 0 0 0 312 2664 11486 bot 6 step 21
FT 242 10974 0 0 0 0 0 0 0 428 2688 11486 bot 0 step 0
FT 243 11139 34 0 0 0 0 0 0 598 2677 11486 bot 5 step 17
FT 244 11035 51 0 0 0 0 0 0 595 2607 11486 bot 5 step 35
FT 244 11041 0 0 0 0 0 0 0 344 2588 11486 bot 0 step 0
FT 245 11075 34 0 0 0 0 0 0 312 2588 11486 bot 5 step 18
FT 246 10865 35 0 0 0 0 0 0 338 2588 11486 bot 5 step 17
FT 246 11091 0 0 0 0 0 0 0 365 2592 11486 bot 0 step 0
FT 247 12872 1298 0 0 0 0 0 0 314 2594 11486 bot 6 step 1277
FT 248 9862 47 0 0 0 0 0 0 340 2625 11486 bot 6 step 17
FT 248 10922 0 0 0 0 0 0 0 354 2638 11486 bot 0 step 0
FT 249 11140 37 0 0 0 0 0 0 462 2627 11486 bot 5 step 20
FT 250 11120 55 0 0 0 0 0 0 384 2644 11486 bot 5 step 17
FT 250 11022 0 0 0 0 0 0 0 316 2657 11486 bot 0 step 0
FT 251 11135 37 0 0 0 0 0 0 338 2664 11486 bot 5 step 21
FT 252 10899 33 0 0 0 0 0 0 333 2641 11486 bot 5 step 16
FT 252 11184 0 0 0 0 0 0 0 381 2651 11486 bot 0 step 0
FT 253 11469 37 0 0 0 0 0 0 340 2655 11486 bot 6 step 19
FT 254 11009 72 0 0 0 0 0 0 344 2716 11486 bot 38 step 22
FT 254 11004 0 0 0 0 0 0 0 421 2694 11486 bot 0 step 0
FT 255 11163 35 0 0 0 0 0 0 435 2694 11486 bot 5 step 18
FT 256 10771 35 0 0 0 0 0 0 428 2612 11486 bot 5 step 18
FT 256 11387 0 0 0 0 0 0 0 331 2691 11486 bot 0 step 0
FT 257 10897 34 0 0 0 0 0 0 379 2641 11486 bot 5 step 17
FT 258 11116 34 0 0 0 0 0 0 326 2627 11486 bot 5 step 18
FT 258 11162 0 0 0 0 0 0 0 342 2625 11486 bot 0 step 0
FT 259 11625 86 0 0 0 0 0 0 328 2634 11486 bot 6 step 66
FT 260 11004 37 0 0 0 0 0 0 349 2660 11486 bot 6 step 19
FT 260 10984 0 0 0 0 0 0 0 535 2647 11486 bot 0 step 0
FT 261 11103 33 0 0 0 0 0 0 483 2658 11486 bot 5 step 17
FT 262 12328 1249 0 0 0 0 0 0 391 2631 11486 bot 5 step 1222
FT 262 9703 0 0 0 0 0 0 0 328 2657 11486 bot 0 step 0
FT 263 10960 34 0 0 0 0 0 0 345 2634 11486 bot 5 step 17
FT 264 11229 48 0 0 0 0 0 0 321 2628 11486 bot 7 step 25
FT 264 11201 0 0 0 0 0 0 0 330 2630 11486 bot 0 step 0
FT 265 11273 46 0 0 0 0 0 0 330 2638 11486 bot 7 step 25
FT 266 11074 40 0 0 0 0 0 0 342 2674 11486 bot 7 step 20
FT 266 11054 0 0 0 0 0 0 0 430 2663 11486 bot 0 step 0
FT 267 11109 40 0 0 0 0 0 0 488 2660 11486 bot 6 step 16
FT 268 11167 36 0 0 0 0 0 0 441 2658 11486 bot 6 step 18
FT 268 11016 0 0 0 0 0 0 0 356 2648 11486 bot 0 step 0
FT 269 10845 35 0 0 0 0 0 0 374 2647 11486 bot 6 step 17
FT 270 11204 34 0 0 0 0 0 0 379 2657 11486 bot 6 step 17
FT 270 11052 0 0 0 0 0 0 0 358 2677 11486 bot 0 step 0
FT 271 11179 36 0 0 0 0 0 0 372 2655 11486 bot 5 step 20
FT 272 12771 1716 0 1642 1 0 0 0 368 2686 11486 bot 5 step 1690
FT 272 9445 0 0 0 0 0 0 0 363 2686 11486 bot 0 step 0
FT 273 11418 35 0 0 0 0 0 0 460 2694 11486 bot 5 step 18
FT 274 11019 62 0 0 0 0 0 0 412 2719 11486 bot 6 step 16
FT 274 11021 0 0 0 0 0 0 0 377 2721 11486 bot 0 step 0
FT 275 10975 34 0 0 0 0 0 0 358 2713 11486 bot 6 step 17
FT 276 11369 45 0 0 0 0 0 0 400 2711 11486 bot 6 step 24
FT 276 10968 0 0 0 0 0 0 0 368 2759 11486 bot 0 step 0
FT 277 12647 1282 0 0 0 0 0 0 428 2729 11486 bot 6 step 1255
FT 278 9433 33 0 0 0 0 0 0 379 2757 11486 bot 5 step 16
FT 278 11248 0 0 0 0 0 0 0 404 2703 11486 bot 0 step 0
FT 279 10969 38 0 0 0 0 0 0 358 2713 11486 bot 5 step 21
FT 280 11415 34 0 0 0 0 0 0 1027 2671 11486 bot 5 step 17
FT 280 10730 0 0 0 0 0 0 0 423 2660 11486 bot 0 step 0
FT 281 11341 34 0 0 0 0 0 0 393 2687 11486 bot 5 step 17
FT 282 11113 32 0 0 0 0 0 0 356 2684 11486 bot 5 step 16
FT 282 11093 0 0 0 0 0 0 0 451 2657 11486 bot 0 step 0
FT 283 11452 36 0 0 0 0 0 0 381 2677 11486 bot 5 step 19
FT 284 11090 55 0 0 0 0 0 0 391 2701 11486 bot 6 step 20
FT 284 11286 0 0 0 0 0 0 0 497 2703 11486 bot 0 step 0
FT 285 10962 45 0 0 0 0 0 0 660 2667 11486 bot 6 step 24
FT 286 18790 60 0 0 0 0 0 0 456 2665 11486 bot 9 step 29
FT 286 2863 0 0 0 0 0 0 0 395 2686 11486 bot 0 step 0
FT 287 11347 33 0 0 0 0 0 0 444 2678 11486 bot 5 step 17
FT 288 11149 34 0 0 0 0 0 0 360 2709 11486 bot 5 step 17
FT 288 11004 0 0 0 0 0 0 0 469 2713 11486 bot 0 step 0
FT 289 11483 39 0 0 0 0 0 0 388 2732 11486 bot 6 step 20
FT 290 11156 125 0 0 0 0 0 0 428 2744 11486 bot 6 step 89
FT 290 10490 0 0 0 0 0 0 0 472 2756 11486 bot 0 step 0
FT 291 11381 40 0 0 0 0 0 0 637 2746 11486 bot 7 step 17
FT 292 12364 1217 0 0 0 0 0 0 263 2536 11486 bot 6 step 1197
FT 292 9884 0 0 0 0 0 0 0 340 2473 11486 bot 0 step 0
FT 293 11096 36 0 0 0 0 0 0 298 2480 11486 bot 6 step 17
FT 294 10975 38 0 0 0 0 0 0 266 2500 11486 bot 6 step 20
FT 294 11013 0 0 0 0 0 0 0 273 2473 11486 bot 0 step 0
FT 295 11143 35 0 0 0 0 0 0 259 2473 11486 bot 6 step 17
FT 296 11408 46 0 0 0 0 0 0 259 2469 11486 bot 8 step 23
FT 296 11018 0 0 0 0 0 0 0 293 2507 11097 bot 0 step 0
FT 297 11206 35 0 0 0 0 0 0 324 2492 11097 bot 6 step 16
FT 298 11048 71 0 0 0 0 0 0 287 2506 11097 bot 4 step 37
FT 298 11033 0 0 0 0 0 0 0 386 2509 11097 bot 0 step 0
FT 299 11132 34 0 0 0 0 0 0 286 2515 11097 bot 5 step 17
FT 300 11073 35 0 0 0 0 0 0 268 2515 11097 bot 5 step 17
FT 300 11257 0 0 0 0 0 0 0 280 2523 11097 bot 0 step 0
FT 301 11134 51 0 0 0 0 0 0 280 2539 11097 bot 8 step 27
FT 302 12747 1676 0 0 0 0 0 0 273 2540 11097 bot 1638 step 15
FT 302 9318 0 0 0 0 0 0 0 273 2559 11097 bot 0 step 0
FT 303 10987 34 0 0 0 0 0 0 289 2552 11097 bot 4 step 18
FT 304 11361 33 0 0 0 0 0 0 266 2546 11097 bot 5 step 17
FT 304 10774 0 0 0 0 0 0 0 272 2558 11097 bot 0 step 0
FT 305 11366 33 0 0 0 0 0 0 273 2575 11097 bot 4 step 17
FT 306 10881 57 0 0 0 0 0 0 324 2565 11097 bot 5 step 41
FT 306 11234 0 0 0 0 0 0 0 337 2551 11097 bot 0 step 0
FT 307 12750 1279 0 0 0 0 0 0 282 2542 11097 bot 5 step 1255
FT 308 9872 54 0 0 0 0 0 0 296 2578 11097 bot 5 step 37
FT 308 10893 0 0 0 0 0 0 0 293 2513 11097 bot 0 step 0
FT 309 10762 38 0 0 0 0 0 0 441 2592 11097 bot 5 step 21
FT 310 11455 37 0 0 0 0 0 0 354 2543 11097 bot 5 step 21
FT 310 10686 0 0 0 0 0 0 0 284 2545 11097 bot 0 step 0
FT 311 11471 41 0 0 0 0 0 0 273 2551 11097 bot 5 step 25
FT 312 10842 33 0 0 0 0 0 0 284 2569 11097 bot 5 step 17
FT 312 11315 0 0 0 0 0 0 0 333 2578 11097 bot 0 step 0
FT 313 11331 46 0 0 0 0 0 0 282 2552 11097 bot 6 step 23
FT 314 11213 46 0 0 0 0 0 0 286 2588 11097 bot 5 step 17
FT 314 10934 0 0 0 0 0 0 0 326 2582 11097 bot 0 step 0
FT 315 11122 38 0 0 0 0 0 0 395 2572 11097 bot 7 step 19
FT 316 11122 66 0 0 0 0 0 0 349 2562 11097 bot 5 step 22
FT 316 11048 0 0 0 0 0 0 0 442 2604 11097 bot 0 step 0
FT 317 12857 1814 0 0 0 0 0 0 291 2539 11097 bot 1609 step 168
FT 318 9215 34 0 0 0 0 0 0 280 2569 11097 bot 5 step 17
FT 318 11253 0 0 0 0 0 0 0 310 2540 11097 bot 0 step 0
FT 319 11267 43 0 0 0 0 0 0 307 2539 11097 bot 6 step 22
FT 320 11047 44 0 0 0 0 0 0 296 2569 11097 bot 6 step 23
FT 320 10994 0 0 0 0 0 0 0 335 2585 11097 bot 0 step 0
FT 321 11166 50 0 0 0 0 0 0 368 2565 11097 bot 5 step 33
FT 322 11090 34 0 0 0 0 0 0 275 2565 11097 bot 5 step 18
FT 322 11020 0 0 0 0 0 0 0 395 2559 11097 bot 0 step 0
FT 323 11232 34 0 0 0 0 0 0 280 2549 11097 bot 5 step 16
FT 324 11036 41 0 0 0 0 0 0 319 2588 11097 bot 5 step 19
FT 324 11333 0 0 0 0 0 0 0 310 2621 11097 bot 0 step 0
FT 325 11138 48 0 0 0 0 0 0 298 2638 11097 bot 6 step 23
FT 326 10681 34 0 0 0 0 0 0 308 2619 11097 bot 4 step 18
FT 326 11019 0 0 0 0 0 0 0 312 2585 11097 bot 0 step 0
FT 327 11115 34 0 0 0 0 0 0 282 2598 11097 bot 5 step 17
FT 328 11078 35 0 0 0 0 0 0 275 2569 11097 bot 5 step 18
FT 328 11448 0 0 0 0 0 0 0 280 2552 11097 bot 0 step 0
FT 329 11157 81 0 0 0 0 0 0 286 2575 11097 bot 5 step 45
FT 330 11093 72 0 0 0 0 0 0 273 2545 11097 bot 6 step 51
FT 330 11089 0 0 0 0 0 0 0 296 2548 11097 bot 0 step 0
FT 331 10918 56 0 0 0 0 0 0 287 2542 11097 bot 5 step 39
FT 332 13102 1767 0 0 0 0 0 0 294 2542 11097 bot 1614 step 139
FT 332 9318 0 0 0 0 0 0 0 303 2542 11097 bot 0 step 0
FT 333 11176 41 0 0 0 0 0 0 305 2555 11097 bot 5 step 24
FT 334 10771 60 0 0 0 0 0 0 314 2533 11097 bot 5 step 39
FT 334 11325 0 0 0 0 0 0 0 284 2575 11097 bot 0 step 0
FT 335 11118 36 0 0 0 0 0 0 324 2530 11097 bot 5 step 19
FT 336 10994 36 0 0 0 0 0 0 284 2572 11097 bot 4 step 20
FT 336 11246 0 0 0 0 0 0 0 303 2563 11097 bot 0 step 0
FT 337 11318 73 0 0 0 0 0 0 316 2572 11097 bot 6 step 29
FT 338 11153 36 0 0 0 0 0 0 282 2608 11097 bot 5 step 20
FT 338 10738 0 0 0 0 0 0 0 404 2596 11097 bot 0 step 0
FT 339 11264 44 0 0 0 0 0 0 662 2614 11097 bot 5 step 23
FT 340 11055 47 0 0 0 0 0 0 699 2678 11097 bot 6 step 28
FT 340 11088 0 0 0 0 0 0 0 718 2602 11097 bot 0 step 0
FT 341 11144 40 0 0 0 0 0 0 708 2582 11097 bot 5 step 23
FT 342 10995 49 0 0 0 0 0 0 435 2588 11097 bot 6 step 25
FT 342 11071 0 0 0 0 0 0 0 483 2595 11097 bot 0 step 0
FT 343 11258 42 0 0 0 0 0 0 432 2598 11097 bot 5 step 23
FT 344 11146 40 0 0 0 0 0 0 409 2648 11097 bot 6 step 22
FT 344 11065 0 0 0 0 0 0 0 448 2657 11097 bot 0 step 0
FT 345 11309 40 0 0 0 0 0 0 522 2664 11097 bot 5 step 23
FT 346 11134 49 0 0 0 0 0 0 704 2697 11097 bot 6 step 31
FT 346 10910 0 0 0 0 0 0 0 563 2700 11097 bot 0 step 0
FT 347 11234 35 0 0 0 0 0 0 384 2651 11097 bot 6 step 18
FT 348 10777 39 0 0 0 0 0 0 386 2651 11097 bot 5 step 22
FT 348 11187 0 0 0 0 0 0 0 384 2653 11097 bot 0 step 0
FT 349 11092 34 0 0 0 0 0 0 377 2650 11097 bot 6 step 17
FT 350 11477 37 0 0 0 0 0 0 384 2674 11097 bot 7 step 18
FT 350 10956 0 0 0 0 0 0 0 379 2671 11097 bot 0 step 0
FT 351 10872 37 0 0 0 0 0 0 455 2674 11097 bot 5 step 19
FT 352 11410 41 0 0 0 0 0 0 430 2684 11097 bot 6 step 23
FT 352 10764 0 0 0 0 0 0 0 393 2700 11097 bot 0 step 0
FT 353 11435 58 0 0 0 0 0 0 370 2661 11097 bot 6 step 22
FT 354 11149 37 0 0 0 0 0 0 331 2677 11097 bot 6 step 18
FT 354 10895 0 0 0 0 0 0 0 358 2678 11097 bot 0 step 0
FT 355 11248 46 0 0 0 0 0 0 388 2704 11097 bot 7 step 24
FT 356 11274 41 0 0 0 0 0 0 504 2684 11097 bot 6 step 21
FT 356 11072 0 0 0 0 0 0 0 407 2686 11094 bot 0 step 0
FT 357 11096 34 0 0 0 0 0 0 504 2681 11094 bot 6 step 17
FT 358 11041 36 0 0 0 0 0 0 467 2697 11094 bot 5 step 19
FT 358 10796 0 0 0 0 0 0 0 342 2710 11094 bot 0 step 0
FT 359 11108 35 0 0 0 0 0 0 331 2638 11094 bot 6 step 18
FT 360 11152 39 0 0 0 0 0 0 335 2638 11094 bot 6 step 21
FT 360 11293 0 0 0 0 0 0 0 331 2634 11094 bot 0 step 0
FT 361 11192 47 0 0 0 0 0 0 342 2598 11094 bot 7 step 26
FT 362 11166 72 0 0 0 0 0 0 316 2602 11094 bot 7 step 28
FT 362 11070 0 0 0 0 0 0 0 321 2617 11094 bot 0 step 0
FT 363 11064 45 0 0 0 0 0 0 351 2618 11094 bot 6 step 16
FT 364 10692 45 0 0 0 0 0 0 338 2621 11094 bot 7 step 23
FT 364 11350 0 0 0 0 0 0 0 379 2608 11094 bot 0 step 0
FT 365 11307 105 0 0 0 0 0 0 312 2627 11094 bot 6 step 88
FT 366 10734 66 0 0 0 0 0 0 319 2654 11094 bot 5 step 30
FT 366 11204 0 0 0 0 0 0 0 342 2720 11094 bot 0 step 0
FT 367 11430 48 0 0 0 0 0 0 321 2828 11094 bot 6 step 27
FT 368 11086 46 0 0 0 0 0 0 293 2884 11094 bot 6 step 25
FT 368 11024 0 0 0 0 0 0 0 294 2609 11094 bot 0 step 0
FT 369 11080 35 0 0 0 0 0 0 328 2631 11094 bot 5 step 19
FT 370 11157 56 0 0 0 0 0 0 324 2575 11094 bot 8 step 28
FT 370 11049 0 0 0 0 0 0 0 386 2592 11094 bot 0 step 0
FT 371 11130 34 0 0 0 0 0 0 363 2605 11094 bot 5 step 17
FT 372 11305 35 0 0 0 0 0 0 358 2598 11094 bot 6 step 17
FT 372 11045 0 0 0 0 0 0 0 375 2612 11094 bot 0 step 0
FT 373 11227 41 0 0 0 0 0 0 372 2621 11094 bot 7 step 20
FT 374 10876 38 0 0 0 0 0 0 377 2635 11094 bot 6 step 17
FT 374 11009 0 0 0 0 0 0 0 449 2625 11094 bot 0 step 0
FT 375 11144 36 0 0 0 0 0 0 375 2602 11094 bot 7 step 17
FT 376 11072 40 0 0 0 0 0 0 391 2630 11094 bot 6 step 20
FT 376 11347 0 0 0 0 0 0 0 418 2622 11094 bot 0 step 0
FT 377 11071 36 0 0 0 0 0 0 428 2641 11094 bot 6 step 17
FT 378 11053 37 0 0 0 0 0 0 382 2631 11094 bot 6 step 18
FT 378 11040 0 0 0 0 0 0 0 388 2640 11094 bot 0 step 0
FT 379 11041 43 0 0 0 0 0 0 386 2637 11094 bot 6 step 23
FT 380 11359 43 0 0 0 0 0 0 388 2638 11094 bot 7 step 22
FT 380 10987 0 0 0 0 0 0 0 398 2657 11094 bot 0 step 0
FT 381 11154 44 0 0 0 0 0 0 426 2617 11094 bot 7 step 22
FT 382 11179 37 0 0 0 0 0 0 363 2637 11094 bot 7 step 17
FT 382 10960 0 0 0 0 0 0 0 449 2657 11094 bot 0 step 0
FT 383 11225 41 0 0 0 0 0 0 535 2602 11094 bot 7 step 18
FT 384 11003 37 0 0 0 0 0 0 370 2575 11094 bot 7 step 17
FT 384 11067 0 0 0 0 0 0 0 388 2578 11094 bot 0 step 0
FT 385 11384 66 0 0 0 0 0 0 388 2582 11094 bot 9 step 36
FT 386 11071 66 0 0 0 0 0 0 388 2615 11094 bot 7 step 22
FT 386 10984 0 0 0 0 0 0 0 437 2612 11094 bot 0 step 0
FT 387 11263 36 0 0 0 0 0 0 455 2615 11094 bot 6 step 18
FT 388 11058 53 0 0 0 0 0 0 518 2621 11094 bot 7 step 32
FT 388 11117 0 0 0 0 0 0 0 620 2628 11094 bot 0 step 0
FT 389 11144 38 0 0 0 0 0 0 603 2591 11094 bot 6 step 19
FT 390 10916 46 0 0 0 0 0 0 393 2586 11094 bot 6 step 20
FT 390 11071 0 0 0 0 0 0 0 386 2595 11094 bot 0 step 0
FT 391 11086 40 0 0 0 0 0 0 389 2585 11094 bot 7 step 21
FT 392 11139 51 0 0 0 0 0 0 391 2594 11094 bot 8 step 23
FT 392 11210 0 0 0 0 0 0 0 377 2592 11094 bot 0 step 0
FT 393 11156 54 0 0 0 0 0 0 375 2604 11094 bot 8 step 32
FT 394 11036 48 0 0 0 0 0 0 425 2617 11094 bot 7 step 22
FT 394 10958 0 0 0 0 0 0 0 462 2608 11094 bot 0 step 0
FT 395 11316 38 0 0 0 0 0 0 488 2608 11094 bot 6 step 19
FT 396 11045 40 0 0 0 0 0 0 458 2585 11094 bot 7 step 20
FT 396 11090 0 0 0 0 0 0 0 386 2575 11094 bot 0 step 0
FT 397 11241 46 0 0 0 0 0 0 391 2549 11094 bot 7 step 24
FT 398 11235 44 0 0 0 0 0 0 386 2565 11094 bot 7 step 23
FT 398 10860 0 0 0 0 0 0 0 382 2575 11094 bot 0 step 0
FT 399 11273 39 0 0 0 0 0 0 474 2571 11094 bot 7 step 19
FT 400 10894 38 0 0 0 0 0 0 421 2571 11094 bot 7 step 19
FT 400 11332 0 0 0 0 0 0 0 541 2569 11094 bot 0 step 0
FT 401 10970 38 0 0 0 0 0 0 465 2585 11094 bot 6 step 19
FT 402 11123 38 0 0 0 0 0 0 388 2585 11094 bot 7 step 19
FT 402 11099 0 0 0 0 0 0 0 400 2595 11094 bot 0 step 0
FT 403 11160 44 0 0 0 0 0 0 384 2575 11094 bot 7 step 22
FT 404 11132 44 0 0 0 0 0 0 389 2588 11094 bot 7 step 22
FT 404 10991 0 0 0 0 0 0 0 388 2605 11094 bot 0 step 0
FT 405 11406 46 0 0 0 0 0 0 414 2582 11094 bot 7 step 23
FT 406 10982 40 0 0 0 0 0 0 368 2609 11094 bot 6 step 21
FT 406 10865 0 0 0 0 0 0 0 579 2635 11094 bot 0 step 0
FT 407 11279 44 0 0 0 0 0 0 370 2660 11094 bot 6 step 25
FT 408 10943 45 0 0 0 0 0 0 384 2634 11094 bot 7 step 23
FT 408 11225 0 0 0 0 0 0 0 391 2630 11094 bot 0 step 0
FT 409 11157 50 0 0 0 0 0 0 402 2634 11094 bot 12 step 23
FT 410 11041 48 0 0 0 0 0 0 374 2634 11094 bot 7 step 25
FT 410 11158 0 0 0 0 0 0 0 375 2632 11094 bot 0 step 0
FT 411 11208 58 0 0 0 0 0 0 370 2605 11094 bot 21 step 22
FT 412 11107 59 0 0 0 0 0 0 379 2608 11094 bot 6 step 20
FT 412 11023 0 0 0 0 0 0 0 453 2602 11094 bot 0 step 0
FT 413 11169 44 0 0 0 0 0 0 559 2602 11094 bot 7 step 24
FT 414 11074 37 0 0 0 0 0 0 379 2589 11094 bot 6 step 19
FT 414 10888 0 0 0 0 0 0 0 430 2578 11094 bot 0 step 0
FT 415 11326 38 0 0 0 0 0 0 393 2598 11094 bot 6 step 19
FT 416 11309 53 0 0 0 0 0 0 409 2598 11094 bot 8 step 28
FT 416 10901 0 0 0 0 0 0 0 367 2628 11099 bot 0 step 0
FT 417 11200 56 0 0 0 0 0 0 435 2615 11099 bot 20 step 22
FT 418 11090 38 0 0 0 0 0 0 395 2622 11099 bot 6 step 19
FT 418 10990 0 0 0 0 0 0 0 493 2618 11099 bot 0 step 0
FT 419 11235 41 0 0 0 0 0 0 573 2598 11099 bot 6 step 22
FT 420 10938 45 0 0 0 0 0 0 365 2595 11099 bot 7 step 22
FT 420 18715 0 0 0 0 0 0 0 402 2611 11099 bot 0 step 0
FT 421 3832 45 0 0 0 0 0 0 381 2607 11099 bot 6 step 24
FT 422 10925 44 0 0 0 0 0 0 521 2618 11099 bot 7 step 23
FT 422 11083 0 0 0 0 0 0 0 419 2618 11099 bot 0 step 0
FT 423 11169 48 0 0 0 0 0 0 418 2621 11099 bot 6 step 28
FT 424 11081 37 0 0 0 0 0 0 398 2638 11099 bot 6 step 18
FT 424 11068 0 0 0 0 0 0 0 439 2650 11099 bot 0 step 0
FT 425 10989 39 0 0 0 0 0 0 435 2671 11099 bot 7 step 19
FT 426 11268 38 0 0 0 0 0 0 363 2647 11099 bot 6 step 19
FT 426 11070 0 0 0 0 0 0 0 363 2628 11099 bot 0 step 0
FT 427 11249 44 0 0 0 0 0 0 386 2648 11099 bot 7 step 22
FT 428 10984 43 0 0 0 0 0 0 377 2654 11099 bot 6 step 24
FT 428 11169 0 0 0 0 0 0 0 368 2651 11099 bot 0 step 0
FT 429 10832 38 0 0 0 0 0 0 363 2677 11099 bot 6 step 19
FT 430 11422 42 0 0 0 0 0 0 416 2654 11099 bot 7 step 18
FT 430 10999 0 0 0 0 0 0 0 365 2615 11099 bot 0 step 0
FT 431 11234 39 0 0 0 0 0 0 365 2605 11099 bot 6 step 18
FT 432 11019 37 0 0 0 0 0 0 372 2614 11099 bot 6 step 18
FT 432 11035 0 0 0 0 0 0 0 428 2619 11099 bot 0 step 0
FT 433 11125 37 0 0 0 0 0 0 412 2625 11099 bot 6 step 17
FT 434 11188 42 0 0 0 0 0 0 393 2618 11099 bot 7 step 21
FT 434 11105 0 0 0 0 0 0 0 367 2648 11099 bot 0 step 0
FT 435 10961 36 0 0 0 0 0 0 409 2624 11099 bot 6 step 18
FT 436 11287 44 0 0 0 0 0 0 379 2642 11099 bot 6 step 21
FT 436 10926 0 0 0 0 0 0 0 379 2648 11099 bot 0 step 0
FT 437 11287 60 0 0 0 0 0 0 509 2628 11099 bot 6 step 23
FT 438 10921 36 0 0 0 0 0 0 372 2637 11099 bot 6 step 18
FT 438 11227 0 0 0 0 0 0 0 437 2654 11099 bot 0 step 0
FT 439 11146 43 0 0 0 0 0 0 400 2628 11099 bot 6 step 24
FT 440 11247 44 0 0 0 0 0 0 391 2660 11099 bot 7 step 23
FT 440 10783 0 0 0 0 0 0 0 382 2674 11099 bot 0 step 0
FT 441 11291 38 0 0 0 0 0 0 490 2635 11099 bot 6 step 19
FT 442 11247 38 0 0 0 0 0 0 386 2663 11099 bot 6 step 19
FT 442 11040 0 0 0 0 0 0 0 476 2660 11099 bot 0 step 0
FT 443 11148 38 0 0 0 0 0 0 586 2634 11099 bot 7 step 19
FT 444 10876 39 0 0 0 0 0 0 416 2635 11099 bot 7 step 20
FT 444 11201 0 0 0 0 0 0 0 451 2638 11099 bot 0 step 0
FT 445 11206 38 0 0 0 0 0 0 416 2638 11099 bot 6 step 20
FT 446 11144 51 0 0 0 0 0 0 411 2635 11099 bot 7 step 29
FT 446 11140 0 0 0 0 0 0 0 397 2665 11099 bot 0 step 0
FT 447 11147 39 0 0 0 0 0 0 435 2680 11099 bot 6 step 19
FT 448 11076 43 0 0 0 0 0 0 486 2681 11099 bot 11 step 19
FT 448 10957 0 0 0 0 0 0 0 500 2664 11099 bot 0 step 0
FT 449 11069 44 0 0 0 0 0 0 407 2628 11099 bot 7 step 19
FT 450 10993 44 0 0 0 0 0 0 389 2644 11099 bot 8 step 19
FT 450 11282 0 0 0 0 0 0 0 451 2661 11099 bot 0 step 0
FT 451 11142 43 0 0 0 0 0 0 418 2657 11099 bot 6 step 24
FT 452 11247 43 0 0 0 0 0 0 418 2665 11099 bot 7 step 21
FT 452 10958 0 0 0 0 0 0 0 402 2660 11099 bot 0 step 0
FT 453 11096 36 0 0 0 0 0 0 476 2671 11099 bot 7 step 17
FT 454 11280 37 0 0 0 0 0 0 449 2648 11099 bot 6 step 19
FT 454 10981 0 0 0 0 0 0 0 537 2671 11099 bot 0 step 0
FT 455 11135 46 0 0 0 0 0 0 526 2640 11099 bot 7 step 26
FT 456 10920 38 0 0 0 0 0 0 449 2641 11099 bot 6 step 19
FT 456 11092 0 0 0 0 0 0 0 451 2644 11099 bot 0 step 0
FT 457 11232 37 0 0 0 0 0 0 414 2634 11099 bot 6 step 18
FT 458 11151 39 0 0 0 0 0 0 432 2644 11099 bot 6 step 20
FT 458 11175 0 0 0 0 0 0 0 404 2644 11099 bot 0 step 0
FT 459 10982 44 0 0 0 0 0 0 393 2654 11099 bot 7 step 20
FT 460 11358 39 0 0 0 0 0 0 456 2674 11099 bot 6 step 20
FT 460 10925 0 0 0 0 0 0 0 432 2678 11099 bot 0 step 0
FT 461 11193 38 0 0 0 0 0 0 587 2640 11099 bot 6 step 19
FT 462 10964 40 0 0 0 0 0 0 400 2642 11099 bot 7 step 20
FT 462 11090 0 0 0 0 0 0 0 453 2634 11099 bot 0 step 0
FT 463 11250 82 0 0 0 0 0 0 418 2635 11099 bot 6 step 24
FT 464 11112 45 0 0 0 0 0 0 409 2644 11099 bot 7 step 23
FT 464 11152 0 0 0 0 0 0 0 411 2667 11099 bot 0 step 0
FT 465 11237 38 0 0 0 0 0 0 451 2693 11099 bot 6 step 19
FT 466 11062 40 0 0 0 0 0 0 432 2709 11099 bot 6 step 22
FT 466 10935 0 0 0 0 0 0 0 566 2726 11099 bot 0 step 0
FT 467 11165 38 0 0 0 0 0 0 669 2634 11099 bot 6 step 19
FT 468 11213 38 0 0 0 0 0 0 474 2634 11099 bot 6 step 19
FT 468 10870 0 0 0 0 0 0 0 421 2650 11099 bot 0 step 0
FT 469 11292 44 0 0 0 0 0 0 393 2640 11099 bot 7 step 23
FT 470 11119 44 0 0 0 0 0 0 407 2635 11099 bot 7 step 22
FT 470 10923 0 0 0 0 0 0 0 389 2637 11099 bot 0 step 0
FT 471 11061 38 0 0 0 0 0 0 430 2647 11099 bot 6 step 19
FT 472 11174 39 0 0 0 0 0 0 400 2653 11099 bot 7 step 19
FT 472 11063 0 0 0 0 0 0 0 407 2651 11099 bot 0 step 0
FT 473 11327 43 0 0 0 0 0 0 451 2638 11099 bot 7 step 23
FT 474 10935 41 0 0 0 0 0 0 469 2641 11099 bot 6 step 22
FT 474 10939 0 0 0 0 0 0 0 409 2627 11099 bot 0 step 0
FT 475 11356 48 0 0 0 0 0 0 409 2634 11099 bot 7 step 26
FT 476 11189 53 0 0 0 0 0 0 430 2622 11099 bot 8 step 32
FT 476 11040 0 0 0 0 0 0 0 389 2674 11012 bot 0 step 0
FT 477 11271 44 0 0 0 0 0 0 439 2650 11012 bot 9 step 21
FT 478 11112 48 0 0 0 0 0 0 442 2653 11012 bot 8 step 27
FT 478 10967 0 0 0 0 0 0 0 528 2676 11012 bot 0 step 0
FT 479 11159 40 0 0 0 0 0 0 559 2676 11012 bot 6 step 21
FT 480 10957 42 0 0 0 0 0 0 388 2674 11012 bot 7 step 22
FT 480 11145 0 0 0 0 0 0 0 453 2671 11012 bot 0 step 0
FT 481 11340 51 0 0 0 0 0 0 412 2668 11012 bot 7 step 29
FT 482 10993 54 0 0 0 0 0 0 414 2667 11012 bot 7 step 32
FT 482 11065 0 0 0 0 0 0 0 405 2697 11012 bot 0 step 0
FT 483 11247 52 0 0 0 0 0 0 423 2677 11012 bot 8 step 27
FT 484 11172 43 0 0 0 0 0 0 423 2684 11012 bot 5 step 25
FT 484 10856 0 0 0 0 0 0 0 683 2698 11012 bot 0 step 0
FT 485 11279 37 0 0 0 0 0 0 637 2678 11012 bot 7 step 18
FT 486 11022 42 0 0 0 0 0 0 490 2653 11012 bot 6 step 23
FT 486 10911 0 0 0 0 0 0 0 418 2632 11012 bot 0 step 0
FT 487 11234 44 0 0 0 0 0 0 462 2630 11012 bot 7 step 23
FT 488 11142 50 0 0 0 0 0 0 407 2640 11012 bot 7 step 28
FT 488 11107 0 0 0 0 0 0 0 388 2644 11012 bot 0 step 0
FT 489 11245 91 0 0 0 0 0 0 391 2628 11012 bot 7 step 22
FT 490 11107 38 0 0 0 0 0 0 391 2657 11012 bot 6 step 20
FT 490 11032 0 0 0 0 0 0 0 462 2653 11012 bot 0 step 0
FT 491 11158 40 0 0 0 0 0 0 513 2642 11012 bot 6 step 21
FT 492 11049 39 0 0 0 0 0 0 488 2622 11012 bot 6 step 19
FT 492 10940 0 0 0 0 0 0 0 448 2638 11012 bot 0 step 0
FT 493 11286 46 0 0 0 0 0 0 407 2625 11012 bot 7 step 25
FT 494 11064 47 0 0 0 0 0 0 407 2615 11012 bot 8 step 25
FT 494 11181 0 0 0 0 0 0 0 388 2648 11012 bot 0 step 0
FT 495 11172 70 0 0 0 0 0 0 393 2681 11012 bot 7 step 25
FT 496 11082 48 0 0 0 0 0 0 432 2676 11012 bot 7 step 23
FT 496 10934 0 0 0 0 0 0 0 444 2631 11012 bot 0 step 0
FT 497 11272 39 0 0 0 0 0 0 388 2618 11012 bot 6 step 20
FT 498 10933 46 0 0 0 0 0 0 377 2609 11012 bot 7 step 20
FT 498 11097 0 0 0 0 0 0 0 439 2634 11012 bot 0 step 0
FT 499 11237 37 0 0 0 0 0 0 407 2645 11012 bot 7 step 18
FT 500 11101 38 0 0 0 0 0 0 409 2619 11012 bot 6 step 19
FT 500 11224 0 0 0 0 0 0 0 393 2625 11012 bot 0 step 0
FT 501 10931 43 0 0 0 0 0 0 398 2648 11012 bot 6 step 25
FT 502 11323 37 0 0 0 0 0 0 588 2632 11012 bot 6 step 19
FT 502 10992 0 0 0 0 0 0 0 416 2634 11012 bot 0 step 0
FT 503 11163 38 0 0 0 0 0 0 541 2625 11012 bot 7 step 19
FT 504 10864 39 0 0 0 0 0 0 400 2621 11012 bot 6 step 19
FT 504 11037 0 0 0 0 0 0 0 444 2642 11012 bot 0 step 0
FT 505 11239 38 0 0 0 0 0 0 397 2651 11012 bot 7 step 20
FT 506 11128 39 0 0 0 0 0 0 412 2637 11012 bot 6 step 20
FT 506 11038 0 0 0 0 0 0 0 412 2647 11012 bot 0 step 0
FT 507 11404 59 0 0 0 0 0 0 391 2625 11012 bot 7 step 37
FT 508 11115 39 0 0 0 0 0 0 400 2642 11012 bot 6 step 19
FT 508 10996 0 0 0 0 0 0 0 449 2647 11012 bot 0 step 0
FT 509 11101 37 0 0 0 0 0 0 532 2631 11012 bot 6 step 19
FT 510 11041 38 0 0 0 0 0 0 442 2635 11012 bot 6 step 19
FT 510 11149 0 0 0 0 0 0 0 439 2635 11012 bot 0 step 0
FT 511 15150 40 0 3826 1 1 0 0 416 2665 11012 bot 6 step 21
FT 512 7617 43 0 0 0 0 0 0 407 2697 11012 bot 11 step 20
FT 512 10677 0 0 0 0 0 0 0 398 2709 11012 bot 0 step 0
FT 513 11181 71 0 0 0 0 0 0 680 2676 11012 bot 30 step 27
FT 514 11131 63 0 0 0 0 0 0 430 2671 11012 bot 7 step 25
FT 514 11002 0 0 0 0 0 0 0 467 2696 11012 bot 0 step 0
FT 515 11111 37 0 0 0 0 0 0 605 2701 11012 bot 6 step 18
FT 516 10849 43 0 0 0 0 0 0 538 2625 11012 bot 7 step 19
FT 516 11075 0 0 0 0 0 0 0 458 2627 11012 bot 0 step 0
FT 517 11381 37 0 0 0 0 0 0 418 2625 11012 bot 7 step 18
FT 518 10899 37 0 0 0 0 0 0 407 2627 11012 bot 6 step 18
FT 518 11373 0 0 0 0 0 0 0 400 2618 11012 bot 0 step 0
FT 519 11237 42 0 0 0 0 0 0 426 2683 11012 bot 7 step 23
FT 520 11038 38 0 0 0 0 0 0 462 2664 11012 bot 7 step 19
FT 520 11027 0 0 0 0 0 0 0 574 2668 11012 bot 0 step 0
FT 521 11109 43 0 0 0 0 0 0 580 2653 11012 bot 7 step 19
FT 522 11033 37 0 0 0 0 0 0 518 2645 11012 bot 6 step 19
FT 522 10938 0 0 0 0 0 0 0 446 2654 11012 bot 0 step 0
FT 523 11189 45 0 0 0 0 0 0 416 2655 11012 bot 8 step 19
FT 524 11219 60 0 0 0 0 0 0 414 2663 11012 bot 9 step 31
FT 524 10879 0 0 0 0 0 0 0 423 2648 11012 bot 0 step 0
FT 525 11476 69 0 0 0 0 0 0 395 2648 11012 bot 7 step 22
FT 526 11117 39 0 0 0 0 0 0 388 2674 11012 bot 7 step 21
FT 526 11069 0 0 0 0 0 0 0 442 2687 11012 bot 0 step 0
FT 527 11013 37 0 0 0 0 0 0 509 2690 11012 bot 6 step 19
FT 528 11133 37 0 0 0 0 0 0 509 2611 11012 bot 6 step 19
FT 528 10910 0 0 0 0 0 0 0 458 2625 11012 bot 0 step 0
FT 529 11266 45 0 0 0 0 0 0 423 2644 11012 bot 7 step 24
FT 530 11104 38 0 0 0 0 0 0 433 2657 11012 bot 7 step 19
FT 530 11211 0 0 0 0 0 0 0 419 2621 11012 bot 0 step 0
FT 531 11273 37 0 0 0 0 0 0 391 2644 11012 bot 6 step 19
FT 532 11077 38 0 0 0 0 0 0 430 2664 11012 bot 6 step 19
FT 532 11007 0 0 0 0 0 0 0 504 2653 11012 bot 0 step 0
FT 533 11161 35 0 0 0 0 0 0 593 2683 11012 bot 6 step 18
FT 534 11035 37 0 0 0 0 0 0 632 2628 11012 bot 6 step 18
FT 534 10992 0 0 0 0 0 0 0 444 2631 11012 bot 0 step 0
FT 535 11233 36 0 0 0 0 0 0 485 2631 11012 bot 6 step 18
FT 536 11044 42 0 0 0 0 0 0 409 2618 11012 bot 6 step 23
FT 536 11035 0 0 0 0 0 0 0 393 2617 11017 bot 0 step 0
FT 537 11335 73 0 0 0 0 0 0 391 2632 11017 bot 11 step 47
FT 538 11148 41 0 0 0 0 0 0 391 2644 11017 bot 6 step 23
FT 538 10809 0 0 0 0 0 0 0 483 2658 11017 bot 0 step 0
FT 539 11250 56 0 0 0 0 0 0 582 2667 11017 bot 6 step 18
FT 540 11127 36 0 0 0 0 0 0 451 2651 11017 bot 6 step 18
FT 540 11234 0 0 0 0 0 0 0 405 2691 11017 bot 0 step 0
FT 541 10934 40 0 0 0 0 0 0 469 3016 11017 bot 6 step 22
FT 542 11181 44 0 0 0 0 0 0 384 2661 11017 bot 6 step 24
FT 542 11003 0 0 0 0 0 0 0 393 2657 11017 bot 0 step 0
FT 543 11313 70 0 0 0 0 0 0 409 2663 11017 bot 7 step 49
FT 544 11111 38 0 0 0 0 0 0 384 2690 11017 bot 6 step 20
FT 544 11059 0 0 0 0 0 0 0 460 2684 11017 bot 0 step 0
FT 545 11051 37 0 0 0 0 0 0 526 2710 11017 bot 6 step 19
FT 546 11002 38 0 0 0 0 0 0 667 2625 11017 bot 6 step 19
FT 546 11118 0 0 0 0 0 0 0 416 2638 11017 bot 0 step 0
FT 547 11081 37 0 0 0 0 0 0 467 2631 11017 bot 6 step 19
FT 548 11251 44 0 0 0 0 0 0 479 2625 11017 bot 6 step 22
FT 548 10972 0 0 0 0 0 0 0 402 2667 11017 bot 0 step 0
FT 549 11155 36 0 0 0 0 0 0 527 2637 11017 bot 5 step 19
FT 550 11347 37 0 0 0 0 0 0 391 2648 11017 bot 6 step 19
FT 550 10946 0 0 0 0 0 0 0 451 2657 11017 bot 0 step 0
FT 551 11144 41 0 0 0 0 0 0 625 2644 11017 bot 6 step 23
FT 552 11078 38 0 0 0 0 0 0 444 2631 11017 bot 6 step 19
FT 552 10926 0 0 0 0 0 0 0 500 2625 11017 bot 0 step 0
FT 553 11122 36 0 0 0 0 0 0 400 2631 11017 bot 6 step 18
FT 554 11094 37 0 0 0 0 0 0 448 2628 11017 bot 6 step 19
FT 554 11260 0 0 0 0 0 0 0 405 2634 11017 bot 0 step 0
FT 555 19389 59 0 0 0 0 0 0 416 2638 11017 bot 9 step 29
FT 556 2753 40 0 0 0 0 0 0 397 2644 11017 bot 6 step 22
FT 556 11150 0 0 0 0 0 0 0 481 2651 11017 bot 0 step 0
FT 557 11213 38 0 0 0 0 0 0 395 2621 11017 bot 6 step 20
FT 558 10941 43 0 0 0 0 0 0 397 2635 11017 bot 7 step 19
FT 558 10889 0 0 0 0 0 0 0 414 2628 11017 bot 0 step 0
FT 559 11391 40 0 0 0 0 0 0 400 2612 11017 bot 7 step 19
FT 560 11075 51 0 0 0 0 0 0 388 2641 11017 bot 7 step 25
FT 560 11069 0 0 0 0 0 0 0 412 2630 11017 bot 0 step 0
FT 561 11292 41 0 0 0 0 0 0 397 2638 11017 bot 7 step 20
FT 562 11139 38 0 0 0 0 0 0 391 2634 11017 bot 7 step 18
FT 562 11007 0 0 0 0 0 0 0 425 2648 11017 bot 0 step 0
FT 563 11286 53 0 0 0 0 0 0 451 2641 11017 bot 6 step 17
FT 564 11086 35 0 0 0 0 0 0 558 2622 11017 bot 5 step 17
FT 564 10992 0 0 0 0 0 0 0 428 2618 11017 bot 0 step 0
FT 565 11024 42 0 0 0 0 0 0 407 2657 11017 bot 6 step 17
FT 566 11143 39 0 0 0 0 0 0 412 2642 11017 bot 6 step 21
FT 566 11058 0 0 0 0 0 0 0 416 2618 11017 bot 0 step 0
FT 567 10972 49 0 0 0 0 0 0 400 2688 11017 bot 7 step 24
FT 568 11403 53 0 0 0 0 0 0 400 2619 11017 bot 22 step 16
FT 568 11044 0 0 0 0 0 0 0 397 2638 11017 bot 0 step 0
FT 569 10877 41 0 0 0 0 0 0 479 2674 11017 bot 7 step 16
FT 570 11365 34 0 0 0 0 0 0 398 2641 11017 bot 6 step 16
FT 570 11052 0 0 0 0 0 0 0 449 2670 11017 bot 0 step 0
FT 571 11016 37 0 0 0 0 0 0 412 2671 11017 bot 6 step 19
FT 572 11378 41 0 0 0 0 0 0 412 2687 11017 bot 7 step 20
FT 572 11092 0 0 0 0 0 0 0 412 2671 11017 bot 0 step 0
FT 573 11155 56 0 0 0 0 0 0 404 2631 11017 bot 7 step 20
FT 574 11077 35 0 0 0 0 0 0 428 2684 11017 bot 6 step 16
FT 574 11077 0 0 0 0 0 0 0 453 2687 11017 bot 0 step 0
FT 575 11164 36 0 0 0 0 0 0 492 2690 11017 bot 7 step 16
FT 576 10942 42 0 0 0 0 0 0 481 2605 11017 bot 7 step 17
FT 576 10961 0 0 0 0 0 0 0 421 2611 11017 bot 0 step 0
FT 577 11192 35 0 0 0 0 0 0 412 2615 11017 bot 6 step 17
FT 578 11315 41 0 0 0 0 0 0 414 2619 11017 bot 7 step 19
FT 578 11047 0 0 0 0 0 0 0 488 2631 11017 bot 0 step 0
FT 579 11250 61 0 0 0 0 0 0 418 2640 11017 bot 7 step 40
FT 580 11231 40 0 0 0 0 0 0 509 2642 11017 bot 7 step 19
FT 580 10918 0 0 0 0 0 0 0 509 2647 11017 bot 0 step 0
FT 581 11177 35 0 0 0 0 0 0 657 2638 11017 bot 6 step 16
FT 582 10978 35 0 0 0 0 0 0 515 2635 11017 bot 6 step 16
FT 582 11027 0 0 0 0 0 0 0 444 2614 11017 bot 0 step 0
FT 583 11189 34 0 0 0 0 0 0 412 2605 11017 bot 6 step 17
FT 584 11267 41 0 0 0 0 0 0 423 2634 11017 bot 6 step 21
FT 584 10865 0 0 0 0 0 0 0 400 2635 11017 bot 0 step 0
FT 585 11319 59 0 0 0 0 0 0 442 2628 11017 bot 7 step 20
FT 586 10792 44 0 0 0 0 0 0 393 2644 11017 bot 6 step 19
FT 586 11233 0 0 0 0 0 0 0 501 2625 11017 bot 0 step 0
FT 587 11237 56 0 0 0 0 0 0 437 2627 11017 bot 6 step 17
FT 588 11101 38 0 0 0 0 0 0 472 2648 11017 bot 6 step 20
FT 588 10987 0 0 0 0 0 0 0 442 2644 11017 bot 0 step 0
FT 589 11180 34 0 0 0 0 0 0 446 2665 11017 bot 6 step 16
FT 590 11131 34 0 0 0 0 0 0 407 2631 11017 bot 6 step 16
FT 590 11203 0 0 0 0 0 0 0 402 2645 11017 bot 0 step 0
FT 591 11072 45 0 0 0 0 0 0 402 2654 11017 bot 7 step 24
FT 592 11148 34 0 0 0 0 0 0 458 2641 11017 bot 6 step 16
FT 592 11102 0 0 0 0 0 0 0 455 2667 11017 bot 0 step 0
FT 593 11087 38 0 0 0 0 0 0 532 2618 11017 bot 6 step 16
FT 594 11110 35 0 0 0 0 0 0 559 2638 11017 bot 6 step 17
FT 594 11014 0 0 0 0 0 0 0 412 2661 11017 bot 0 step 0
FT 595 11020 38 0 0 0 0 0 0 412 2645 11017 bot 6 step 20
FT 596 11165 42 0 0 0 0 0 0 412 2642 11017 bot 7 step 21
FT 596 11179 0 0 0 0 0 0 0 416 2651 11008 bot 0 step 0
FT 597 11245 64 0 0 0 0 0 0 412 2681 11008 bot 7 step 20
FT 598 11089 35 0 0 0 0 0 0 409 2690 11008 bot 6 step 17
FT 598 11012 0 0 0 0 0 0 0 451 2664 11008 bot 0 step 0
FT 599 10966 35 0 0 0 0 0 0 522 2660 11008 bot 6 step 17
FT 600 10969 44 0 0 0 0 0 0 522 2673 11008 bot 7 step 18
FT 600 11114 0 0 0 0 0 0 0 518 2661 11008 bot 0 step 0
FT 601 11251 38 0 0 0 0 0 0 544 2641 11008 bot 6 step 20
FT 602 11050 40 0 0 0 0 0 0 409 2618 11008 bot 6 step 21
FT 602 11240 0 0 0 0 0 0 0 421 2611 11008 bot 0 step 0
FT 603 11317 59 0 0 0 0 0 0 418 2612 11008 bot 7 step 38
FT 604 11115 36 0 0 0 0 0 0 395 2619 11008 bot 6 step 17
FT 604 11067 0 0 0 0 0 0 0 470 2648 11008 bot 0 step 0
FT 605 11083 36 0 0 0 0 0 0 564 2634 11008 bot 6 step 17
FT 606 11172 39 0 0 0 0 0 0 538 2605 11008 bot 6 step 20
FT 606 10968 0 0 0 0 0 0 0 419 2624 11008 bot 0 step 0
FT 607 13163 2161 0 0 0 0 0 0 423 2635 11008 bot 2133 step 16
FT 608 8934 38 0 0 0 0 0 0 416 2648 11008 bot 6 step 18
FT 608 11115 0 0 0 0 0 0 0 435 2612 11008 bot 0 step 0
FT 609 11349 42 0 0 0 0 0 0 397 2609 11008 bot 6 step 22
FT 610 11126 40 0 0 0 0 0 0 400 2644 11008 bot 6 step 22
FT 610 10973 0 0 0 0 0 0 0 456 2678 11008 bot 0 step 0
FT 611 11196 35 0 0 0 0 0 0 541 2678 11008 bot 6 step 18
FT 612 11051 40 0 0 0 0 0 0 474 2678 11008 bot 8 step 19
FT 612 11043 0 0 0 0 0 0 0 648 2615 11008 bot 0 step 0
FT 613 11068 36 0 0 0 0 0 0 418 2598 11008 bot 6 step 18
FT 614 11086 35 0 0 0 0 0 0 423 2604 11008 bot 6 step 17
FT 614 11208 0 0 0 0 0 0 0 416 2611 11008 bot 0 step 0
FT 615 10956 36 0 0 0 0 0 0 398 2609 11008 bot 6 step 18
FT 616 11417 46 0 0 0 0 0 0 412 2595 11008 bot 6 step 24
FT 616 10993 0 0 0 0 0 0 0 400 2618 11008 bot 0 step 0
FT 617 11160 38 0 0 0 0 0 0 602 2615 11008 bot 5 step 20
FT 618 11074 34 0 0 0 0 0 0 483 2638 11008 bot 5 step 16
FT 618 11094 0 0 0 0 0 0 0 531 2598 11008 bot 0 step 0
FT 619 11127 36 0 0 0 0 0 0 412 2611 11008 bot 6 step 18
FT 620 10975 43 0 0 0 0 0 0 421 2595 11008 bot 7 step 18
FT 620 11066 0 0 0 0 0 0 0 402 2598 11008 bot 0 step 0
FT 621 11371 68 0 0 0 0 0 0 400 2601 11008 bot 6 step 22
FT 622 11086 51 0 0 0 0 0 0 398 2621 11008 bot 10 step 27
FT 622 11172 0 0 0 0 0 0 0 527 2631 11008 bot 0 step 0
FT 623 10970 36 0 0 0 0 0 0 458 2630 11008 bot 6 step 18
FT 624 11191 48 0 0 0 0 0 0 592 2605 11008 bot 6 step 27
FT 624 11248 0 0 0 0 0 0 0 451 2605 11008 bot 0 step 0
FT 625 10909 34 0 0 0 0 0 0 426 4651 11008 bot 5 step 17
FT 626 11118 36 0 0 0 0 0 0 851 2595 11008 bot 6 step 18
FT 626 11151 0 0 0 0 0 0 0 400 2609 11008 bot 0 step 0
FT 627 11151 42 0 0 0 0 0 0 398 2615 11008 bot 7 step 21
FT 628 11077 43 0 0 0 0 0 0 425 2618 11008 bot 7 step 22
FT 628 11036 0 0 0 0 0 0 0 460 2611 11008 bot 0 step 0
FT 629 11153 35 0 0 0 0 0 0 497 2607 11008 bot 6 step 17
FT 630 11063 34 0 0 0 0 0 0 488 2592 11008 bot 5 step 17
FT 630 10826 0 0 0 0 0 0 0 416 2592 11008 bot 0 step 0
FT 631 11248 36 0 0 0 0 0 0 419 2598 11008 bot 6 step 18
FT 632 11081 35 0 0 0 0 0 0 398 2598 11008 bot 6 step 17
FT 632 11326 0 0 0 0 0 0 0 419 2589 11008 bot 0 step 0
FT 633 11152 40 0 0 0 0 0 0 428 2588 11008 bot 7 step 19
FT 634 11138 46 0 0 0 0 0 0 395 2595 11008 bot 9 step 22
FT 634 11058 0 0 0 0 0 0 0 442 2595 11008 bot 0 step 0
FT 635 11125 34 0 0 0 0 0 0 453 2595 11008 bot 6 step 15
FT 636 11039 34 0 0 0 0 0 0 507 2614 11008 bot 6 step 16
FT 636 11137 0 0 0 0 0 0 0 555 2555 11008 bot 0 step 0
FT 637 11090 34 0 0 0 0 0 0 419 2588 11008 bot 6 step 15
FT 638 10960 35 0 0 0 0 0 0 433 2573 11008 bot 6 step 16
FT 638 11172 0 0 0 0 0 0 0 407 2573 11008 bot 0 step 0
FT 639 11251 41 0 0 0 0 0 0 418 2571 11008 bot 7 step 19
FT 640 11204 35 0 0 0 0 0 0 395 2604 11008 bot 6 step 16
FT 640 11018 0 0 0 0 0 0 0 451 2586 11008 bot 0 step 0
FT 641 11106 35 0 0 0 0 0 0 486 2592 11008 bot 7 step 16
FT 642 11057 34 0 0 0 0 0 0 490 2578 11008 bot 6 step 16
FT 642 11129 0 0 0 0 0 0 0 428 2588 11008 bot 0 step 0
FT 643 10951 35 0 0 0 0 0 0 411 2581 11008 bot 6 step 16
FT 644 11112 34 0 0 0 0 0 0 426 2573 11008 bot 6 step 15
FT 644 11030 0 0 0 0 0 0 0 441 2578 11008 bot 0 step 0
FT 645 11485 54 0 0 0 0 0 0 439 2584 11008 bot 6 step 18
FT 646 10833 57 0 0 0 0 0 0 428 2588 11008 bot 7 step 19
FT 646 11266 0 0 0 0 0 0 0 456 2585 11008 bot 0 step 0
FT 647 11072 35 0 0 0 0 0 0 402 2588 11008 bot 6 step 16
FT 648 11038 42 0 0 0 0 0 0 481 2589 11008 bot 7 step 17
FT 648 11143 0 0 0 0 0 0 0 488 2573 11008 bot 0 step 0
FT 649 11152 37 0 0 0 0 0 0 414 2573 11008 bot 6 step 19
FT 650 11111 41 0 0 0 0 0 0 416 2581 11008 bot 7 step 16
FT 650 11161 0 0 0 0 0 0 0 492 2558 11008 bot 0 step 0
FT 651 11231 56 0 0 0 0 0 0 407 2569 11008 bot 7 step 35
FT 652 11196 41 0 0 0 0 0 0 405 2596 11008 bot 7 step 19
FT 652 10900 0 0 0 0 0 0 0 465 2602 11008 bot 0 step 0
FT 653 11106 38 0 0 0 0 0 0 653 2595 11008 bot 7 step 16
FT 654 11152 40 0 0 0 0 0 0 486 2543 11008 bot 7 step 21
FT 654 10883 0 0 0 0 0 0 0 416 2575 11008 bot 0 step 0
FT 655 11282 35 0 0 0 0 0 0 412 2572 11008 bot 6 step 16
FT 656 11111 36 0 0 0 0 0 0 418 2575 11008 bot 7 step 17
FT 656 11133 0 0 0 0 0 0 0 405 2579 10997 bot 0 step 0
FT 657 11174 41 0 0 0 0 0 0 400 2572 10997 bot 7 step 20
FT 658 11040 49 0 0 0 0 0 0 402 2588 10997 bot 8 step 20
FT 658 11085 0 0 0 0 0 0 0 456 2585 10997 bot 0 step 0
FT 659 11123 34 0 0 0 0 0 0 449 2598 10997 bot 6 step 16
FT 660 11076 40 0 0 0 0 0 0 462 2634 10997 bot 6 step 17
FT 660 11109 0 0 0 0 0 0 0 549 2565 10997 bot 0 step 0
FT 661 11004 37 0 0 0 0 0 0 404 2568 10997 bot 6 step 18
FT 662 11247 35 0 0 0 0 0 0 412 2572 10997 bot 7 step 16
FT 662 11000 0 0 0 0 0 0 0 414 2572 10997 bot 0 step 0
FT 663 11109 35 0 0 0 0 0 0 400 2578 10997 bot 7 step 16
FT 664 11159 43 0 0 0 0 0 0 395 2591 10997 bot 7 step 22
FT 664 11092 0 0 0 0 0 0 0 393 2585 10997 bot 0 step 0
FT 665 11183 35 0 0 0 0 0 0 416 2588 10997 bot 6 step 17
FT 666 11096 33 0 0 0 0 0 0 441 2582 10997 bot 6 step 15
FT 666 11053 0 0 0 0 0 0 0 495 2598 10997 bot 0 step 0
FT 667 11196 35 0 0 0 0 0 0 412 2568 10997 bot 6 step 17
FT 668 11054 35 0 0 0 0 0 0 418 2568 10997 bot 7 step 16
FT 668 11168 0 0 0 0 0 0 0 419 2565 10997 bot 0 step 0
FT 669 11289 64 0 0 0 0 0 0 400 2576 10997 bot 29 step 20
FT 670 10977 63 0 0 0 0 0 0 397 2612 10997 bot 7 step 41
FT 670 10845 0 0 0 0 0 0 0 577 2611 10997 bot 0 step 0
FT 671 11353 55 0 0 0 0 0 0 444 2569 10997 bot 6 step 16
FT 672 11028 48 0 0 0 0 0 0 398 2576 10997 bot 7 step 23
FT 672 11163 0 0 0 0 0 0 0 407 2573 10997 bot 0 step 0
FT 673 11182 34 0 0 0 0 0 0 416 2569 10997 bot 6 step 16
FT 674 11009 35 0 0 0 0 0 0 418 2594 10997 bot 6 step 16
FT 674 11047 0 0 0 0 0 0 0 416 2588 10997 bot 0 step 0
FT 675 11289 42 0 0 0 0 0 0 400 2592 10997 bot 7 step 20
FT 676 11134 80 0 0 0 0 0 0 393 2609 10997 bot 9 step 33
FT 676 11012 0 0 0 0 0 0 0 469 2609 10997 bot 0 step 0
FT 677 11178 34 0 0 0 0 0 0 453 2596 10997 bot 6 step 16
FT 678 11070 35 0 0 0 0 0 0 483 2569 10997 bot 7 step 16
FT 678 11013 0 0 0 0 0 0 0 414 2599 10997 bot 0 step 0
FT 679 11196 41 0 0 0 0 0 0 412 2575 10997 bot 6 step 22
FT 680 11114 35 0 0 0 0 0 0 416 2588 10997 bot 6 step 17
FT 680 10966 0 0 0 0 0 0 0 416 2592 10997 bot 0 step 0
FT 681 11257 46 0 0 0 0 0 0 400 2588 10997 bot 7 step 25
FT 682 11165 61 0 0 0 0 0 0 402 2608 10997 bot 27 step 19
FT 682 10806 0 0 0 0 0 0 0 423 2599 10997 bot 0 step 0
FT 683 11453 36 0 0 0 0 0 0 446 2605 10997 bot 6 step 17
FT 684 11049 35 0 0 0 0 0 0 395 2608 10997 bot 6 step 17
FT 684 10913 0 0 0 0 0 0 0 570 2578 10997 bot 0 step 0
FT 685 11246 36 0 0 0 0 0 0 418 2651 10997 bot 7 step 16
FT 686 11075 35 0 0 0 0 0 0 421 2644 10997 bot 6 step 16
FT 686 11153 0 0 0 0 0 0 0 428 2638 10997 bot 0 step 0
FT 687 11256 43 0 0 0 0 0 0 407 2631 10997 bot 8 step 19
FT 688 11066 45 0 0 0 0 0 0 393 2648 10997 bot 8 step 21
FT 688 11084 0 0 0 0 0 0 0 458 2644 10997 bot 0 step 0
FT 689 11079 35 0 0 0 0 0 0 451 2645 10997 bot 6 step 17
FT 690 18921 48 0 0 0 0 0 0 560 2651 10997 bot 8 step 20
FT 690 3050 0 0 0 0 0 0 0 586 2588 10997 bot 0 step 0
FT 691 11302 38 0 0 0 0 0 0 432 2582 10997 bot 6 step 19
FT 692 11123 35 0 0 0 0 0 0 395 2589 10997 bot 6 step 16
FT 692 10896 0 0 0 0 0 0 0 446 2581 10997 bot 0 step 0
FT 693 11513 61 0 0 0 0 0 0 405 2589 10997 bot 7 step 38
FT 694 11083 38 0 0 0 0 0 0 418 2602 10997 bot 7 step 18
FT 694 11013 0 0 0 0 0 0 0 458 2609 10997 bot 0 step 0
FT 695 11098 35 0 0 0 0 0 0 504 2611 10997 bot 7 step 16
FT 696 11095 35 0 0 0 0 0 0 477 2604 10997 bot 6 step 17
FT 696 10879 0 0 0 0 0 0 0 493 2618 10997 bot 0 step 0
FT 697 11309 56 0 0 0 0 0 0 412 2578 10997 bot 7 step 17
FT 698 10876 42 0 0 0 0 0 0 409 2586 10997 bot 7 step 17
FT 698 11401 0 0 0 0 0 0 0 418 2585 10997 bot 0 step 0
FT 699 11118 40 0 0 0 0 0 0 428 2585 10997 bot 7 step 19
FT 700 11134 63 0 0 0 0 0 0 393 2598 10997 bot 7 step 42
FT 700 11141 0 0 0 0 0 0 0 407 2599 10997 bot 0 step 0
FT 701 11063 41 0 0 0 0 0 0 451 2619 10997 bot 11 step 17
FT 702 11028 35 0 0 0 0 0 0 550 2608 10997 bot 6 step 16
FT 702 11088 0 0 0 0 0 0 0 542 2585 10997 bot 0 step 0
FT 703 11163 35 0 0 0 0 0 0 425 2611 10997 bot 6 step 15
FT 704 11198 40 0 0 0 0 0 0 414 2644 10997 bot 8 step 19
FT 704 11032 0 0 0 0 0 0 0 414 2588 10997 bot 0 step 0
FT 705 11180 40 0 0 0 0 0 0 414 2572 10997 bot 7 step 19
FT 706 11214 42 0 0 0 0 0 0 409 2598 10997 bot 6 step 23
FT 706 10916 0 0 0 0 0 0 0 418 2604 10997 bot 0 step 0
FT 707 11180 36 0 0 0 0 0 0 493 2615 10997 bot 7 step 17
FT 708 11095 42 0 0 0 0 0 0 444 2601 10997 bot 6 step 20
FT 708 11007 0 0 0 0 0 0 0 560 2585 10997 bot 0 step 0
FT 709 11141 42 0 0 0 0 0 0 432 2581 10997 bot 7 step 21
FT 710 11077 35 0 0 0 0 0 0 423 2576 10997 bot 6 step 16
FT 710 11107 0 0 0 0 0 0 0 414 2585 10997 bot 0 step 0
FT 711 11286 41 0 0 0 0 0 0 435 2579 10997 bot 7 step 20
FT 712 10968 45 0 0 0 0 0 0 400 2589 10997 bot 7 step 24
FT 712 11151 0 0 0 0 0 0 0 446 2601 10997 bot 0 step 0
FT 713 11225 36 0 0 0 0 0 0 419 2605 10997 bot 7 step 17
FT 714 10797 35 0 0 0 0 0 0 455 2605 10997 bot 6 step 16
FT 714 11238 0 0 0 0 0 0 0 595 2595 10997 bot 0 step 0
FT 715 11122 35 0 0 0 0 0 0 453 2569 10997 bot 6 step 16
FT 716 11130 36 0 0 0 0 0 0 412 2589 10997 bot 7 step 16
FT 716 11045 0 0 0 0 0 0 0 426 2576 11015 bot 0 step 0
FT 717 11286 46 0 0 0 0 0 0 421 2581 11015 bot 7 step 24
FT 718 11157 44 0 0 0 0 0 0 395 2667 11015 bot 7 step 22
FT 718 11046 0 0 0 0 0 0 0 451 2638 11015 bot 0 step 0
FT 719 11085 35 0 0 0 0 0 0 472 2631 11015 bot 7 step 16
FT 720 11076 35 0 0 0 0 0 0 486 2618 11015 bot 6 step 17
FT 720 11031 0 0 0 0 0 0 0 569 2657 11015 bot 0 step 0
FT 721 11102 44 0 0 0 0 0 0 639 2581 11015 bot 7 step 19
FT 722 11174 54 0 0 0 0 0 0 423 2585 11015 bot 6 step 16
FT 722 10904 0 0 0 0 0 0 0 423 2578 11015 bot 0 step 0
FT 723 11306 49 0 0 0 0 0 0 407 2589 11015 bot 8 step 21
FT 724 11296 41 0 0 0 0 0 0 426 2586 11015 bot 8 step 19
FT 724 11061 0 0 0 0 0 0 0 439 2594 11015 bot 0 step 0
FT 725 11091 36 0 0 0 0 0 0 490 2595 11015 bot 6 step 17
FT 726 11086 35 0 0 0 0 0 0 503 2622 11015 bot 6 step 16
FT 726 10999 0 0 0 0 0 0 0 561 2644 11015 bot 0 step 0
FT 727 11193 35 0 0 0 0 0 0 418 2612 11015 bot 6 step 16
FT 728 10896 35 0 0 0 0 0 0 423 2608 11015 bot 6 step 16
FT 728 11090 0 0 0 0 0 0 0 423 2614 11015 bot 0 step 0
FT 729 11456 41 0 0 0 0 0 0 421 2619 11015 bot 7 step 20
FT 730 11089 48 0 0 0 0 0 0 458 2618 11015 bot 8 step 24
FT 730 11039 0 0 0 0 0 0 0 449 2630 11015 bot 0 step 0
FT 731 11223 35 0 0 0 0 0 0 465 2619 11015 bot 6 step 17
FT 732 11167 42 0 0 0 0 0 0 504 2634 11015 bot 8 step 20
FT 732 10952 0 0 0 0 0 0 0 670 3085 11015 bot 0 step 0
FT 733 11087 35 0 0 0 0 0 0 493 2578 11015 bot 7 step 16
FT 734 11124 35 0 0 0 0 0 0 428 2569 11015 bot 6 step 17
FT 734 11137 0 0 0 0 0 0 0 437 2565 11015 bot 0 step 0
FT 735 11118 42 0 0 0 0 0 0 418 2641 11015 bot 7 step 20
FT 736 11167 45 0 0 0 0 0 0 741 2592 11015 bot 8 step 22
FT 736 11091 0 0 0 0 0 0 0 472 2595 11015 bot 0 step 0
FT 737 11113 34 0 0 0 0 0 0 517 2585 11015 bot 6 step 16
FT 738 11057 34 0 0 0 0 0 0 579 2598 11015 bot 6 step 15
FT 738 11072 0 0 0 0 0 0 0 671 2605 11015 bot 0 step 0
FT 739 11136 36 0 0 0 0 0 0 629 2565 11015 bot 6 step 18
FT 740 11122 34 0 0 0 0 0 0 437 2575 11015 bot 6 step 16
FT 740 10964 0 0 0 0 0 0 0 439 2568 11015 bot 0 step 0
FT 741 11227 40 0 0 0 0 0 0 449 2572 11015 bot 6 step 19
FT 742 11063 40 0 0 0 0 0 0 428 2555 11015 bot 7 step 19
FT 742 11126 0 0 0 0 0 0 0 416 2572 11015 bot 0 step 0
FT 743 11106 34 0 0 0 0 0 0 432 2571 11015 bot 6 step 16
FT 744 11100 34 0 0 0 0 0 0 444 2615 11015 bot 6 step 16
FT 744 11054 0 0 0 0 0 0 0 527 2562 11015 bot 0 step 0
FT 745 11129 34 0 0 0 0 0 0 435 2553 11015 bot 6 step 16
FT 746 11113 34 0 0 0 0 0 0 430 2565 11015 bot 6 step 16
FT 746 10967 0 0 0 0 0 0 0 435 2562 11015 bot 0 step 0
FT 747 11189 48 0 0 0 0 0 0 437 2562 11015 bot 7 step 20
FT 748 11264 79 0 0 0 0 0 0 442 2565 11015 bot 8 step 28
FT 748 11012 0 0 0 0 0 0 0 428 2591 11015 bot 0 step 0
FT 749 11248 36 0 0 0 0 0 0 453 2581 11015 bot 7 step 17
FT 750 11042 39 0 0 0 0 0 0 465 2588 11015 bot 6 step 16
FT 750 11062 0 0 0 0 0 0 0 598 2555 11015 bot 0 step 0
FT 751 11168 37 0 0 0 0 0 0 444 2569 11015 bot 6 step 18
FT 752 11086 36 0 0 0 0 0 0 433 2569 11015 bot 6 step 17
FT 752 11132 0 0 0 0 0 0 0 435 2566 11015 bot 0 step 0
FT 753 11204 40 0 0 0 0 0 0 421 2569 11015 bot 7 step 20
FT 754 11115 64 0 0 0 0 0 0 418 2582 11015 bot 26 step 23
FT 754 11079 0 0 0 0 0 0 0 469 2585 11015 bot 0 step 0
FT 755 11098 35 0 0 0 0 0 0 476 2591 11015 bot 6 step 16
FT 756 11042 49 0 0 0 0 0 0 514 2601 11015 bot 7 step 24
FT 756 11070 0 0 0 0 0 0 0 646 2556 11015 bot 0 step 0
FT 757 11169 35 0 0 0 0 0 0 448 2563 11015 bot 6 step 15
FT 758 11050 34 0 0 0 0 0 0 444 2555 11015 bot 5 step 16
FT 758 11079 0 0 0 0 0 0 0 442 2569 11015 bot 0 step 0
FT 759 11382 60 0 0 0 0 0 0 439 2575 11015 bot 7 step 19
FT 760 11013 61 0 0 0 0 0 0 423 2575 11015 bot 7 step 38
FT 760 11017 0 0 0 0 0 0 0 485 2579 11015 bot 0 step 0
FT 761 11187 37 0 0 0 0 0 0 488 2581 11015 bot 8 step 16
FT 762 11056 35 0 0 0 0 0 0 476 2579 11015 bot 7 step 16
FT 762 11105 0 0 0 0 0 0 0 592 2609 11015 bot 0 step 0
FT 763 11166 34 0 0 0 0 0 0 444 2604 11015 bot 6 step 16
FT 764 11084 34 0 0 0 0 0 0 444 2625 11015 bot 6 step 16
FT 764 11273 0 0 1987 1 0 0 0 425 2641 11015 bot 0 step 0
FT 765 10846 34 0 0 0 0 0 0 532 2617 11015 bot 6 step 16
FT 766 11348 49 0 0 0 0 0 0 483 2617 11015 bot 7 step 28
FT 766 10983 0 0 0 0 0 0 0 425 2645 11015 bot 0 step 0
FT 767 11087 35 0 0 0 0 0 0 564 2634 11015 bot 6 step 16
FT 768 11022 43 0 0 0 0 0 0 497 2657 11015 bot 8 step 16
FT 768 11063 0 0 0 0 0 0 0 579 2641 11015 bot 0 step 0
FT 769 11257 38 0 0 0 0 0 0 509 2594 11015 bot 7 step 19
FT 770 11115 34 0 0 0 0 0 0 449 2572 11015 bot 6 step 15
FT 770 10998 0 0 0 0 0 0 0 448 2591 11015 bot 0 step 0
FT 771 11188 52 0 0 0 0 0 0 423 2586 11015 bot 8 step 20
FT 772 11366 36 0 0 0 0 0 0 428 2582 11015 bot 7 step 16
FT 772 10996 0 0 0 0 0 0 0 462 2586 11015 bot 0 step 0
FT 773 11113 44 0 0 0 0 0 0 611 2591 11015 bot 7 step 23
FT 774 11092 54 0 0 0 0 0 0 569 2585 11015 bot 6 step 16
FT 774 11007 0 0 0 0 0 0 0 607 2598 11015 bot 0 step 0
FT 775 11137 34 0 0 0 0 0 0 620 2607 11015 bot 6 step 16
FT 776 11084 39 0 0 0 0 0 0 444 2608 11015 bot 6 step 21
FT 776 10905 0 0 0 0 0 0 0 439 2615 10989 bot 0 step 0
FT 777 11278 41 0 0 0 0 0 0 430 2651 10989 bot 7 step 19
FT 778 11249 42 0 0 0 0 0 0 432 2637 10989 bot 8 step 20
FT 778 11058 0 0 0 0 0 0 0 432 2635 10989 bot 0 step 0
FT 779 11106 34 0 0 0 0 0 0 488 2628 10989 bot 7 step 15
FT 780 11105 36 0 0 0 0 0 0 497 2651 10989 bot 7 step 16
FT 780 10827 0 0 0 0 0 0 0 630 2625 10989 bot 0 step 0
FT 781 11450 36 0 0 0 0 0 0 662 2630 10989 bot 6 step 18
FT 782 11045 34 0 0 0 0 0 0 507 2588 10989 bot 6 step 16
FT 782 10942 0 0 0 0 0 0 0 433 2579 10989 bot 0 step 0
FT 783 11217 49 0 0 0 0 0 0 439 2589 10989 bot 9 step 21
FT 784 11268 51 0 0 0 0 0 0 423 2615 10989 bot 7 step 28
FT 784 10992 0 0 0 0 0 0 0 419 2615 10989 bot 0 step 0
FT 785 11175 36 0 0 0 0 0 0 509 2609 10989 bot 7 step 16
FT 786 11039 36 0 0 0 0 0 0 488 2615 10989 bot 7 step 16
FT 786 11193 0 0 0 0 0 0 0 597 2615 10989 bot 0 step 0
FT 787 11032 41 0 0 0 0 0 0 566 2642 10989 bot 6 step 22
FT 788 11052 35 0 0 0 0 0 0 458 2625 10989 bot 6 step 16
FT 788 11501 0 0 0 0 0 0 0 453 2638 10989 bot 0 step 0
FT 789 10867 39 0 0 0 0 0 0 437 2625 10989 bot 7 step 18
FT 790 11163 40 0 0 0 0 0 0 566 2657 10989 bot 7 step 18
FT 790 11040 0 0 0 0 0 0 0 472 2661 10989 bot 0 step 0
FT 791 11101 35 0 0 0 0 0 0 509 2657 10989 bot 7 step 16
FT 792 11112 35 0 0 0 0 0 0 512 2660 10989 bot 6 step 16
FT 792 11047 0 0 0 0 0 0 0 574 2657 10989 bot 0 step 0
FT 793 11130 37 0 0 0 0 0 0 601 2585 10989 bot 7 step 18
FT 794 11113 35 0 0 0 0 0 0 442 2607 10989 bot 7 step 16
FT 794 10997 0 0 0 0 0 0 0 442 2607 10989 bot 0 step 0
FT 795 11134 35 0 0 0 0 0 0 425 2625 10989 bot 6 step 16
FT 796 10991 51 0 0 0 0 0 0 425 2611 10989 bot 14 step 19
FT 796 11355 0 0 0 0 0 0 0 423 2650 10989 bot 0 step 0
FT 797 11074 41 0 0 0 0 0 0 421 2644 10989 bot 8 step 19
FT 798 11188 46 0 0 0 0 0 0 500 2647 10989 bot 7 step 22
FT 798 10959 0 0 0 0 0 0 0 513 2582 10989 bot 0 step 0
FT 799 11214 56 0 0 0 0 0 0 451 2581 10989 bot 6 step 17
FT 800 11100 40 0 0 0 0 0 0 439 2598 10989 bot 6 step 21
FT 800 10977 0 0 0 0 0 0 0 433 2592 10989 bot 0 step 0
FT 801 11295 42 0 0 0 0 0 0 421 2585 10989 bot 8 step 19
FT 802 11119 64 0 0 0 0 0 0 425 2608 10989 bot 7 step 41
FT 802 11067 0 0 0 0 0 0 0 465 2598 10989 bot 0 step 0
FT 803 11100 35 0 0 0 0 0 0 504 2624 10989 bot 6 step 16
FT 804 11071 34 0 0 0 0 0 0 495 2611 10989 bot 6 step 16
FT 804 11084 0 0 0 0 0 0 0 591 2581 10989 bot 0 step 0
FT 805 11166 39 0 0 0 0 0 0 488 2598 10989 bot 9 step 18
FT 806 11136 35 0 0 0 0 0 0 444 2585 10989 bot 6 step 17
FT 806 10793 0 0 0 0 0 0 0 441 2592 10989 bot 0 step 0
FT 807 11316 36 0 0 0 0 0 0 423 2588 10989 bot 7 step 16
FT 808 11234 58 0 0 0 0 0 0 446 2592 10989 bot 7 step 19
FT 808 11027 0 0 0 0 0 0 0 419 2617 10989 bot 0 step 0
FT 809 11138 41 0 0 0 0 0 0 476 2609 10989 bot 6 step 21
FT 810 11103 35 0 0 0 0 0 0 545 2615 10989 bot 6 step 16
FT 810 11093 0 0 0 0 0 0 0 546 2621 10989 bot 0 step 0
FT 811 11175 43 0 0 0 0 0 0 578 2598 10989 bot 7 step 24
FT 812 11075 35 0 0 0 0 0 0 439 2588 10989 bot 7 step 16
FT 812 10938 0 0 0 0 0 0 0 433 2589 10989 bot 0 step 0
FT 813 11131 41 0 0 0 0 0 0 435 2618 10989 bot 7 step 22
FT 814 11206 43 0 0 0 0 0 0 426 2584 10989 bot 7 step 21
FT 814 11206 0 0 0 0 0 0 0 425 2608 10989 bot 0 step 0
FT 815 11033 41 0 0 0 0 0 0 460 2617 10989 bot 7 step 20
FT 816 11120 35 0 0 0 0 0 0 509 2619 10989 bot 6 step 16
FT 816 11046 0 0 0 0 0 0 0 497 2638 10989 bot 0 step 0
FT 817 11154 35 0 0 0 0 0 0 565 2595 10989 bot 7 step 16
FT 818 11135 35 0 0 0 0 0 0 439 2595 10989 bot 7 step 16
FT 818 11012 0 0 0 0 0 0 0 428 2608 10989 bot 0 step 0
FT 819 11040 36 0 0 0 0 0 0 421 2614 10989 bot 7 step 16
FT 820 11424 44 0 0 0 0 0 0 423 2596 10989 bot 7 step 21
FT 820 10876 0 0 0 0 0 0 0 444 2625 10989 bot 0 step 0
FT 821 11296 35 0 0 0 0 0 0 517 2602 10989 bot 6 step 16
FT 822 11087 35 0 0 0 0 0 0 486 2618 10989 bot 7 step 16
FT 822 10974 0 0 0 0 0 0 0 607 2614 10989 bot 0 step 0
FT 823 11192 35 0 0 0 0 0 0 578 2594 10989 bot 7 step 16
FT 824 11083 34 0 0 0 0 0 0 437 2605 10989 bot 6 step 16
FT 824 18523 0 0 0 0 0 0 0 435 2601 10989 bot 0 step 0
FT 825 3921 85 0 0 0 0 0 0 432 2595 10989 bot 7 step 19
FT 826 10891 44 0 0 0 0 0 0 465 2605 10989 bot 7 step 22
FT 826 10933 0 0 0 0 0 0 0 545 2628 10989 bot 0 step 0
FT 827 11372 34 0 0 0 0 0 0 467 2604 10989 bot 6 step 16
FT 828 11106 36 0 0 0 0 0 0 423 2624 10989 bot 7 step 16
FT 828 11038 0 0 0 0 0 0 0 574 2625 10989 bot 0 step 0
FT 829 11052 42 0 0 0 0 0 0 607 2604 10989 bot 7 step 17
FT 830 11175 33 0 0 0 0 0 0 442 2608 10989 bot 7 step 14
FT 830 10948 0 0 0 0 0 0 0 442 2611 10989 bot 0 step 0
FT 831 11261 33 0 0 0 0 0 0 425 2608 10989 bot 6 step 14
FT 832 11263 41 0 0 0 0 0 0 418 2618 10989 bot 8 step 19
FT 832 11083 0 0 0 0 0 0 0 432 2645 10989 bot 0 step 0
FT 833 11041 33 0 0 0 0 0 0 486 2617 10989 bot 6 step 15
FT 834 11089 33 0 0 0 0 0 0 535 2621 10989 bot 6 step 15
FT 834 11095 0 0 0 0 0 0 0 538 2638 10989 bot 0 step 0
FT 835 11134 32 0 0 0 0 0 0 620 2604 10989 bot 6 step 15
FT 836 11086 37 0 0 0 0 0 0 439 2619 10989 bot 5 step 15
FT 836 10884 0 0 0 0 0 0 0 458 2615 10989 bot 0 step 0
FT 837 11212 40 0 0 0 0 0 0 446 2605 10989 bot 7 step 16
FT 838 11313 38 0 0 0 0 0 0 446 2605 10989 bot 7 step 17
FT 838 11082 0 0 0 0 0 0 0 430 2635 10989 bot 0 step 0
FT 839 10870 33 0 0 0 0 0 0 479 2631 10989 bot 5 step 16
FT 840 11278 34 0 0 0 0 0 0 483 2622 10989 bot 6 step 15
FT 840 11223 0 0 0 0 0 0 0 451 2621 10989 bot 0 step 0
FT 841 11124 45 0 0 0 0 0 0 648 2592 10989 bot 5 step 27
FT 842 11088 38 0 0 0 0 0 0 442 2605 10989 bot 6 step 15
FT 842 10980 0 0 0 0 0 0 0 423 2621 10989 bot 0 step 0
FT 843 11097 34 0 0 0 0 0 0 421 2622 10989 bot 6 step 15
FT 844 11437 36 0 0 0 0 0 0 426 2602 10989 bot 6 step 17
FT 844 10985 0 0 0 0 0 0 0 423 2619 10989 bot 0 step 0
FT 845 11042 33 0 0 0 0 0 0 601 2638 10989 bot 6 step 15
FT 846 11046 34 0 0 0 0 0 0 560 2628 10989 bot 6 step 15
FT 846 11181 0 0 0 0 0 0 0 569 2622 10989 bot 0 step 0
FT 847 11171 57 0 0 0 0 0 0 564 2599 10989 bot 6 step 39
FT 848 11042 40 0 0 0 0 0 0 441 2607 10989 bot 6 step 22
FT 848 10953 0 0 0 0 0 0 0 437 2608 10989 bot 0 step 0
FT 849 11306 310 0 0 0 0 0 0 430 2598 10989 bot 6 step 17
FT 850 11160 49 0 0 0 0 0 0 428 2663 10989 bot 7 step 21
FT 850 11028 0 0 0 0 0 0 0 542 2622 10989 bot 0 step 0
FT 851 11105 45 0 0 0 0 0 0 541 2671 10989 bot 10 step 20
FT 852 11054 39 0 0 0 0 0 0 513 2670 10989 bot 6 step 20
FT 852 11109 0 0 0 0 0 0 0 574 2680 10989 bot 0 step 0
FT 853 11200 34 0 0 0 0 0 0 573 2598 10989 bot 5 step 16
FT 854 11009 35 0 0 0 0 0 0 451 2607 10989 bot 6 step 17
FT 854 11020 0 0 0 0 0 0 0 425 2602 10989 bot 0 step 0
FT 855 11005 36 0 0 0 0 0 0 426 2607 10989 bot 7 step 17
FT 856 11398 48 0 0 0 0 0 0 425 2588 10989 bot 6 step 26
FT 856 10981 0 0 0 0 0 0 0 419 2628 10989 bot 0 step 0
FT 857 11141 41 0 0 0 0 0 0 483 2622 10989 bot 7 step 21
FT 858 11170 36 0 0 0 0 0 0 485 2609 10989 bot 6 step 18
FT 858 11056 0 0 0 0 0 0 0 544 2631 10989 bot 0 step 0
FT 859 11197 37 0 0 0 0 0 0 639 2601 10989 bot 6 step 19
FT 860 11100 41 0 0 0 0 0 0 437 2608 10989 bot 6 step 23
FT 860 10960 0 0 0 0 0 0 0 432 2605 10989 bot 0 step 0
FT 861 11219 36 0 0 0 0 0 0 430 2601 10989 bot 6 step 18
FT 862 11266 43 0 0 0 0 0 0 425 2619 10989 bot 6 step 22
FT 862 10924 0 0 0 0 0 0 0 439 2619 10989 bot 0 step 0
FT 863 11077 38 0 0 0 0 0 0 541 2667 10989 bot 6 step 20
FT 864 11309 37 0 0 0 0 0 0 476 2651 10989 bot 6 step 18
FT 864 10985 0 0 0 0 0 0 0 518 2680 10989 bot 0 step 0
FT 865 11169 36 0 0 0 0 0 0 671 2604 10989 bot 6 step 18
FT 866 11082 41 0 0 0 0 0 0 435 2599 10989 bot 6 step 23
FT 866 11000 0 0 0 0 0 0 0 425 2609 10989 bot 0 step 0
FT 867 11092 38 0 0 0 0 0 0 426 2627 10989 bot 6 step 19
FT 868 11387 51 0 0 0 0 0 0 425 2624 10989 bot 8 step 26
FT 868 10990 0 0 0 0 0 0 0 456 2631 10989 bot 0 step 0
FT 869 11168 34 0 0 0 0 0 0 574 2622 10989 bot 6 step 17
FT 870 10998 39 0 0 0 0 0 0 509 2648 10989 bot 5 step 21
FT 870 11089 0 0 0 0 0 0 0 607 2634 10989 bot 0 step 0
FT 871 11177 41 0 0 0 0 0 0 600 2609 10989 bot 10 step 18
FT 872 11063 35 0 0 0 0 0 0 444 2621 10989 bot 6 step 16
FT 872 11021 0 0 0 0 0 0 0 430 2631 10989 bot 0 step 0
FT 873 11032 35 0 0 0 0 0 0 425 2621 10989 bot 6 step 17
FT 874 11437 67 0 0 0 0 0 0 423 2618 10989 bot 7 step 24
FT 874 11037 0 0 0 0 0 0 0 425 2641 10989 bot 0 step 0
FT 875 11133 36 0 0 0 0 0 0 531 2631 10989 bot 6 step 17
FT 876 10994 34 0 0 0 0 0 0 504 2631 10989 bot 6 step 17
FT 876 11021 0 0 0 0 0 0 0 573 2641 10989 bot 0 step 0
FT 877 11254 35 0 0 0 0 0 0 580 2614 10989 bot 5 step 17
FT 878 11062 36 0 0 0 0 0 0 437 2625 10989 bot 6 step 18
FT 878 11004 0 0 0 0 0 0 0 423 2615 10989 bot 0 step 0
FT 879 11214 35 0 0 0 0 0 0 428 2615 10989 bot 6 step 17
FT 880 11356 49 0 0 0 0 0 0 425 2624 10989 bot 7 step 27
FT 880 10974 0 0 0 0 0 0 0 428 2688 10989 bot 0 step 0
FT 881 10891 54 0 0 0 0 0 0 750 2638 10989 bot 7 step 19
FT 882 11231 35 0 0 0 0 0 0 495 2635 10989 bot 6 step 17
FT 882 11045 0 0 0 0 0 0 0 462 2688 10989 bot 0 step 0
FT 883 11240 39 0 0 0 0 0 0 441 2677 10989 bot 6 step 22
FT 884 11010 36 0 0 0 0 0 0 501 2681 10989 bot 6 step 17
FT 884 10923 0 0 0 0 0 0 0 463 2681 10989 bot 0 step 0
FT 885 11270 36 0 0 0 0 0 0 476 2663 10989 bot 5 step 18
FT 886 11151 37 0 0 0 0 0 0 460 2642 10989 bot 6 step 19
FT 886 11172 0 0 0 0 0 0 0 419 2668 10989 bot 0 step 0
FT 887 11116 40 0 0 0 0 0 0 451 2676 10989 bot 7 step 20
FT 888 11048 36 0 0 0 0 0 0 536 2667 10989 bot 6 step 17
FT 888 11121 0 0 0 0 0 0 0 509 2661 10989 bot 0 step 0
FT 889 11198 38 0 0 0 0 0 0 620 2648 10989 bot 6 step 20
FT 890 11014 35 0 0 0 0 0 0 441 2634 10989 bot 6 step 17
FT 890 11034 0 0 0 0 0 0 0 428 2644 10989 bot 0 step 0
FT 891 11185 39 0 0 0 0 0 0 421 2648 10989 bot 6 step 21
FT 892 11142 40 0 0 0 0 0 0 419 2640 10989 bot 6 step 20
FT 892 11143 0 0 0 0 0 0 0 421 2657 10989 bot 0 step 0
FT 893 11136 41 0 0 0 0 0 0 456 2658 10989 bot 7 step 22
FT 894 11014 37 0 0 0 0 0 0 495 2663 10989 bot 6 step 18
FT 894 11023 0 0 0 0 0 0 0 564 2664 10989 bot 0 step 0
FT 895 11253 36 0 0 0 0 0 0 570 2657 10989 bot 7 step 16
FT 896 11064 34 0 0 0 0 0 0 446 2661 10989 bot 6 step 16
FT 896 11024 0 0 0 0 0 0 0 449 2631 10972 bot 0 step 0
FT 897 11232 36 0 0 0 0 0 0 428 2667 10972 bot 6 step 17
FT 898 11275 65 0 0 0 0 0 0 430 2654 10972 bot 7 step 20
FT 898 10960 0 0 0 0 0 0 0 446 2680 10972 bot 0 step 0
FT 899 11180 42 0 0 0 0 0 0 547 2680 10972 bot 7 step 18
FT 900 11040 37 0 0 0 0 0 0 501 2673 10972 bot 6 step 18
FT 900 11096 0 0 0 0 0 0 0 606 2678 10972 bot 0 step 0
FT 901 11185 37 0 0 0 0 0 0 675 2650 10972 bot 6 step 19
FT 902 11040 36 0 0 0 0 0 0 439 2648 10972 bot 6 step 18
FT 902 11074 0 0 0 0 0 0 0 425 2644 10972 bot 0 step 0
FT 903 10946 36 0 0 0 0 0 0 425 2660 10972 bot 6 step 18
FT 904 11148 39 0 0 0 0 0 0 423 2653 10972 bot 6 step 20
FT 904 11375 0 0 0 0 0 0 0 437 2640 10972 bot 0 step 0
FT 905 11146 36 0 0 0 0 0 0 423 2667 10972 bot 7 step 17
FT 906 10950 37 0 0 0 0 0 0 540 2671 10972 bot 6 step 18
FT 906 11065 0 0 0 0 0 0 0 633 2674 10972 bot 0 step 0
FT 907 11090 43 0 0 0 0 0 0 574 2637 10972 bot 7 step 18
FT 908 11096 42 0 0 0 0 0 0 456 2642 10972 bot 7 step 18
FT 908 11057 0 0 0 0 0 0 0 437 2641 10972 bot 0 step 0
FT 909 11181 36 0 0 0 0 0 0 470 2634 10972 bot 6 step 18
FT 910 11145 42 0 0 0 0 0 0 421 2641 10972 bot 7 step 21
FT 910 11122 0 0 0 0 0 0 0 428 2664 10972 bot 0 step 0
FT 911 11171 49 0 0 0 0 0 0 477 2655 10972 bot 7 step 28
FT 912 11091 36 0 0 0 0 0 0 458 2661 10972 bot 6 step 18
FT 912 11021 0 0 0 0 0 0 0 521 2677 10972 bot 0 step 0
FT 913 11239 44 0 0 0 0 0 0 602 2645 10972 bot 6 step 26
FT 914 11090 35 0 0 0 0 0 0 486 2644 10972 bot 6 step 17
FT 914 10993 0 0 0 0 0 0 0 437 2729 10972 bot 0 step 0
FT 915 11159 36 0 0 0 0 0 0 425 2723 10972 bot 6 step 17
FT 916 11345 44 0 0 0 0 0 0 423 2706 10972 bot 6 step 23
FT 916 11025 0 0 0 0 0 0 0 446 2714 10972 bot 0 step 0
FT 917 11105 36 0 0 0 0 0 0 549 2710 10972 bot 7 step 16
FT 918 11021 34 0 0 0 0 0 0 542 2664 10972 bot 6 step 17
FT 918 10866 0 0 0 0 0 0 0 658 2657 10972 bot 0 step 0
FT 919 11088 44 0 0 0 0 0 0 583 2684 10972 bot 7 step 20
FT 920 11207 36 0 0 0 0 0 0 527 2707 10972 bot 6 step 17
FT 920 11043 0 0 0 0 0 0 0 451 2694 10972 bot 0 step 0
FT 921 11310 39 0 0 0 0 0 0 490 2697 10972 bot 6 step 21
FT 922 11196 60 0 0 0 0 0 0 453 2684 10972 bot 6 step 17
FT 922 11134 0 0 0 0 0 0 0 419 2691 10972 bot 0 step 0
FT 923 11141 35 0 0 0 0 0 0 479 2670 10972 bot 6 step 18
FT 924 10995 35 0 0 0 0 0 0 507 2664 10972 bot 6 step 18
FT 924 10908 0 0 0 0 0 0 0 625 2687 10972 bot 0 step 0
FT 925 11429 58 0 0 0 0 0 0 555 2697 10972 bot 7 step 20
FT 926 10944 42 0 0 0 0 0 0 513 2676 10972 bot 7 step 18
FT 926 10965 0 0 0 0 0 0 0 425 2667 10972 bot 0 step 0
FT 927 11261 37 0 0 0 0 0 0 462 2653 10972 bot 6 step 19
FT 928 11092 36 0 0 0 0 0 0 444 2664 10972 bot 6 step 18
FT 928 11297 0 0 0 0 0 0 0 469 2651 10972 bot 0 step 0
FT 929 11057 42 0 0 0 0 0 0 430 2677 10972 bot 7 step 21
FT 930 10998 47 0 0 0 0 0 0 579 2677 10972 bot 8 step 20
FT 930 11102 0 0 0 0 0 0 0 623 2667 10972 bot 0 step 0
FT 931 11187 37 0 0 0 0 0 0 501 2680 10972 bot 7 step 19
FT 932 10995 44 0 0 0 0 0 0 723 2680 10972 bot 7 step 18
FT 932 11065 0 0 0 0 0 0 0 518 2687 10972 bot 0 step 0
FT 933 11188 39 0 0 0 0 0 0 437 2687 10972 bot 7 step 19
FT 934 11214 42 0 0 0 0 0 0 428 2684 10972 bot 7 step 22
FT 934 11200 0 0 0 0 0 0 0 425 2697 10972 bot 0 step 0
FT 935 11017 40 0 0 0 0 0 0 479 2694 10972 bot 6 step 20
FT 936 10924 34 0 0 0 0 0 0 586 2706 10972 bot 6 step 16
FT 936 11182 0 0 0 0 0 0 0 611 2701 10972 bot 0 step 0
FT 937 11057 39 0 0 0 0 0 0 493 2641 10972 bot 6 step 21
FT 938 11315 69 0 0 0 0 0 0 432 2644 10972 bot 7 step 32
FT 938 10972 0 0 0 0 0 0 0 444 2651 10972 bot 0 step 0
FT 939 11091 38 0 0 0 0 0 0 465 2634 10972 bot 6 step 21
FT 940 11333 75 0 0 0 0 0 0 430 2653 10972 bot 7 step 52
FT 940 11173 0 0 0 0 0 0 0 437 2651 10972 bot 0 step 0
FT 941 11017 50 0 0 0 0 0 0 527 2654 10972 bot 7 step 25
FT 942 11044 39 0 0 0 0 0 0 595 2657 10972 bot 6 step 21
FT 942 11066 0 0 0 0 0 0 0 698 2647 10972 bot 0 step 0
FT 943 11168 41 0 0 0 0 0 0 603 2677 10972 bot 6 step 23
FT 944 11095 35 0 0 0 0 0 0 607 2638 10972 bot 6 step 17
FT 944 10833 0 0 0 0 0 0 0 432 2641 10972 bot 0 step 0
FT 945 11312 40 0 0 0 0 0 0 433 2638 10972 bot 6 step 23
FT 946 11341 70 0 0 0 0 0 0 451 2628 10972 bot 9 step 24
FT 946 11041 0 0 0 0 0 0 0 432 2661 10972 bot 0 step 0
FT 947 10905 86 0 0 0 0 0 0 569 2648 10972 bot 8 step 52
FT 948 11133 50 0 0 0 0 0 0 536 2658 10972 bot 7 step 23
FT 948 11103 0 0 0 0 0 0 0 504 2650 10972 bot 0 step 0
FT 949 11034 42 0 0 0 0 0 0 545 2638 10972 bot 6 step 24
FT 950 11253 36 0 0 0 0 0 0 508 2628 10972 bot 6 step 18
FT 950 10923 0 0 0 0 0 0 0 455 2634 10972 bot 0 step 0
FT 951 11279 36 0 0 0 0 0 0 483 2631 10972 bot 6 step 18
FT 952 11164 48 0 0 0 0 0 0 446 2631 10972 bot 7 step 27
FT 952 11214 0 0 0 0 0 0 0 435 2651 10972 bot 0 step 0
FT 953 11082 41 0 0 0 0 0 0 492 2650 10972 bot 6 step 22
FT 954 11184 36 0 0 0 0 0 0 603 2650 10972 bot 6 step 18
FT 954 11088 0 0 0 0 0 0 0 644 2661 10972 bot 0 step 0
FT 955 11058 35 0 0 0 0 0 0 669 2644 10972 bot 6 step 17
FT 956 11100 35 0 0 0 0 0 0 607 2618 10972 bot 6 step 17
FT 956 10912 0 0 0 0 0 0 0 433 2619 11008 bot 0 step 0
FT 957 11061 35 0 0 0 0 0 0 428 2615 11008 bot 6 step 17
FT 958 11305 35 0 0 0 0 0 0 437 2621 11008 bot 6 step 17
FT 958 10988 0 0 0 0 0 0 0 428 2640 11008 bot 0 step 0
FT 959 19275 51 0 0 0 0 0 0 465 2638 11008 bot 8 step 23
FT 960 2873 39 0 0 0 0 0 0 486 2631 11008 bot 6 step 20
FT 960 11306 0 0 0 0 0 0 0 544 2631 11008 bot 0 step 0
FT 961 11148 36 0 0 0 0 0 0 579 2599 11008 bot 6 step 18
FT 962 11020 36 0 0 0 0 0 0 449 2634 11008 bot 6 step 18
FT 962 11014 0 0 0 0 0 0 0 435 2601 11008 bot 0 step 0
FT 963 11197 39 0 0 0 0 0 0 463 2619 11008 bot 6 step 20
FT 964 11242 43 0 0 0 0 0 0 421 2664 11008 bot 6 step 23
FT 964 10881 0 0 0 0 0 0 0 435 2684 11008 bot 0 step 0
FT 965 11118 52 0 0 0 0 0 0 513 2688 11008 bot 8 step 24
FT 966 11076 42 0 0 0 0 0 0 486 2677 11008 bot 7 step 22
FT 966 11222 0 0 0 0 0 0 0 467 2671 11008 bot 0 step 0
FT 967 11063 42 0 0 0 0 0 0 456 2661 11008 bot 7 step 17
FT 968 11226 42 0 0 0 0 0 0 570 2641 11008 bot 6 step 23
FT 968 10820 0 0 0 0 0 0 0 442 2640 11008 bot 0 step 0
FT 969 11404 36 0 0 0 0 0 0 467 2622 11008 bot 6 step 18
FT 970 11091 43 0 0 0 0 0 0 455 2632 11008 bot 7 step 22
FT 970 10930 0 0 0 0 0 0 0 430 2655 11008 bot 0 step 0
FT 971 11366 65 0 0 0 0 0 0 481 2638 11008 bot 6 step 21
FT 972 11083 43 0 0 0 0 0 0 426 2653 11008 bot 6 step 24
FT 972 11000 0 0 0 0 0 0 0 617 2644 11008 bot 0 step 0
FT 973 11242 37 0 0 0 0 0 0 592 2665 11008 bot 6 step 18
FT 974 11058 40 0 0 0 0 0 0 587 2661 11008 bot 6 step 22
FT 974 11061 0 0 0 0 0 0 0 433 2680 11008 bot 0 step 0
FT 975 11105 35 0 0 0 0 0 0 432 2655 11008 bot 6 step 17
FT 976 11312 47 0 0 0 0 0 0 428 2657 11008 bot 7 step 25
FT 976 10863 0 0 0 0 0 0 0 423 2684 11008 bot 0 step 0
FT 977 11221 40 0 0 0 0 0 0 497 2677 11008 bot 6 step 20
FT 978 11119 39 0 0 0 0 0 0 442 2676 11008 bot 7 step 20
FT 978 11030 0 0 0 0 0 0 0 479 2661 11008 bot 0 step 0
FT 979 11454 52 0 0 0 0 0 0 518 2691 11008 bot 8 step 27
FT 980 10785 35 0 0 0 0 0 0 546 3131 11008 bot 5 step 17
FT 980 10988 0 0 0 0 0 0 0 1067 2617 11008 bot 0 step 0
FT 981 11190 37 0 0 0 0 0 0 500 2615 11008 bot 6 step 18
FT 982 11302 57 0 0 0 0 0 0 460 2637 11008 bot 7 step 21
FT 982 10930 0 0 0 0 0 0 0 425 2648 11008 bot 0 step 0
FT 983 11257 43 0 0 0 0 0 0 467 2638 11008 bot 7 step 22
FT 984 11112 35 0 0 0 0 0 0 439 2631 11008 bot 6 step 17
FT 984 10944 0 0 0 0 0 0 0 547 2642 11008 bot 0 step 0
FT 985 11176 41 0 0 0 0 0 0 556 2641 11008 bot 6 step 23
FT 986 11058 36 0 0 0 0 0 0 497 2615 11008 bot 6 step 18
FT 986 11043 0 0 0 0 0 0 0 442 2631 11008 bot 0 step 0
FT 987 11050 43 0 0 0 0 0 0 509 2628 11008 bot 7 step 18
FT 988 11176 35 0 0 0 0 0 0 448 2614 11008 bot 6 step 18
FT 988 11251 0 0 0 0 0 0 0 430 2617 11008 bot 0 step 0
FT 989 11123 45 0 0 0 0 0 0 425 2631 11008 bot 9 step 21
FT 990 11043 40 0 0 0 0 0 0 451 2648 11008 bot 6 step 20
FT 990 10965 0 0 0 0 0 0 0 477 2644 11008 bot 0 step 0
FT 991 11235 45 0 0 0 0 0 0 474 2644 11008 bot 7 step 20
FT 992 11188 41 0 0 0 0 0 0 486 2630 11008 bot 6 step 23
FT 992 11053 0 0 0 0 0 0 0 435 2625 11008 bot 0 step 0
FT 993 12663 1585 0 0 0 0 0 0 483 2641 11008 bot 1537 step 23
FT 994 9721 43 0 0 0 0 0 0 430 2638 11008 bot 6 step 24
FT 994 10909 0 0 0 0 0 0 0 505 2638 11008 bot 0 step 0
FT 995 11289 36 0 0 0 0 0 0 460 2642 11008 bot 5 step 18
FT 996 10901 35 0 0 0 0 0 0 444 2641 11008 bot 6 step 17
FT 996 11150 0 0 0 0 0 0 0 611 2641 11008 bot 0 step 0
FT 997 11254 63 0 0 0 0 0 0 456 2647 11008 bot 6 step 27
FT 998 10993 43 0 0 0 0 0 0 503 2628 11008 bot 7 step 19
FT 998 11061 0 0 0 0 0 0 0 446 2604 11008 bot 0 step 0
FT 999 11180 41 0 0 0 0 0 0 500 2598 11008 bot 6 step 23
FT 1000 11111 36 0 0 0 0 0 0 428 2605 11008 bot 6 step 18
FT 1000 11298 0 0 0 0 0 0 0 418 2602 11008 bot 0 step 0
FT 1001 11033 39 0 0 0 0 0 0 423 2627 11008 bot 6 step 21
FT 1002 11109 35 0 0 0 0 0 0 509 2619 11008 bot 6 step 17
FT 1002 11020 0 0 0 0 0 0 0 643 2631 11008 bot 0 step 0
FT 1003 11197 35 0 0 0 0 0 0 578 2628 11008 bot 6 step 17
FT 1004 11068 35 0 0 0 0 0 0 556 2621 11008 bot 6 step 17
FT 1004 11020 0 0 0 0 0 0 0 446 2607 11008 bot 0 step 0
FT 1005 11195 53 0 0 0 0 0 0 458 2601 11008 bot 4 step 20
FT 1006 11296 43 0 0 0 0 0 0 421 2621 11008 bot 5 step 23
FT 1006 10722 0 0 0 0 0 0 0 437 2628 11008 bot 0 step 0
FT 1007 11358 40 0 0 0 0 0 0 508 2611 11008 bot 6 step 20
FT 1008 10916 33 0 0 0 0 0 0 423 2641 11008 bot 5 step 16
FT 1008 11225 0 0 0 0 0 0 0 617 2628 11008 bot 0 step 0
FT 1009 12799 1603 0 0 0 0 0 0 463 2637 11008 bot 1555 step 26
FT 1010 9511 33 0 0 0 0 0 0 549 2655 11008 bot 4 step 17
FT 1010 10972 0 0 0 0 0 0 0 483 2631 11008 bot 0 step 0
FT 1011 11114 34 0 0 0 0 0 0 418 2677 11008 bot 5 step 17
FT 1012 11378 41 0 0 0 0 0 0 418 2674 11008 bot 6 step 21
FT 1012 11051 0 0 0 0 0 0 0 435 2694 11008 bot 0 step 0
FT 1013 13359 48 0 2212 1 0 0 0 500 2690 11008 bot 6 step 29
FT 1014 9035 39 0 0 0 0 0 0 521 2746 11008 bot 5 step 22
FT 1014 10710 0 0 0 0 0 0 0 564 2696 11008 bot 0 step 0
FT 1015 11069 57 0 0 0 0 0 0 688 2694 11008 bot 5 step 35
FT 1016 10943 39 0 0 0 0 0 0 240 2398 11008 bot 5 step 21
FT 1016 10959 0 0 0 0 0 0 0 289 2394 11012 bot 0 step 0
FT 1017 11379 37 0 0 0 0 0 0 247 2397 11012 bot 5 step 21
FT 1018 11045 50 0 0 0 0 0 0 244 2384 11012 bot 5 step 31
FT 1018 11111 0 0 0 0 0 0 0 246 2391 11012 bot 0 step 0
FT 1019 11135 40 0 0 0 0 0 0 261 2400 11012 bot 6 step 21
FT 1020 11216 40 0 0 0 0 0 0 243 2388 11012 bot 6 step 20
FT 1020 11021 0 0 0 0 0 0 0 243 2398 11012 bot 0 step 0
FT 1021 11173 36 0 0 0 0 0 0 282 2381 11012 bot 5 step 19
FT 1022 11141 35 0 0 0 0 0 0 259 2381 11012 bot 6 step 17
FT 1022 11115 0 0 0 0 0 0 0 243 2404 11012 bot 0 step 0
FT 1023 11122 60 0 0 0 0 0 0 340 2380 11012 bot 5 step 18
FT 1024 12638 1731 0 0 0 0 0 0 246 2381 11012 bot 1681 step 19
FT 1024 9606 0 0 0 0 0 0 0 224 2391 11012 bot 0 step 0
FT 1025 11065 47 0 0 0 0 0 0 435 2598 11012 bot 5 step 27
FT 1026 11062 61 0 0 0 0 0 0 244 2361 11012 bot 5 step 21
FT 1026 11027 0 0 0 0 0 0 0 256 2394 11012 bot 0 step 0
FT 1027 11235 39 0 0 0 0 0 0 246 2388 11012 bot 5 step 17
FT 1028 11052 34 0 0 0 0 0 0 241 2401 11012 bot 5 step 17
FT 1028 11157 0 0 0 0 0 0 0 246 2407 11012 bot 0 step 0
FT 1029 11159 34 0 0 0 0 0 0 326 2382 11012 bot 5 step 17
FT 1030 11132 40 0 0 0 0 0 0 264 2385 11012 bot 5 step 20
FT 1030 10772 0 0 0 0 0 0 0 245 2378 11012 bot 0 step 0
FT 1031 11493 51 0 0 0 0 0 0 244 2385 11012 bot 8 step 26
FT 1032 10785 33 0 0 0 0 0 0 280 2388 11012 bot 5 step 17
FT 1032 11271 0 0 0 0 0 0 0 245 2388 11012 bot 0 step 0
FT 1033 10884 49 0 0 0 0 0 0 241 2388 11012 bot 5 step 30
FT 1034 11231 47 0 0 0 0 0 0 243 2382 11012 bot 7 step 21
FT 1034 10984 0 0 0 0 0 0 0 245 2385 11012 bot 0 step 0
FT 1035 11411 33 0 0 0 0 0 0 240 2385 11012 bot 5 step 16
FT 1036 11067 79 0 0 0 0 0 0 244 2423 11012 bot 5 step 42
FT 1036 10988 0 0 0 0 0 0 0 245 2381 11012 bot 0 step 0
FT 1037 11017 36 0 0 0 0 0 0 222 2397 11012 bot 5 step 19
FT 1038 11334 64 0 0 0 0 0 0 216 2385 11012 bot 24 step 25
FT 1038 11181 0 0 0 0 0 0 0 209 2428 11012 bot 0 step 0
FT 1039 11205 40 0 0 0 0 0 0 504 2630 11012 bot 6 step 21
FT 1040 11111 42 0 0 0 0 0 0 483 2664 11012 bot 5 step 24
FT 1040 11049 0 0 0 0 0 0 0 574 2624 11012 bot 0 step 0
FT 1041 11100 38 0 0 0 0 0 0 421 2641 11012 bot 5 step 20
FT 1042 11173 39 0 0 0 0 0 0 416 2627 11012 bot 5 step 19
FT 1042 11121 0 0 0 0 0 0 0 412 2634 11012 bot 0 step 0
FT 1043 11129 38 0 0 0 0 0 0 412 2638 11012 bot 5 step 18
FT 1044 10940 47 0 0 0 0 0 0 441 2638 11012 bot 6 step 20
FT 1044 11204 0 0 0 0 0 0 0 573 2637 11012 bot 0 step 0
FT 1045 11170 54 0 0 0 0 0 0 465 2653 11012 bot 5 step 15
FT 1046 11221 32 0 0 0 0 0 0 537 2637 11012 bot 5 step 15
FT 1046 10894 0 0 0 0 0 0 0 428 2661 11012 bot 0 step 0
FT 1047 11070 33 0 0 0 0 0 0 414 2628 11012 bot 5 step 15
FT 1048 11076 33 0 0 0 0 0 0 423 2612 11012 bot 5 step 16
FT 1048 11115 0 0 0 0 0 0 0 425 2614 11012 bot 0 step 0
FT 1049 11249 41 0 0 0 0 0 0 416 2618 11012 bot 6 step 18
FT 1050 11099 44 0 0 0 0 0 0 419 2634 11012 bot 5 step 24
FT 1050 11103 0 0 0 0 0 0 0 435 2641 11012 bot 0 step 0
FT 1051 11206 35 0 0 0 0 0 0 495 2653 11012 bot 6 step 16
FT 1052 11101 33 0 0 0 0 0 0 495 2625 11012 bot 6 step 14
FT 1052 10994 0 0 0 0 0 0 0 563 2608 11012 bot 0 step 0
FT 1053 11205 40 0 0 0 0 0 0 426 2595 11012 bot 7 step 19
FT 1054 11127 42 0 0 0 0 0 0 414 2601 11012 bot 7 step 20
FT 1054 11094 0 0 0 0 0 0 0 411 2615 11012 bot 0 step 0
FT 1055 11138 37 0 0 0 0 0 0 428 2621 11012 bot 6 step 16
FT 1056 11105 43 0 0 0 0 0 0 421 2611 11012 bot 7 step 23
FT 1056 11046 0 0 0 0 0 0 0 474 2607 11012 bot 0 step 0
FT 1057 11192 33 0 0 0 0 0 0 507 2625 11012 bot 6 step 14
FT 1058 11099 33 0 0 0 0 0 0 486 2621 11012 bot 6 step 14
FT 1058 11003 0 0 0 0 0 0 0 602 2615 11012 bot 0 step 0
FT 1059 11157 35 0 0 0 0 0 0 416 2618 11012 bot 6 step 17
FT 1060 11086 33 0 0 0 0 0 0 405 2653 11012 bot 6 step 14
FT 1060 10987 0 0 0 0 0 0 0 472 2648 11012 bot 0 step 0
FT 1061 11435 40 0 0 0 0 0 0 435 2609 11012 bot 7 step 18
FT 1062 11063 36 0 0 0 0 0 0 405 2632 11012 bot 6 step 16
FT 1062 10943 0 0 0 0 0 0 0 497 2621 11012 bot 0 step 0
FT 1063 10969 34 0 0 0 0 0 0 483 2631 11012 bot 6 step 15
FT 1064 11103 33 0 0 0 0 0 0 476 2632 11012 bot 6 step 14
FT 1064 11004 0 0 0 0 0 0 0 467 2637 11012 bot 0 step 0
FT 1065 11313 32 0 0 0 0 0 0 493 2614 11012 bot 6 step 14
FT 1066 11181 36 0 0 0 0 0 0 425 2647 11012 bot 6 step 17
FT 1066 11095 0 0 0 0 0 0 0 416 2614 11012 bot 0 step 0
FT 1067 11273 38 0 0 0 0 0 0 412 2605 11012 bot 7 step 17
FT 1068 11038 43 0 0 0 0 0 0 409 2627 11012 bot 7 step 18
FT 1068 11055 0 0 0 0 0 0 0 492 2627 11012 bot 0 step 0
FT 1069 12708 1562 0 0 0 0 0 0 513 2627 11012 bot 1533 step 16
FT 1070 9542 33 0 0 0 0 0 0 481 2621 11012 bot 5 step 15
FT 1070 10995 0 0 0 0 0 0 0 432 2621 11012 bot 0 step 0
FT 1071 11421 37 0 0 0 0 0 0 467 2621 11012 bot 6 step 14
FT 1072 10894 33 0 0 0 0 0 0 428 2611 11012 bot 6 step 15
FT 1072 10971 0 0 0 0 0 0 0 428 2615 11012 bot 0 step 0
FT 1073 11405 38 0 0 0 0 0 0 405 2584 11012 bot 6 step 18
FT 1074 11049 40 0 0 0 0 0 0 407 2604 11012 bot 7 step 21
FT 1074 10983 0 0 0 0 0 0 0 518 2618 11012 bot 0 step 0
FT 1075 11199 33 0 0 0 0 0 0 538 2602 11012 bot 6 step 14
FT 1076 11051 33 0 0 0 0 0 0 474 2604 11012 bot 6 step 15
FT 1076 11036 0 0 0 0 0 0 0 453 2582 11013 bot 0 step 0
FT 1077 11166 32 0 0 0 0 0 0 469 2621 11013 bot 6 step 14
FT 1078 11034 52 0 0 0 0 0 0 428 2601 11013 bot 6 step 14
FT 1078 11088 0 0 0 0 0 0 0 416 2614 11013 bot 0 step 0
FT 1079 11093 32 0 0 0 0 0 0 407 2621 11013 bot 6 step 14
FT 1080 11312 37 0 0 0 0 0 0 428 2619 11013 bot 6 step 17
FT 1080 11047 0 0 0 0 0 0 0 404 2641 11013 bot 0 step 0
FT 1081 11085 34 0 0 0 0 0 0 587 2654 11013 bot 5 step 17
FT 1082 11200 31 0 0 0 0 0 0 514 2647 11013 bot 5 step 14
FT 1082 10995 0 0 0 0 0 0 0 535 2664 11013 bot 0 step 0
FT 1083 10969 37 0 0 0 0 0 0 412 2677 11013 bot 5 step 14
FT 1084 11264 35 0 0 0 0 0 0 405 2668 11013 bot 6 step 15
FT 1084 11107 0 0 0 0 0 0 0 435 2615 11013 bot 0 step 0
FT 1085 11117 59 0 0 0 0 0 0 404 2618 11013 bot 7 step 17
FT 1086 11197 37 0 0 0 0 0 0 402 2608 11013 bot 6 step 16
FT 1086 11030 0 0 0 0 0 0 0 402 2653 11013 bot 0 step 0
FT 1087 11160 32 0 0 0 0 0 0 474 2631 11013 bot 6 step 14
FT 1088 11112 33 0 0 0 0 0 0 467 2642 11013 bot 6 step 14
FT 1088 10982 0 0 0 0 0 0 0 574 2634 11013 bot 0 step 0
FT 1089 11183 31 0 0 0 0 0 0 425 2608 11013 bot 6 step 14
FT 1090 11147 37 0 0 0 0 0 0 409 2608 11013 bot 6 step 17
FT 1090 10868 0 0 0 0 0 0 0 402 2625 11013 bot 0 step 0
FT 1091 11378 37 0 0 0 0 0 0 439 2628 11013 bot 6 step 16
FT 1092 11171 37 0 0 0 0 0 0 400 2635 11013 bot 6 step 16
FT 1092 11016 0 0 0 0 0 0 0 538 2657 11013 bot 0 step 0
FT 1093 11123 32 0 0 0 0 0 0 497 2625 11013 bot 6 step 14
FT 1094 18832 35 0 0 0 0 0 0 479 2660 11013 bot 6 step 13
FT 1094 3119 0 0 0 0 0 0 0 559 2676 11013 bot 0 step 0
FT 1095 11283 31 0 0 0 0 0 0 509 2648 11013 bot 6 step 14
FT 1096 11002 34 0 0 0 0 0 0 467 2691 11013 bot 6 step 16
FT 1096 11139 0 0 0 0 0 0 0 405 2602 11013 bot 0 step 0
FT 1097 11245 55 0 0 0 0 0 0 405 2612 11013 bot 6 step 16
FT 1098 11231 36 0 0 0 0 0 0 398 2642 11013 bot 6 step 16
FT 1098 11057 0 0 0 0 0 0 0 405 2691 11013 bot 0 step 0
FT 1099 10898 34 0 0 0 0 0 0 470 2687 11013 bot 5 step 16
FT 1100 11316 32 0 0 0 0 0 0 467 2713 11013 bot 5 step 14
FT 1100 11016 0 0 0 0 0 0 0 467 2635 11013 bot 0 step 0
FT 1101 11135 33 0 0 0 0 0 0 416 2604 11013 bot 6 step 14
FT 1102 11096 32 0 0 0 0 0 0 409 2604 11013 bot 6 step 13
FT 1102 11134 0 0 0 0 0 0 0 418 2622 11013 bot 0 step 0
FT 1103 11214 37 0 0 0 0 0 0 402 2617 11013 bot 6 step 16
FT 1104 11108 79 0 0 0 0 0 0 404 2638 11013 bot 6 step 16
FT 1104 10963 0 0 0 0 0 0 0 425 2655 11013 bot 0 step 0
FT 1105 11106 32 0 0 0 0 0 0 497 2618 11013 bot 5 step 14
FT 1106 11145 32 0 0 0 0 0 0 409 2655 11013 bot 6 step 13
FT 1106 11044 0 0 0 0 0 0 0 580 2627 11013 bot 0 step 0
FT 1107 11136 31 0 0 0 0 0 0 418 2618 11013 bot 5 step 13
FT 1108 11115 32 0 0 0 0 0 0 407 2621 11013 bot 6 step 14
FT 1108 10962 0 0 0 0 0 0 0 416 2595 11013 bot 0 step 0
FT 1109 11295 38 0 0 0 0 0 0 409 2644 11013 bot 7 step 17
FT 1110 11101 57 0 0 0 0 0 0 414 2608 11013 bot 10 step 26
FT 1110 11055 0 0 0 0 0 0 0 398 2640 11013 bot 0 step 0
FT 1111 11246 39 0 0 0 0 0 0 407 2661 11013 bot 5 step 21
FT 1112 11131 32 0 0 0 0 0 0 400 2661 11013 bot 6 step 14
FT 1112 10970 0 0 0 0 0 0 0 544 2604 11013 bot 0 step 0
FT 1113 11073 40 0 0 0 0 0 0 453 2599 11013 bot 7 step 14
FT 1114 11147 41 0 0 0 0 0 0 419 2602 11013 bot 7 step 16
FT 1114 11042 0 0 0 0 0 0 0 404 2605 11013 bot 0 step 0
FT 1115 11340 37 0 0 0 0 0 0 400 2598 11013 bot 6 step 16
FT 1116 11193 37 0 0 0 0 0 0 404 2604 11013 bot 6 step 17
FT 1116 10943 0 0 0 0 0 0 0 412 2618 11013 bot 0 step 0
FT 1117 11007 32 0 0 0 0 0 0 611 2622 11013 bot 5 step 14
FT 1118 11234 32 0 0 0 0 0 0 474 2631 11013 bot 5 step 14
FT 1118 11015 0 0 0 0 0 0 0 481 2612 11013 bot 0 step 0
FT 1119 11209 32 0 0 0 0 0 0 423 2592 11013 bot 5 step 14
FT 1120 11019 33 0 0 0 0 0 0 418 2595 11013 bot 6 step 13
FT 1120 11051 0 0 0 0 0 0 0 404 2625 11013 bot 0 step 0
FT 1121 11190 31 0 0 0 0 0 0 414 2598 11013 bot 6 step 13
FT 1122 11279 42 0 0 0 0 0 0 421 2604 11013 bot 6 step 21
FT 1122 10933 0 0 0 0 0 0 0 402 2622 11013 bot 0 step 0
FT 1123 11270 32 0 0 0 0 0 0 467 2614 11013 bot 5 step 14
FT 1124 11083 32 0 0 0 0 0 0 458 2628 11013 bot 6 step 13
FT 1124 11051 0 0 0 0 0 0 0 684 2598 11013 bot 0 step 0
FT 1125 11205 33 0 0 0 0 0 0 531 2608 11013 bot 6 step 14
FT 1126 11092 34 0 0 0 0 0 0 402 2589 11013 bot 6 step 16
FT 1126 10944 0 0 0 0 0 0 0 402 2588 11013 bot 0 step 0
FT 1127 11220 34 0 0 0 0 0 0 412 2582 11013 bot 6 step 15
FT 1128 10965 48 0 0 0 0 0 0 395 2605 11013 bot 6 step 14
FT 1128 11212 0 0 0 0 0 0 0 545 2582 11013 bot 0 step 0
FT 1129 11196 34 0 0 0 0 0 0 402 2608 11013 bot 6 step 15
FT 1130 11084 31 0 0 0 0 0 0 485 2611 11013 bot 6 step 13
FT 1130 11023 0 0 0 0 0 0 0 550 2586 11013 bot 0 step 0
FT 1131 11159 32 0 0 0 0 0 0 428 2579 11013 bot 6 step 13
FT 1132 11069 32 0 0 0 0 0 0 409 2576 11013 bot 6 step 13
FT 1132 11073 0 0 0 0 0 0 0 400 2598 11013 bot 0 step 0
FT 1133 11136 45 0 0 0 0 0 0 402 2584 11013 bot 7 step 17
FT 1134 11088 58 0 0 0 0 0 0 405 2605 11013 bot 24 step 17
FT 1134 11054 0 0 0 0 0 0 0 405 2591 11013 bot 0 step 0
FT 1135 11344 32 0 0 0 0 0 0 404 2595 11013 bot 6 step 14
FT 1136 11088 36 0 0 0 0 0 0 402 2621 11013 bot 6 step 18
FT 1136 11010 0 0 0 0 0 0 0 709 2539 10945 bot 0 step 0
FT 1137 11147 32 0 0 0 0 0 0 421 2565 10945 bot 5 step 13
FT 1138 11096 32 0 0 0 0 0 0 416 2562 10945 bot 5 step 13
FT 1138 10914 0 0 0 0 0 0 0 402 2592 10945 bot 0 step 0
FT 1139 11237 32 0 0 0 0 0 0 419 2592 10945 bot 6 step 14
FT 1140 11314 44 0 0 0 0 0 0 412 2582 10945 bot 7 step 23
FT 1140 11044 0 0 0 0 0 0 0 409 2618 10945 bot 0 step 0
FT 1141 11196 34 0 0 0 0 0 0 574 2592 10945 bot 6 step 16
FT 1142 11090 32 0 0 0 0 0 0 481 2582 10945 bot 6 step 14
FT 1142 10888 0 0 0 0 0 0 0 425 2598 10945 bot 0 step 0
FT 1143 11228 33 0 0 0 0 0 0 435 2585 10945 bot 5 step 15
FT 1144 11096 37 0 0 0 0 0 0 433 2578 10945 bot 6 step 18
FT 1144 10863 0 0 0 0 0 0 0 407 2601 10945 bot 0 step 0
FT 1145 11370 61 0 0 0 0 0 0 490 2591 10945 bot 6 step 18
FT 1146 11282 35 0 0 0 0 0 0 442 2618 10945 bot 6 step 16
FT 1146 10984 0 0 0 0 0 0 0 407 2628 10945 bot 0 step 0
FT 1147 11105 37 0 0 0 0 0 0 501 2644 10945 bot 5 step 19
FT 1148 11138 33 0 0 0 0 0 0 486 2622 10945 bot 6 step 15
FT 1148 10819 0 0 0 0 0 0 0 504 2618 10945 bot 0 step 0
FT 1149 11362 34 0 0 0 0 0 0 699 2628 10945 bot 5 step 15
FT 1150 11073 35 0 0 0 0 0 0 481 2565 10945 bot 5 step 16
FT 1150 11061 0 0 0 0 0 0 0 472 2575 10945 bot 0 step 0
FT 1151 12717 1483 0 0 0 0 0 0 428 2571 10945 bot 1454 step 15
FT 1152 9585 39 0 0 0 0 0 0 405 2573 10945 bot 6 step 18
FT 1152 11178 0 0 0 0 0 0 0 441 2599 10945 bot 0 step 0
FT 1153 11144 33 0 0 0 0 0 0 455 2614 10945 bot 5 step 15
FT 1154 11010 33 0 0 0 0 0 0 479 2619 10945 bot 6 step 15
FT 1154 11075 0 0 0 0 0 0 0 583 2572 10945 bot 0 step 0
FT 1155 11094 33 0 0 0 0 0 0 467 2594 10945 bot 6 step 15
FT 1156 11272 42 0 0 0 0 0 0 418 2585 10945 bot 11 step 17
FT 1156 10859 0 0 0 0 0 0 0 412 2607 10945 bot 0 step 0
FT 1157 11376 38 0 0 0 0 0 0 426 2571 10945 bot 6 step 18
FT 1158 11097 45 0 0 0 0 0 0 402 2594 10945 bot 7 step 23
FT 1158 10989 0 0 0 0 0 0 0 488 2585 10945 bot 0 step 0
FT 1159 11123 35 0 0 0 0 0 0 481 2588 10945 bot 5 step 17
FT 1160 10881 33 0 0 0 0 0 0 449 2595 10945 bot 5 step 14
FT 1160 11314 0 0 0 0 0 0 0 500 2588 10945 bot 0 step 0
FT 1161 11089 50 0 0 0 0 0 0 458 2571 10945 bot 5 step 15
FT 1162 10908 33 0 0 0 0 0 0 428 2573 10945 bot 5 step 14
FT 1162 11253 0 0 0 0 0 0 0 397 2571 10945 bot 0 step 0
FT 1163 11347 38 0 0 0 0 0 0 425 2584 10945 bot 6 step 17
FT 1164 10873 59 0 0 0 0 0 0 404 2596 10945 bot 5 step 40
FT 1164 11237 0 0 0 0 0 0 0 446 2579 10945 bot 0 step 0
FT 1165 11164 32 0 0 0 0 0 0 416 2584 10945 bot 5 step 14
FT 1166 11108 33 0 0 0 0 0 0 479 2601 10945 bot 5 step 14
FT 1166 10803 0 0 0 0 0 0 0 555 2575 10945 bot 0 step 0
FT 1167 11383 32 0 0 0 0 0 0 610 2608 10945 bot 5 step 14
FT 1168 10881 32 0 0 0 0 0 0 479 2582 10945 bot 6 step 14
FT 1168 11193 0 0 0 0 0 0 0 409 2573 10945 bot 0 step 0
FT 1169 11053 33 0 0 0 0 0 0 411 2596 10945 bot 5 step 14
FT 1170 11324 37 0 0 0 0 0 0 409 2604 10945 bot 6 step 16
FT 1170 11041 0 0 0 0 0 0 0 402 2608 10945 bot 0 step 0
FT 1171 10972 34 0 0 0 0 0 0 460 2605 10945 bot 6 step 16
FT 1172 11252 32 0 0 0 0 0 0 470 2601 10945 bot 5 step 14
FT 1172 11038 0 0 0 0 0 0 0 453 2589 10945 bot 0 step 0
FT 1173 11164 32 0 0 0 0 0 0 555 2598 10945 bot 6 step 13
FT 1174 11107 34 0 0 0 0 0 0 479 2575 10945 bot 6 step 15
FT 1174 11017 0 0 0 0 0 0 0 393 2578 10945 bot 0 step 0
FT 1175 11297 37 0 0 0 0 0 0 402 2565 10945 bot 6 step 16
FT 1176 11055 37 0 0 0 0 0 0 414 2578 10945 bot 5 step 18
FT 1176 11148 0 0 0 0 0 0 0 430 2573 10945 bot 0 step 0
FT 1177 11128 32 0 0 0 0 0 0 405 2598 10945 bot 5 step 13
FT 1178 10916 37 0 0 0 0 0 0 510 2589 10945 bot 5 step 18
FT 1178 11204 0 0 0 0 0 0 0 556 2592 10945 bot 0 step 0
FT 1179 11141 33 0 0 0 0 0 0 521 2571 10945 bot 6 step 14
FT 1180 11085 38 0 0 0 0 0 0 442 2578 10945 bot 6 step 14
FT 1180 10994 0 0 0 0 0 0 0 404 2578 10945 bot 0 step 0
FT 1181 11371 37 0 0 0 0 0 0 400 2578 10945 bot 6 step 17
FT 1182 11135 45 0 0 0 0 0 0 412 2586 10945 bot 6 step 18
FT 1182 11079 0 0 0 0 0 0 0 474 2586 10945 bot 0 step 0
FT 1183 11057 38 0 0 0 0 0 0 529 2608 10945 bot 7 step 16
FT 1184 11115 32 0 0 0 0 0 0 514 2595 10945 bot 5 step 14
FT 1184 11029 0 0 0 0 0 0 0 500 2601 10945 bot 0 step 0
FT 1185 11212 31 0 0 0 0 0 0 568 2585 10945 bot 5 step 13
FT 1186 11095 51 0 0 0 0 0 0 435 2566 10945 bot 6 step 16
FT 1186 10977 0 0 0 0 0 0 0 435 2569 10945 bot 0 step 0
FT 1187 11098 46 0 0 0 0 0 0 409 2572 10945 bot 8 step 20
FT 1188 11081 31 0 0 0 0 0 0 402 2549 10945 bot 5 step 13
FT 1188 11201 0 0 0 0 0 0 0 402 2552 10945 bot 0 step 0
FT 1189 11251 34 0 0 0 0 0 0 418 2572 10945 bot 6 step 15
FT 1190 11052 31 0 0 0 0 0 0 470 2582 10945 bot 5 step 13
FT 1190 10867 0 0 0 0 0 0 0 591 2562 10945 bot 0 step 0
FT 1191 11154 33 0 0 0 0 0 0 437 2549 10945 bot 6 step 14
FT 1192 11189 31 0 0 0 0 0 0 425 2563 10945 bot 6 step 13
FT 1192 10960 0 0 0 0 0 0 0 439 2563 10945 bot 0 step 0
FT 1193 11128 44 0 0 0 0 0 0 462 2561 10945 bot 7 step 16
FT 1194 11356 37 0 0 0 0 0 0 411 2568 10945 bot 6 step 16
FT 1194 10825 0 0 0 0 0 0 0 395 2595 10945 bot 0 step 0
FT 1195 11481 32 0 0 0 0 0 0 465 2578 10945 bot 6 step 14
FT 1196 11042 32 0 0 0 0 0 0 398 2569 10945 bot 6 step 14
FT 1196 10980 0 0 0 0 0 0 0 588 2608 10970 bot 0 step 0
FT 1197 11148 33 0 0 0 0 0 0 428 2625 10970 bot 6 step 14
FT 1198 11149 32 0 0 0 0 0 0 418 2628 10970 bot 5 step 13
FT 1198 11031 0 0 0 0 0 0 0 407 2581 10970 bot 0 step 0
FT 1199 11064 32 0 0 0 0 0 0 437 2591 10970 bot 6 step 13
FT 1200 11322 36 0 0 0 0 0 0 407 2607 10970 bot 6 step 16
FT 1200 11098 0 0 0 0 0 0 0 407 2651 10970 bot 0 step 0
FT 1201 11093 38 0 0 0 0 0 0 560 2654 10970 bot 6 step 19
FT 1202 11130 35 0 0 0 0 0 0 500 2676 10970 bot 8 step 14
FT 1202 10987 0 0 0 0 0 0 0 554 2732 10970 bot 0 step 0
FT 1203 11220 32 0 0 0 0 0 0 435 2760 10970 bot 6 step 13
FT 1204 11081 39 0 0 0 0 0 0 430 2786 10970 bot 6 step 14
FT 1204 10977 0 0 0 0 0 0 0 426 2842 10970 bot 0 step 0
FT 1205 11269 72 0 0 0 0 0 0 411 2854 10970 bot 6 step 51
FT 1206 10892 36 0 0 0 0 0 0 418 2861 10970 bot 6 step 17
FT 1206 11280 0 0 0 0 0 0 0 402 2907 10970 bot 0 step 0
FT 1207 11118 32 0 0 0 0 0 0 402 2917 10970 bot 6 step 13
FT 1208 11091 32 0 0 0 0 0 0 428 2910 10970 bot 6 step 14
FT 1208 10865 0 0 0 0 0 0 0 486 2930 10970 bot 0 step 0
FT 1209 11386 36 0 0 0 0 0 0 527 2911 10970 bot 6 step 17
FT 1210 11097 49 0 0 0 0 0 0 483 2918 10970 bot 6 step 13
FT 1210 10967 0 0 0 0 0 0 0 404 2911 10970 bot 0 step 0
FT 1211 11067 36 0 0 0 0 0 0 402 2911 10970 bot 5 step 18
FT 1212 11198 60 0 0 0 0 0 0 407 2920 10970 bot 6 step 14
FT 1212 11212 0 0 0 0 0 0 0 402 2913 10970 bot 0 step 0
FT 1213 11098 40 0 0 0 0 0 0 398 2970 10970 bot 7 step 17
FT 1214 10961 33 0 0 0 0 0 0 470 2934 10970 bot 6 step 13
FT 1214 11185 0 0 0 0 0 0 0 467 2921 10970 bot 0 step 0
FT 1215 11093 39 0 0 0 0 0 0 472 2924 10970 bot 6 step 14
FT 1216 11228 35 0 0 0 0 0 0 412 2928 10970 bot 6 step 16
FT 1216 10957 0 0 0 0 0 0 0 442 2956 10970 bot 0 step 0
FT 1217 11207 37 0 0 0 0 0 0 398 2963 10970 bot 7 step 15
FT 1218 11319 38 0 0 0 0 0 0 414 2927 10970 bot 6 step 15
FT 1218 10824 0 0 0 0 0 0 0 388 2980 10970 bot 0 step 0
FT 1219 11266 39 0 0 0 0 0 0 456 2947 10970 bot 7 step 17
FT 1220 11149 31 0 0 0 0 0 0 391 2943 10970 bot 5 step 13
FT 1220 10958 0 0 0 0 0 0 0 474 2933 10970 bot 0 step 0
FT 1221 11216 32 0 0 0 0 0 0 597 2888 10970 bot 5 step 14
FT 1222 11164 33 0 0 0 0 0 0 432 2907 10970 bot 6 step 14
FT 1222 10954 0 0 0 0 0 0 0 462 2895 10970 bot 0 step 0
FT 1223 11099 32 0 0 0 0 0 0 379 2892 10970 bot 6 step 13
FT 1224 11191 39 0 0 0 0 0 0 381 2890 10970 bot 6 step 17
FT 1224 11046 0 0 0 0 0 0 0 379 2898 10970 bot 0 step 0
FT 1225 11120 38 0 0 0 0 0 0 374 2917 10970 bot 6 step 16
FT 1226 11217 37 0 0 0 0 0 0 458 2904 10970 bot 5 step 19
FT 1226 10996 0 0 0 0 0 0 0 425 2907 10970 bot 0 step 0
FT 1227 11162 32 0 0 0 0 0 0 509 2885 10970 bot 6 step 14
FT 1228 11133 32 0 0 0 0 0 0 393 2877 10970 bot 6 step 14
FT 1228 18457 0 0 0 0 0 0 0 370 2911 10970 bot 0 step 0
FT 1229 3556 32 0 0 0 0 0 0 400 2904 10970 bot 6 step 13
FT 1230 10996 37 0 0 0 0 0 0 407 2917 10970 bot 6 step 13
FT 1230 11474 0 0 0 0 0 0 0 365 2947 10970 bot 0 step 0
FT 1231 10896 38 0 0 0 0 0 0 375 2878 10970 bot 6 step 18
FT 1232 11144 46 0 0 0 0 0 0 439 2864 10970 bot 9 step 16
FT 1232 10890 0 0 0 0 0 0 0 377 2894 10970 bot 0 step 0
FT 1233 11477 32 0 0 0 0 0 0 444 2869 10970 bot 6 step 13
FT 1234 10911 57 0 0 0 0 0 0 375 2865 10970 bot 6 step 20
FT 1234 11291 0 0 0 0 0 0 0 453 2887 10970 bot 0 step 0
FT 1235 10992 36 0 0 0 0 0 0 384 2871 10970 bot 6 step 16
FT 1236 11041 45 0 0 0 0 0 0 377 2868 10970 bot 7 step 17
FT 1236 11156 0 0 0 0 0 0 0 379 2871 10970 bot 0 step 0
FT 1237 11435 55 0 0 0 0 0 0 472 2865 10970 bot 10 step 19
FT 1238 10779 43 0 0 0 0 0 0 384 5380 10970 bot 7 step 16
FT 1238 11168 0 0 0 0 0 0 0 1812 2858 10970 bot 0 step 0
FT 1239 11073 39 0 0 0 0 0 0 419 2845 10970 bot 7 step 13
FT 1240 11269 32 0 0 0 0 0 0 391 2849 10970 bot 6 step 13
FT 1240 10825 0 0 0 0 0 0 0 391 2845 10970 bot 0 step 0
FT 1241 11179 40 0 0 0 0 0 0 405 2844 10970 bot 7 step 14
FT 1242 11360 38 0 0 0 0 0 0 407 2835 10970 bot 6 step 16
FT 1242 11065 0 0 0 0 0 0 0 375 2851 10970 bot 0 step 0
FT 1243 11139 40 0 0 0 0 0 0 372 2838 10970 bot 7 step 20
FT 1244 11092 33 0 0 0 0 0 0 388 2842 10970 bot 6 step 13
FT 1244 10993 0 0 0 0 0 0 0 456 2869 10970 bot 0 step 0
FT 1245 11216 37 0 0 0 0 0 0 602 2872 10970 bot 11 step 13
FT 1246 11184 34 0 0 0 0 0 0 395 2865 10970 bot 6 step 15
FT 1246 10919 0 0 0 0 0 0 0 372 2865 10970 bot 0 step 0
FT 1247 11132 37 0 0 0 0 0 0 372 2851 10970 bot 6 step 16
FT 1248 11062 31 0 0 0 0 0 0 372 2849 10970 bot 6 step 12
FT 1248 11134 0 0 0 0 0 0 0 372 2859 10970 bot 0 step 0
FT 1249 11071 40 0 0 0 0 0 0 377 2846 10970 bot 6 step 20
FT 1250 11215 31 0 0 0 0 0 0 374 2851 10970 bot 6 step 13
FT 1250 11097 0 0 0 0 0 0 0 407 2862 10970 bot 0 step 0
FT 1251 11221 38 0 0 0 0 0 0 551 2815 10970 bot 6 step 14
FT 1252 11078 33 0 0 0 0 0 0 423 2809 10970 bot 6 step 13
FT 1252 11038 0 0 0 0 0 0 0 372 2785 10970 bot 0 step 0
FT 1253 11070 33 0 0 0 0 0 0 382 2790 10970 bot 6 step 14
FT 1254 11144 55 0 0 0 0 0 0 367 2776 10970 bot 5 step 35
FT 1254 11155 0 0 0 0 0 0 0 374 2766 10970 bot 0 step 0
FT 1255 11077 39 0 0 0 0 0 0 361 2773 10970 bot 7 step 18
FT 1256 10950 31 0 0 0 0 0 0 372 2795 10970 bot 6 step 13
FT 1256 11023 0 0 0 0 0 0 0 426 2759 11091 bot 0 step 0
FT 1257 11370 33 0 0 0 0 0 0 349 2767 11091 bot 6 step 14
FT 1258 11201 53 0 0 0 0 0 0 351 2767 11091 bot 6 step 14
FT 1258 10991 0 0 0 0 0 0 0 377 2763 11091 bot 0 step 0
FT 1259 10964 32 0 0 0 0 0 0 354 2753 11091 bot 5 step 13
FT 1260 11162 32 0 0 0 0 0 0 352 2750 11091 bot 5 step 14
FT 1260 11172 0 0 0 0 0 0 0 351 2750 11091 bot 0 step 0
FT 1261 11206 39 0 0 0 0 0 0 342 2749 11091 bot 6 step 18
FT 1262 11397 31 0 2114 1 0 0 0 333 2782 11091 bot 5 step 13
FT 1262 10698 0 0 0 0 0 0 0 519 2776 11091 bot 0 step 0
FT 1263 11265 35 0 0 0 0 0 0 513 2763 11091 bot 5 step 17
FT 1264 11114 34 0 0 0 0 0 0 398 2750 11091 bot 6 step 15
FT 1264 10872 0 0 0 0 0 0 0 351 2746 11091 bot 0 step 0
FT 1265 11133 32 0 0 0 0 0 0 347 2726 11091 bot 6 step 13
FT 1266 11209 32 0 0 0 0 0 0 384 2746 11091 bot 6 step 14
FT 1266 11237 0 0 0 0 0 0 0 349 2756 11091 bot 0 step 0
FT 1267 11125 36 0 0 0 0 0 0 338 2760 11091 bot 7 step 15
FT 1268 10847 33 0 0 0 0 0 0 356 2765 11091 bot 6 step 14
FT 1268 11213 0 0 0 0 0 0 0 421 2772 11091 bot 0 step 0
FT 1269 11213 40 0 0 0 0 0 0 360 2760 11091 bot 7 step 14
FT 1270 11092 32 0 0 0 0 0 0 527 2720 11091 bot 6 step 13
FT 1270 10872 0 0 0 0 0 0 0 349 2723 11091 bot 0 step 0
FT 1271 11016 47 0 0 0 0 0 0 340 2720 11091 bot 7 step 21
FT 1272 11412 39 0 0 0 0 0 0 363 2723 11091 bot 7 step 16
FT 1272 10992 0 0 0 0 0 0 0 360 2717 11091 bot 0 step 0
FT 1273 11149 39 0 0 0 0 0 0 340 2713 11091 bot 7 step 17
FT 1274 11204 39 0 0 0 0 0 0 337 2701 11091 bot 7 step 17
FT 1274 11043 0 0 0 0 0 0 0 345 2714 11091 bot 0 step 0
FT 1275 11168 36 0 0 0 0 0 0 411 2727 11091 bot 7 step 15
FT 1276 11124 35 0 0 0 0 0 0 412 2704 11091 bot 6 step 16
FT 1276 11112 0 0 0 0 0 0 0 360 2723 11091 bot 0 step 0
FT 1277 11070 34 0 0 0 0 0 0 347 2729 11091 bot 6 step 15
FT 1278 11229 46 0 0 0 0 0 0 344 2746 11091 bot 7 step 23
FT 1278 10964 0 0 0 0 0 0 0 356 2723 11091 bot 0 step 0
FT 1279 11099 46 0 0 0 0 0 0 347 2719 11091 bot 8 step 21
FT 1280 10965 34 0 0 0 0 0 0 333 2716 11091 bot 6 step 14
FT 1280 11333 0 0 0 0 0 0 0 344 2720 11091 bot 0 step 0
FT 1281 11102 34 0 0 0 0 0 0 347 2743 11091 bot 6 step 14
FT 1282 11098 53 0 0 0 0 0 0 425 2671 11091 bot 6 step 16
FT 1282 11036 0 0 0 0 0 0 0 360 2665 11091 bot 0 step 0
FT 1283 11342 61 0 0 0 0 0 0 342 2667 11091 bot 25 step 19
FT 1284 11019 44 0 0 0 0 0 0 342 2694 11091 bot 9 step 20
FT 1284 11028 0 0 0 0 0 0 0 444 2690 11091 bot 0 step 0
FT 1285 11084 40 0 0 0 0 0 0 425 2674 11091 bot 7 step 18
FT 1286 11338 35 0 0 0 0 0 0 393 2658 11091 bot 6 step 16
FT 1286 10735 0 0 0 0 0 0 0 402 2677 11091 bot 0 step 0
FT 1287 11170 36 0 0 0 0 0 0 432 2661 11091 bot 7 step 16
FT 1288 11110 39 0 0 0 0 0 0 361 2673 11091 bot 6 step 15
FT 1288 11021 0 0 0 0 0 0 0 418 2663 11091 bot 0 step 0
FT 1289 11259 33 0 0 0 0 0 0 361 2658 11091 bot 6 step 15
FT 1290 11264 42 0 0 0 0 0 0 372 2663 11091 bot 8 step 19
FT 1290 10927 0 0 0 0 0 0 0 347 2655 11091 bot 0 step 0
FT 1291 11291 48 0 0 0 0 0 0 337 2668 11091 bot 7 step 27
FT 1292 11106 36 0 0 0 0 0 0 335 2681 11091 bot 8 step 15
FT 1292 11033 0 0 0 0 0 0 0 391 2688 11091 bot 0 step 0
FT 1293 11121 33 0 0 0 0 0 0 414 2677 11091 bot 6 step 14
FT 1294 11106 36 0 0 0 0 0 0 421 2661 11091 bot 6 step 16
FT 1294 11041 0 0 0 0 0 0 0 368 2661 11091 bot 0 step 0
FT 1295 10940 40 0 0 0 0 0 0 342 2664 11091 bot 7 step 15
FT 1296 11467 40 0 0 0 0 0 0 342 2674 11091 bot 7 step 17
FT 1296 11088 0 0 0 0 0 0 0 333 2671 11091 bot 0 step 0
FT 1297 11155 43 0 0 0 0 0 0 337 2677 11091 bot 7 step 16
FT 1298 11037 34 0 0 0 0 0 0 340 2688 11091 bot 7 step 15
FT 1298 11101 0 0 0 0 0 0 0 414 2687 11091 bot 0 step 0
FT 1299 11166 36 0 0 0 0 0 0 411 2674 11091 bot 7 step 16
FT 1300 11075 33 0 0 0 0 0 0 442 2684 11091 bot 6 step 15
FT 1300 11016 0 0 0 0 0 0 0 345 2700 11091 bot 0 step 0
FT 1301 11209 34 0 0 0 0 0 0 347 2707 11091 bot 6 step 16
FT 1302 11160 41 0 0 0 0 0 0 347 2700 11091 bot 7 step 18
FT 1302 10769 0 0 0 0 0 0 0 368 2698 11091 bot 0 step 0
FT 1303 11193 37 0 0 0 0 0 0 337 2700 11091 bot 6 step 18
FT 1304 11062 34 0 0 0 0 0 0 333 2720 11091 bot 6 step 15
FT 1304 11112 0 0 0 0 0 0 0 333 2703 11091 bot 0 step 0
FT 1305 11383 33 0 0 0 0 0 0 335 2720 11091 bot 6 step 15
FT 1306 11064 40 0 0 0 0 0 0 349 2657 11091 bot 6 step 21
FT 1306 11035 0 0 0 0 0 0 0 342 2660 11091 bot 0 step 0
FT 1307 10980 51 0 0 0 0 0 0 337 2664 11091 bot 6 step 14
FT 1308 11089 52 0 0 0 0 0 0 345 2688 11091 bot 9 step 21
FT 1308 11025 0 0 0 0 0 0 0 331 2664 11091 bot 0 step 0
FT 1309 11549 58 0 0 0 0 0 0 354 2657 11091 bot 10 step 26
FT 1310 10992 40 0 0 0 0 0 0 344 4928 11091 bot 7 step 17
FT 1310 11028 0 0 0 0 0 0 0 1472 2697 11091 bot 0 step 0
FT 1311 11178 38 0 0 0 0 0 0 421 2677 11091 bot 6 step 19
FT 1312 11166 34 0 0 0 0 0 0 400 2677 11091 bot 6 step 14
FT 1312 10960 0 0 0 0 0 0 0 419 2670 11091 bot 0 step 0
FT 1313 11013 34 0 0 0 0 0 0 340 2667 11091 bot 6 step 14
FT 1314 11370 40 0 0 0 0 0 0 349 2678 11091 bot 7 step 19
FT 1314 10805 0 0 0 0 0 0 0 344 2674 11091 bot 0 step 0
FT 1315 11375 44 0 0 0 0 0 0 356 2665 11091 bot 8 step 21
FT 1316 11056 41 0 0 0 0 0 0 340 2691 11091 bot 7 step 19
FT 1316 10959 0 0 0 0 0 0 0 386 2704 11019 bot 0 step 0
FT 1317 11432 35 0 0 0 0 0 0 513 2681 11019 bot 7 step 15
FT 1318 11079 36 0 0 0 0 0 0 416 2664 11019 bot 7 step 15
FT 1318 10950 0 0 0 0 0 0 0 349 2667 11019 bot 0 step 0
FT 1319 10938 35 0 0 0 0 0 0 349 2661 11019 bot 6 step 15
FT 1320 11183 35 0 0 0 0 0 0 351 2661 11019 bot 7 step 15
FT 1320 11188 0 0 0 0 0 0 0 342 2664 11019 bot 0 step 0
FT 1321 11235 44 0 0 0 0 0 0 340 2667 11019 bot 8 step 21
FT 1322 11094 41 0 0 0 0 0 0 337 2676 11019 bot 7 step 18
FT 1322 11077 0 0 0 0 0 0 0 381 2683 11019 bot 0 step 0
FT 1323 11173 41 0 0 0 0 0 0 395 2700 11019 bot 7 step 21
FT 1324 11044 36 0 0 0 0 0 0 425 2674 11019 bot 6 step 16
FT 1324 11032 0 0 0 0 0 0 0 363 2681 11019 bot 0 step 0
FT 1325 10891 41 0 0 0 0 0 0 347 2677 11019 bot 7 step 15
FT 1326 11155 41 0 0 0 0 0 0 337 2690 11019 bot 7 step 15
FT 1326 11274 0 0 0 0 0 0 0 337 2680 11019 bot 0 step 0
FT 1327 11326 40 0 0 0 0 0 0 340 2696 11019 bot 7 step 18
FT 1328 11028 37 0 0 0 0 0 0 337 2720 11019 bot 7 step 17
FT 1328 11039 0 0 0 0 0 0 0 412 2717 11019 bot 0 step 0
FT 1329 11139 33 0 0 0 0 0 0 467 2730 11019 bot 6 step 14
FT 1330 11132 37 0 0 0 0 0 0 411 2670 11019 bot 6 step 18
FT 1330 11007 0 0 0 0 0 0 0 340 2665 11019 bot 0 step 0
FT 1331 11004 39 0 0 0 0 0 0 345 2664 11019 bot 6 step 19
FT 1332 11098 34 0 0 0 0 0 0 377 2687 11019 bot 6 step 14
FT 1332 11232 0 0 0 0 0 0 0 342 2667 11019 bot 0 step 0
FT 1333 11174 66 0 0 0 0 0 0 423 2667 11019 bot 7 step 18
FT 1334 11238 39 0 0 0 0 0 0 344 2671 11019 bot 7 step 17
FT 1334 10909 0 0 0 0 0 0 0 354 2694 11019 bot 0 step 0
FT 1335 11045 40 0 0 0 0 0 0 418 2687 11019 bot 7 step 19
FT 1336 11168 36 0 0 0 0 0 0 379 2700 11019 bot 6 step 17
FT 1336 10990 0 0 0 0 0 0 0 398 2674 11019 bot 0 step 0
FT 1337 11314 38 0 0 0 0 0 0 349 2670 11019 bot 6 step 18
FT 1338 11047 38 0 0 0 0 0 0 351 2676 11019 bot 7 step 17
FT 1338 11057 0 0 0 0 0 0 0 338 2700 11019 bot 0 step 0
FT 1339 11218 46 0 0 0 0 0 0 358 2684 11019 bot 7 step 24
FT 1340 11131 39 0 0 0 0 0 0 337 2676 11019 bot 7 step 17
FT 1340 11085 0 0 0 0 0 0 0 338 2707 11019 bot 0 step 0
FT 1341 11150 39 0 0 0 0 0 0 404 2693 11019 bot 6 step 20
FT 1342 11074 34 0 0 0 0 0 0 409 2684 11019 bot 6 step 14
FT 1342 11093 0 0 0 0 0 0 0 347 2677 11019 bot 0 step 0
FT 1343 11078 39 0 0 0 0 0 0 337 2676 11019 bot 7 step 19
FT 1344 11196 40 0 0 0 0 0 0 340 2694 11019 bot 7 step 17
FT 1344 11080 0 0 0 0 0 0 0 335 2694 11019 bot 0 step 0
FT 1345 11237 40 0 0 0 0 0 0 333 2687 11019 bot 7 step 18
FT 1346 11036 46 0 0 0 0 0 0 340 2698 11019 bot 7 step 23
FT 1346 11080 0 0 0 0 0 0 0 414 2717 11019 bot 0 step 0
FT 1347 10968 35 0 0 0 0 0 0 416 2691 11019 bot 6 step 15
FT 1348 11257 35 0 0 0 0 0 0 423 2703 11019 bot 7 step 15
FT 1348 11012 0 0 0 0 0 0 0 416 2694 11019 bot 0 step 0
FT 1349 11148 35 0 0 0 0 0 0 414 2677 11019 bot 6 step 15
FT 1350 11338 46 0 0 0 0 0 0 342 2676 11019 bot 7 step 23
FT 1350 10821 0 0 0 0 0 0 0 342 2684 11019 bot 0 step 0
FT 1351 11174 37 0 0 0 0 0 0 352 2680 11019 bot 6 step 18
FT 1352 11221 36 0 0 0 0 0 0 342 2680 11019 bot 8 step 15
FT 1352 11002 0 0 0 0 0 0 0 337 2701 11019 bot 0 step 0
FT 1353 11299 34 0 0 0 0 0 0 400 2687 11019 bot 6 step 16
FT 1354 11048 35 0 0 0 0 0 0 405 2674 11019 bot 6 step 16
FT 1354 11009 0 0 0 0 0 0 0 345 2677 11019 bot 0 step 0
FT 1355 11163 39 0 0 0 0 0 0 363 2651 11019 bot 7 step 15
FT 1356 11114 52 0 0 0 0 0 0 345 2676 11019 bot 7 step 29
FT 1356 11133 0 0 0 0 0 0 0 344 2668 11019 bot 0 step 0
FT 1357 11108 39 0 0 0 0 0 0 340 2660 11019 bot 7 step 18
FT 1358 11103 40 0 0 0 0 0 0 337 2670 11019 bot 7 step 18
FT 1358 11090 0 0 0 0 0 0 0 335 2677 11019 bot 0 step 0
FT 1359 11157 51 0 0 0 0 0 0 363 2686 11019 bot 6 step 15
FT 1360 11188 34 0 0 0 0 0 0 409 2677 11019 bot 6 step 15
FT 1360 10898 0 0 0 0 0 0 0 337 2674 11019 bot 0 step 0
FT 1361 11026 34 0 0 0 0 0 0 356 2673 11019 bot 6 step 14
FT 1362 11333 43 0 0 0 0 0 0 342 2661 11019 bot 7 step 20
FT 1362 10766 0 0 0 0 0 0 0 337 2655 11019 bot 0 step 0
FT 1363 19612 58 0 0 0 0 0 0 344 2664 11019 bot 10 step 24
FT 1364 2766 36 0 0 0 0 0 0 349 2667 11019 bot 7 step 16
FT 1364 10995 0 0 0 0 0 0 0 361 2667 11019 bot 0 step 0
FT 1365 11388 35 0 0 0 0 0 0 391 2664 11019 bot 7 step 15
FT 1366 11026 36 0 0 0 0 0 0 340 2681 11019 bot 6 step 17
FT 1366 11003 0 0 0 0 0 0 0 463 2665 11019 bot 0 step 0
FT 1367 11051 34 0 0 0 0 0 0 337 2663 11019 bot 7 step 14
FT 1368 11232 34 0 0 0 0 0 0 379 2671 11019 bot 7 step 15
FT 1368 11015 0 0 0 0 0 0 0 333 2668 11019 bot 0 step 0
FT 1369 11319 81 0 0 0 0 0 0 331 2667 11019 bot 8 step 58
FT 1370 11021 39 0 0 0 0 0 0 342 2677 11019 bot 7 step 17
FT 1370 11113 0 0 0 0 0 0 0 328 2657 11019 bot 0 step 0
FT 1371 11128 38 0 0 0 0 0 0 331 2655 11019 bot 6 step 19
FT 1372 11165 34 0 0 0 0 0 0 354 2687 11019 bot 6 step 15
FT 1372 10825 0 0 0 0 0 0 0 428 2713 11019 bot 0 step 0
FT 1373 11255 40 0 0 0 0 0 0 328 2667 11019 bot 7 step 15
FT 1374 11143 34 0 0 0 0 0 0 384 2673 11019 bot 6 step 14
FT 1374 11157 0 0 0 0 0 0 0 342 2670 11019 bot 0 step 0
FT 1375 11252 40 0 0 0 0 0 0 340 2661 11019 bot 7 step 18
FT 1376 10985 40 0 0 0 0 0 0 337 2674 11019 bot 7 step 18
FT 1376 11065 0 0 0 0 0 0 0 391 2661 10998 bot 0 step 0
FT 1377 11133 33 0 0 0 0 0 0 351 2687 10998 bot 6 step 15
FT 1378 10954 35 0 0 0 0 0 0 358 2694 10998 bot 6 step 16
FT 1378 11146 0 0 0 0 0 0 0 397 2691 10998 bot 0 step 0
FT 1379 11159 36 0 0 0 0 0 0 409 2684 10998 bot 7 step 15
FT 1380 11215 35 0 0 0 0 0 0 382 2684 10998 bot 6 step 15
FT 1380 11136 0 0 0 0 0 0 0 342 2686 10998 bot 0 step 0
FT 1381 11128 45 0 0 0 0 0 0 345 2653 10998 bot 8 step 21
FT 1382 11143 45 0 0 0 0 0 0 340 2673 10998 bot 7 step 18
FT 1382 10948 0 0 0 0 0 0 0 340 2694 10998 bot 0 step 0
FT 1383 11198 34 0 0 0 0 0 0 395 2680 10998 bot 6 step 15
FT 1384 11181 62 0 0 0 0 0 0 351 2680 10998 bot 6 step 23
FT 1384 10997 0 0 0 0 0 0 0 423 2664 10998 bot 0 step 0
FT 1385 11033 35 0 0 0 0 0 0 340 2654 10998 bot 7 step 15
FT 1386 11189 39 0 0 0 0 0 0 377 2664 10998 bot 7 step 20
FT 1386 11089 0 0 0 0 0 0 0 340 2660 10998 bot 0 step 0
FT 1387 11231 48 0 0 0 0 0 0 340 2651 10998 bot 13 step 18
FT 1388 10811 60 0 0 0 0 0 0 338 2667 10998 bot 7 step 32
FT 1388 11236 0 0 0 0 0 0 0 370 2657 10998 bot 0 step 0
FT 1389 11248 34 0 0 0 0 0 0 331 2648 10998 bot 6 step 15
FT 1390 11043 42 0 0 0 0 0 0 340 2680 10998 bot 7 step 16
FT 1390 11129 0 0 0 0 0 0 0 425 2670 10998 bot 0 step 0
FT 1391 11144 35 0 0 0 0 0 0 358 2641 10998 bot 6 step 15
FT 1392 11108 43 0 0 0 0 0 0 340 2667 10998 bot 9 step 18
FT 1392 10983 0 0 0 0 0 0 0 340 2657 10998 bot 0 step 0
FT 1393 11274 40 0 0 0 0 0 0 337 2654 10998 bot 7 step 17
FT 1394 10998 47 0 0 0 0 0 0 342 2658 10998 bot 7 step 19
FT 1394 11178 0 0 0 0 0 0 0 344 2653 10998 bot 0 step 0
FT 1395 11173 37 0 0 0 0 0 0 337 2674 10998 bot 6 step 18
FT 1396 11138 35 0 0 0 0 0 0 442 2677 10998 bot 6 step 16
FT 1396 10982 0 0 0 0 0 0 0 411 2678 10998 bot 0 step 0
FT 1397 11086 40 0 0 0 0 0 0 416 2654 10998 bot 6 step 20
FT 1398 11110 34 0 0 0 0 0 0 360 2665 10998 bot 6 step 14
FT 1398 11261 0 0 0 0 0 0 0 337 2673 10998 bot 0 step 0
FT 1399 11003 36 0 0 0 0 0 0 340 2687 10998 bot 7 step 16
FT 1400 11114 44 0 0 0 0 0 0 342 2674 10998 bot 7 step 23
FT 1400 10898 0 0 0 0 0 0 0 333 2694 10998 bot 0 step 0
FT 1401 11340 33 0 0 0 0 0 0 328 2683 10998 bot 7 step 15
FT 1402 11212 33 0 0 0 0 0 0 330 2696 10998 bot 6 step 14
FT 1402 10977 0 0 0 0 0 0 0 393 2650 10998 bot 0 step 0
FT 1403 11088 33 0 0 0 0 0 0 340 2671 10998 bot 6 step 14
FT 1404 11069 38 0 0 0 0 0 0 389 2641 10998 bot 6 step 17
FT 1404 11091 0 0 0 0 0 0 0 351 2654 10998 bot 0 step 0
FT 1405 11070 45 0 0 0 0 0 0 352 2657 10998 bot 7 step 17
FT 1406 11350 38 0 0 0 0 0 0 344 2654 10998 bot 7 step 16
FT 1406 10900 0 0 0 0 0 0 0 344 2667 10998 bot 0 step 0
FT 1407 11148 44 0 0 0 0 0 0 375 2663 10998 bot 7 step 16
FT 1408 11202 36 0 0 0 0 0 0 351 2667 10998 bot 5 step 13
FT 1408 10909 0 0 0 0 0 0 0 368 2680 10998 bot 0 step 0
FT 1409 11339 51 0 0 0 0 0 0 335 2651 10998 bot 5 step 14
FT 1410 10910 38 0 0 0 0 0 0 352 2664 10998 bot 6 step 14
FT 1410 11253 0 0 0 0 0 0 0 342 2655 10998 bot 0 step 0
FT 1411 11269 41 0 0 0 0 0 0 337 2683 10998 bot 6 step 20
FT 1412 10800 32 0 0 0 0 0 0 342 2671 10998 bot 6 step 13
FT 1412 11117 0 0 0 0 0 0 0 358 2704 10998 bot 0 step 0
FT 1413 11361 36 0 0 0 0 0 0 335 2621 10998 bot 8 step 15
FT 1414 11042 33 0 0 0 0 0 0 347 2644 10998 bot 6 step 15
FT 1414 11090 0 0 0 0 0 0 0 485 2627 10998 bot 0 step 0
FT 1415 11107 35 0 0 0 0 0 0 363 2621 10998 bot 5 step 17
FT 1416 11104 31 0 0 0 0 0 0 437 2627 10998 bot 5 step 13
FT 1416 11321 0 0 0 0 0 0 0 342 2676 10998 bot 0 step 0
FT 1417 11187 100 0 0 0 0 0 0 337 2665 10998 bot 6 step 79
FT 1418 10887 37 0 0 0 0 0 0 337 2730 10998 bot 6 step 16
FT 1418 11168 0 0 0 0 0 0 0 423 2703 10998 bot 0 step 0
FT 1419 11087 31 0 0 0 0 0 0 365 2710 10998 bot 6 step 13
FT 1420 11210 30 0 0 0 0 0 0 414 2729 10998 bot 5 step 13
FT 1420 10966 0 0 0 0 0 0 0 472 2667 10998 bot 0 step 0
FT 1421 10997 31 0 0 0 0 0 0 338 2677 10998 bot 6 step 13
FT 1422 11167 32 0 0 0 0 0 0 379 2653 10998 bot 6 step 13
FT 1422 11166 0 0 0 0 0 0 0 337 2703 10998 bot 0 step 0
FT 1423 11272 37 0 0 0 0 0 0 344 2706 10998 bot 6 step 16
FT 1424 11101 32 0 0 0 0 0 0 333 2697 10998 bot 6 step 14
FT 1424 10949 0 0 0 0 0 0 0 365 2713 10998 bot 0 step 0
FT 1425 11178 33 0 0 0 0 0 0 462 2720 10998 bot 6 step 14
FT 1426 10909 34 0 0 0 0 0 0 351 2726 10998 bot 5 step 16
FT 1426 11180 0 0 0 0 0 0 0 465 2723 10998 bot 0 step 0
FT 1427 10995 31 0 0 0 0 0 0 439 2684 10998 bot 5 step 13
FT 1428 11006 39 0 0 0 0 0 0 342 2690 10998 bot 6 step 14
FT 1428 11239 0 0 0 0 0 0 0 333 2664 10998 bot 0 step 0
FT 1429 11293 40 0 0 0 0 0 0 331 2674 10998 bot 6 step 19
FT 1430 10958 35 0 0 0 0 0 0 333 2663 10998 bot 6 step 17
FT 1430 11223 0 0 0 0 0 0 0 337 2660 10998 bot 0 step 0
FT 1431 11109 32 0 0 0 0 0 0 370 2655 10998 bot 6 step 13
FT 1432 10901 36 0 0 0 0 0 0 347 2684 10998 bot 5 step 18
FT 1432 11265 0 0 0 0 0 0 0 407 2663 10998 bot 0 step 0
FT 1433 11169 52 0 0 0 0 0 0 351 2660 10998 bot 6 step 14
FT 1434 11023 41 0 0 0 0 0 0 338 2660 10998 bot 6 step 20
FT 1434 11158 0 0 0 0 0 0 0 338 2710 10998 bot 0 step 0
FT 1435 11244 37 0 0 0 0 0 0 344 2673 10998 bot 7 step 16
FT 1436 11076 39 0 0 0 0 0 0 331 2668 10998 bot 6 step 17
FT 1436 11025 0 0 0 0 0 0 0 363 2688 10988 bot 0 step 0
FT 1437 11194 31 0 0 0 0 0 0 407 2680 10988 bot 5 step 12
FT 1438 11164 35 0 0 0 0 0 0 379 2687 10988 bot 7 step 15
FT 1438 10983 0 0 0 0 0 0 0 414 2667 10988 bot 0 step 0
FT 1439 11131 32 0 0 0 0 0 0 338 2677 10988 bot 6 step 13
FT 1440 11074 32 0 0 0 0 0 0 372 2674 10988 bot 6 step 14
FT 1440 11259 0 0 0 0 0 0 0 337 2676 10988 bot 0 step 0
FT 1441 11128 85 0 0 0 0 0 0 349 2671 10988 bot 7 step 63
FT 1442 11080 37 0 0 0 0 0 0 345 2680 10988 bot 6 step 16
FT 1442 11056 0 0 0 0 0 0 0 363 2704 10988 bot 0 step 0
FT 1443 11134 32 0 0 0 0 0 0 381 2693 10988 bot 6 step 14
FT 1444 11119 34 0 0 0 0 0 0 375 2709 10988 bot 6 step 15
FT 1444 11032 0 0 0 0 0 0 0 446 2739 10988 bot 0 step 0
FT 1445 11220 37 0 0 0 0 0 0 352 2694 10988 bot 5 step 13
FT 1446 11008 32 0 0 0 0 0 0 407 2703 10988 bot 6 step 12
FT 1446 11145 0 0 0 0 0 0 0 356 2691 10988 bot 0 step 0
FT 1447 11183 49 0 0 0 0 0 0 368 2717 10988 bot 7 step 26
FT 1448 11054 37 0 0 0 0 0 0 349 2721 10988 bot 6 step 15
FT 1448 11086 0 0 0 0 0 0 0 377 2723 10988 bot 0 step 0
FT 1449 11253 35 0 0 0 0 0 0 404 2707 10988 bot 9 step 13
FT 1450 10973 31 0 0 0 0 0 0 363 2726 10988 bot 6 step 12
FT 1450 11088 0 0 0 0 0 0 0 510 2683 10988 bot 0 step 0
FT 1451 11165 32 0 0 0 0 0 0 338 2694 10988 bot 6 step 14
FT 1452 11080 40 0 0 0 0 0 0 354 2696 10988 bot 5 step 22
FT 1452 10958 0 0 0 0 0 0 0 347 2694 10988 bot 0 step 0
FT 1453 11290 37 0 0 0 0 0 0 345 2700 10988 bot 6 step 16
FT 1454 11111 42 0 0 0 0 0 0 340 2690 10988 bot 6 step 21
FT 1454 11082 0 0 0 0 0 0 0 335 2710 10988 bot 0 step 0
FT 1455 11162 31 0 0 0 0 0 0 354 2698 10988 bot 6 step 13
FT 1456 11080 34 0 0 0 0 0 0 370 2726 10988 bot 6 step 15
FT 1456 11043 0 0 0 0 0 0 0 430 2710 10988 bot 0 step 0
FT 1457 10986 53 0 0 0 0 0 0 345 2706 10988 bot 8 step 13
FT 1458 11278 32 0 0 0 0 0 0 379 2687 10988 bot 6 step 14
FT 1458 11013 0 0 0 0 0 0 0 463 2703 10988 bot 0 step 0
FT 1459 11290 40 0 0 0 0 0 0 337 2717 10988 bot 7 step 18
FT 1460 11088 37 0 0 0 0 0 0 333 2714 10988 bot 6 step 16
FT 1460 11010 0 0 0 0 0 0 0 363 2723 10988 bot 0 step 0
FT 1461 11221 31 0 0 0 0 0 0 405 2723 10988 bot 6 step 13
FT 1462 11078 31 0 0 0 0 0 0 398 2732 10988 bot 5 step 13
FT 1462 10990 0 0 0 0 0 0 0 456 2713 10988 bot 0 step 0
FT 1463 11043 38 0 0 0 0 0 0 342 2706 10988 bot 6 step 14
FT 1464 11186 32 0 0 0 0 0 0 374 2716 10988 bot 6 step 13
FT 1464 11061 0 0 0 0 0 0 0 333 2703 10988 bot 0 step 0
FT 1465 11325 37 0 0 0 0 0 0 337 2706 10988 bot 6 step 16
FT 1466 11026 37 0 0 0 0 0 0 337 2720 10988 bot 6 step 16
FT 1466 11151 0 0 0 0 0 0 0 363 2717 10988 bot 0 step 0
FT 1467 11110 32 0 0 0 0 0 0 363 2723 10988 bot 5 step 13
FT 1468 11145 36 0 0 0 0 0 0 356 2763 10988 bot 6 step 18
FT 1468 10835 0 0 0 0 0 0 0 463 2716 10988 bot 0 step 0
FT 1469 11298 32 0 0 0 0 0 0 337 2717 10988 bot 6 step 13
FT 1470 11063 33 0 0 0 0 0 0 409 2729 10988 bot 6 step 13
FT 1470 11222 0 0 0 0 0 0 0 340 2717 10988 bot 0 step 0
FT 1471 11194 89 0 0 0 0 0 0 335 2717 10988 bot 7 step 66
FT 1472 11015 37 0 0 0 0 0 0 337 2726 10988 bot 7 step 16
FT 1472 11159 0 0 0 0 0 0 0 382 2691 10988 bot 0 step 0
FT 1473 11125 39 0 0 0 0 0 0 361 2769 10988 bot 6 step 16
FT 1474 10976 33 0 0 0 0 0 0 428 2742 10988 bot 6 step 14
FT 1474 11045 0 0 0 0 0 0 0 488 2693 10988 bot 0 step 0
FT 1475 11139 32 0 0 0 0 0 0 360 2720 10988 bot 6 step 13
FT 1476 11173 32 0 0 0 0 0 0 391 2739 10988 bot 5 step 14
FT 1476 11021 0 0 0 0 0 0 0 342 2757 10988 bot 0 step 0
FT 1477 11300 43 0 0 0 0 0 0 337 2749 10988 bot 7 step 19
FT 1478 11059 37 0 0 0 0 0 0 340 2776 10988 bot 6 step 16
FT 1478 11098 0 0 0 0 0 0 0 365 2779 10988 bot 0 step 0
FT 1479 11162 32 0 0 0 0 0 0 356 2786 10988 bot 6 step 13
FT 1480 10844 31 0 0 0 0 0 0 354 2796 10988 bot 5 step 13
FT 1480 11239 0 0 0 0 0 0 0 419 2799 10988 bot 0 step 0
FT 1481 11008 49 0 0 0 0 0 0 435 2729 10988 bot 6 step 13
FT 1482 11230 32 0 0 0 0 0 0 363 2760 10988 bot 6 step 13
FT 1482 11201 0 0 0 0 0 0 0 342 2737 10988 bot 0 step 0
FT 1483 11103 37 0 0 0 0 0 0 349 2737 10988 bot 6 step 16
FT 1484 11133 38 0 0 0 0 0 0 337 2734 10988 bot 7 step 16
FT 1484 11117 0 0 0 0 0 0 0 379 2756 10988 bot 0 step 0
FT 1485 10905 32 0 0 0 0 0 0 361 2766 10988 bot 6 step 13
FT 1486 11309 34 0 0 0 0 0 0 377 2746 10988 bot 6 step 15
FT 1486 11037 0 0 0 0 0 0 0 372 2752 10988 bot 0 step 0
FT 1487 11128 32 0 0 0 0 0 0 409 2740 10988 bot 5 step 14
FT 1488 11113 35 0 0 0 0 0 0 352 2744 10988 bot 6 step 15
FT 1488 11079 0 0 0 0 0 0 0 337 2753 10988 bot 0 step 0
FT 1489 11248 46 0 0 0 0 0 0 347 2759 10988 bot 8 step 22
FT 1490 11057 37 0 0 0 0 0 0 347 2766 10988 bot 7 step 16
FT 1490 11094 0 0 0 0 0 0 0 379 2756 10988 bot 0 step 0
FT 1491 11134 32 0 0 0 0 0 0 363 2773 10988 bot 5 step 13
FT 1492 11090 31 0 0 0 0 0 0 405 2789 10988 bot 6 step 13
FT 1492 11005 0 0 0 0 0 0 0 423 2788 10988 bot 0 step 0
FT 1493 11006 33 0 0 0 0 0 0 455 2753 10988 bot 6 step 14
FT 1494 11178 32 0 0 0 0 0 0 354 2766 10988 bot 6 step 13
FT 1494 11196 0 0 0 0 0 0 0 337 2772 10988 bot 0 step 0
FT 1495 11036 39 0 0 0 0 0 0 338 2765 10988 bot 7 step 13
FT 1496 11291 37 0 0 0 0 0 0 338 2776 10988 bot 7 step 16
FT 1496 10817 0 0 0 0 0 0 0 358 2809 10941 bot 0 step 0
FT 1497 11165 32 0 0 0 0 0 0 414 2783 10941 bot 5 step 13
FT 1498 19106 42 0 0 0 0 0 0 331 2788 10941 bot 7 step 16
FT 1498 3017 0 0 0 0 0 0 0 356 2778 10941 bot 0 step 0
FT 1499 11142 45 0 0 0 0 0 0 363 2790 10941 bot 6 step 21
FT 1500 11334 32 0 0 0 0 0 0 397 2815 10941 bot 5 step 14
FT 1500 10878 0 0 0 0 0 0 0 345 2772 10941 bot 0 step 0
FT 1501 11382 39 0 0 0 0 0 0 338 2792 10941 bot 6 step 19
FT 1502 10905 44 0 0 0 0 0 0 330 2755 10941 bot 7 step 17
FT 1502 11165 0 0 0 0 0 0 0 351 2756 10941 bot 0 step 0
FT 1503 11306 33 0 0 0 0 0 0 331 2756 10941 bot 6 step 14
FT 1504 11017 35 0 0 0 0 0 0 347 2773 10941 bot 5 step 16
FT 1504 11070 0 0 0 0 0 0 0 444 2769 10941 bot 0 step 0
FT 1505 11019 53 0 0 0 0 0 0 338 2763 10941 bot 6 step 18
FT 1506 11342 57 0 0 0 0 0 0 375 2767 10941 bot 6 step 13
FT 1506 10929 0 0 0 0 0 0 0 335 2765 10941 bot 0 step 0
FT 1507 11196 38 0 0 0 0 0 0 338 2769 10941 bot 6 step 16
FT 1508 10976 48 0 0 0 0 0 0 342 2780 10941 bot 7 step 21
FT 1508 11229 0 0 0 0 0 0 0 333 2773 10941 bot 0 step 0
FT 1509 11151 32 0 0 0 0 0 0 333 2782 10941 bot 5 step 14
FT 1510 13088 2088 0 2021 1 0 0 0 365 2793 10941 bot 6 step 2061
FT 1510 9370 0 0 0 0 0 0 0 367 2792 10941 bot 0 step 0
FT 1511 10644 32 0 0 0 0 0 0 467 2788 10941 bot 6 step 13
FT 1512 11249 32 0 0 0 0 0 0 337 2786 10941 bot 5 step 13
FT 1512 10928 0 0 0 0 0 0 0 370 2783 10941 bot 0 step 0
FT 1513 11323 41 0 0 0 0 0 0 340 2780 10941 bot 11 step 16
FT 1514 11119 37 0 0 0 0 0 0 344 2783 10941 bot 6 step 16
FT 1514 11135 0 0 0 0 0 0 0 342 2801 10941 bot 0 step 0
FT 1515 11181 33 0 0 0 0 0 0 356 2812 10941 bot 6 step 13
FT 1516 11074 35 0 0 0 0 0 0 388 2802 10941 bot 7 step 16
FT 1516 11007 0 0 0 0 0 0 0 412 2806 10941 bot 0 step 0
FT 1517 11190 37 0 0 0 0 0 0 455 2786 10941 bot 5 step 15
FT 1518 10955 31 0 0 0 0 0 0 351 2792 10941 bot 5 step 13
FT 1518 11268 0 0 0 0 0 0 0 338 2792 10941 bot 0 step 0
FT 1519 11233 45 0 0 0 0 0 0 340 2848 10941 bot 7 step 21
FT 1520 10941 44 0 0 0 0 0 0 344 2835 10941 bot 7 step 16
FT 1520 11163 0 0 0 0 0 0 0 354 2842 10941 bot 0 step 0
FT 1521 11194 37 0 0 0 0 0 0 356 2842 10941 bot 6 step 18
FT 1522 11103 32 0 0 0 0 0 0 363 2867 10941 bot 5 step 13
FT 1522 11022 0 0 0 0 0 0 0 419 2862 10941 bot 0 step 0
FT 1523 11010 31 0 0 0 0 0 0 430 2822 10941 bot 5 step 13
FT 1524 11098 38 0 0 0 0 0 0 377 2845 10941 bot 6 step 13
FT 1524 11126 0 0 0 0 0 0 0 338 2831 10941 bot 0 step 0
FT 1525 11130 37 0 0 0 0 0 0 337 2845 10941 bot 6 step 14
FT 1526 11161 38 0 0 0 0 0 0 338 2832 10941 bot 6 step 16
FT 1526 11221 0 0 0 0 0 0 0 340 2872 10941 bot 0 step 0
FT 1527 11133 31 0 0 0 0 0 0 361 2864 10941 bot 6 step 14
FT 1528 11073 37 0 0 0 0 0 0 409 2859 10941 bot 6 step 14
FT 1528 10869 0 0 0 0 0 0 0 467 2858 10941 bot 0 step 0
FT 1529 11165 50 0 0 0 0 0 0 479 2884 10941 bot 6 step 14
FT 1530 11045 33 0 0 0 0 0 0 456 2713 10941 bot 6 step 15
FT 1530 11294 0 0 0 0 0 0 0 333 2674 10941 bot 0 step 0
FT 1531 11237 42 0 0 0 0 0 0 338 2802 10941 bot 6 step 21
FT 1532 11041 44 0 0 0 0 0 0 340 2852 10941 bot 7 step 18
FT 1532 11075 0 0 0 0 0 0 0 354 2878 10941 bot 0 step 0
FT 1533 11148 37 0 0 0 0 0 0 356 2861 10941 bot 6 step 17
FT 1534 11138 38 0 0 0 0 0 0 409 2854 10941 bot 5 step 16
FT 1534 10988 0 0 0 0 0 0 0 411 2851 10941 bot 0 step 0
FT 1535 11254 34 0 0 0 0 0 0 437 2858 10941 bot 6 step 15
FT 1536 11006 33 0 0 0 0 0 0 347 2839 10941 bot 6 step 15
FT 1536 11115 0 0 0 0 0 0 0 342 2825 10941 bot 0 step 0
FT 1537 11283 43 0 0 0 0 0 0 340 2798 10941 bot 7 step 20
FT 1538 11777 811 0 0 0 0 0 0 335 2789 10941 bot 786 step 12
FT 1538 10188 0 0 0 0 0 0 0 361 2782 10941 bot 0 step 0
FT 1539 11179 39 0 0 0 0 0 0 386 2676 10941 bot 6 step 18
FT 1540 11093 40 0 0 0 0 0 0 354 2676 10941 bot 6 step 15
FT 1540 11174 0 0 0 0 0 0 0 414 2660 10941 bot 0 step 0
FT 1541 11137 32 0 0 0 0 0 0 449 2592 10941 bot 6 step 14
FT 1542 11060 33 0 0 0 0 0 0 356 2566 10941 bot 5 step 14
FT 1542 11039 0 0 0 0 0 0 0 358 2530 10941 bot 0 step 0
FT 1543 10994 32 0 0 0 0 0 0 342 2516 10941 bot 5 step 14
FT 1544 11125 33 0 0 0 0 0 0 335 2486 10941 bot 6 step 15
FT 1544 11300 0 0 0 0 0 0 0 333 2480 10941 bot 0 step 0
FT 1545 11159 32 0 0 0 0 0 0 335 2480 10941 bot 5 step 15
FT 1546 11125 34 0 0 0 0 0 0 377 2479 10941 bot 6 step 16
FT 1546 10924 0 0 0 0 0 0 0 421 2477 10941 bot 0 step 0
FT 1547 11221 33 0 0 0 0 0 0 448 2466 10941 bot 6 step 15
FT 1548 11148 32 0 0 0 0 0 0 351 2473 10941 bot 6 step 14
FT 1548 10951 0 0 0 0 0 0 0 331 2467 10941 bot 0 step 0
FT 1549 11130 63 0 0 0 0 0 0 344 2450 10941 bot 6 step 42
FT 1550 11121 37 0 0 0 0 0 0 330 2453 10941 bot 6 step 17
FT 1550 11214 0 0 0 0 0 0 0 340 2459 10941 bot 0 step 0
FT 1551 11120 38 0 0 0 0 0 0 338 2473 10941 bot 6 step 17
FT 1552 11097 34 0 0 0 0 0 0 416 2469 10941 bot 6 step 13
FT 1552 11127 0 0 0 0 0 0 0 354 2473 10941 bot 0 step 0
FT 1553 11097 33 0 0 0 0 0 0 384 2466 10941 bot 6 step 14
FT 1554 11116 32 0 0 0 0 0 0 347 2473 10941 bot 6 step 14
FT 1554 11150 0 0 0 0 0 0 0 340 2483 10941 bot 0 step 0
FT 1555 11055 38 0 0 0 0 0 0 338 2467 10941 bot 7 step 17
FT 1556 11116 38 0 0 0 0 0 0 338 2480 10941 bot 6 step 16
FT 1556 10969 0 0 0 0 0 0 0 347 2476 10934 bot 0 step 0
FT 1557 11330 37 0 0 0 0 0 0 379 2470 10934 bot 7 step 16
FT 1558 11034 31 0 0 0 0 0 0 347 2494 10934 bot 5 step 14
FT 1558 11130 0 0 0 0 0 0 0 425 2490 10934 bot 0 step 0
FT 1559 10939 38 0 0 0 0 0 0 418 2471 10934 bot 7 step 17
FT 1560 11185 32 0 0 0 0 0 0 347 2473 10934 bot 5 step 13
FT 1560 11106 0 0 0 0 0 0 0 342 2473 10934 bot 0 step 0
FT 1561 11078 33 0 0 0 0 0 0 335 2464 10934 bot 6 step 15
FT 1562 11220 36 0 0 0 0 0 0 337 2467 10934 bot 6 step 16
FT 1562 10940 0 0 0 0 0 0 0 338 2470 10934 bot 0 step 0
FT 1563 11395 51 0 0 0 0 0 0 358 2464 10934 bot 6 step 14
FT 1564 10966 38 0 0 0 0 0 0 333 2490 10934 bot 7 step 18
FT 1564 11136 0 0 0 0 0 0 0 444 2522 10934 bot 0 step 0
FT 1565 11154 35 0 0 0 0 0 0 421 2469 10934 bot 6 step 14
FT 1566 11049 35 0 0 0 0 0 0 342 2463 10934 bot 6 step 16
FT 1566 10903 0 0 0 0 0 0 0 342 2460 10934 bot 0 step 0
FT 1567 11297 42 0 0 0 0 0 0 338 2467 10934 bot 8 step 19
FT 1568 11133 43 0 0 0 0 0 0 333 2460 10934 bot 7 step 22
FT 1568 11157 0 0 0 0 0 0 0 349 2463 10934 bot 0 step 0
FT 1569 11221 35 0 0 0 0 0 0 351 2492 10934 bot 8 step 14
FT 1570 11034 32 0 0 0 0 0 0 400 2474 10934 bot 5 step 13
FT 1570 11053 0 0 0 0 0 0 0 425 2477 10934 bot 0 step 0
FT 1571 11180 32 0 0 0 0 0 0 483 2476 10934 bot 5 step 13
FT 1572 11043 32 0 0 0 0 0 0 368 2483 10934 bot 6 step 14
FT 1572 11041 0 0 0 0 0 0 0 340 2471 10934 bot 0 step 0
FT 1573 11307 38 0 0 0 0 0 0 349 2474 10934 bot 7 step 15
FT 1574 10952 37 0 0 0 0 0 0 337 2473 10934 bot 6 step 16
FT 1574 11135 0 0 0 0 0 0 0 363 2469 10934 bot 0 step 0
FT 1575 11102 34 0 0 0 0 0 0 352 2502 10934 bot 6 step 15
FT 1576 11157 34 0 0 0 0 0 0 370 2486 10934 bot 6 step 16
FT 1576 11066 0 0 0 0 0 0 0 407 2486 10934 bot 0 step 0
FT 1577 10963 31 0 0 0 0 0 0 455 2506 10934 bot 5 step 14
FT 1578 11320 32 0 0 0 0 0 0 386 2486 10934 bot 6 step 14
FT 1578 11084 0 0 0 0 0 0 0 351 2503 10934 bot 0 step 0
FT 1579 11184 43 0 0 0 0 0 0 342 2506 10934 bot 6 step 22
FT 1580 10979 33 0 0 0 0 0 0 347 2509 10934 bot 6 step 14
FT 1580 11090 0 0 0 0 0 0 0 358 2509 10934 bot 0 step 0
FT 1581 11151 38 0 0 0 0 0 0 344 2510 10934 bot 6 step 19
FT 1582 11168 32 0 0 0 0 0 0 352 2507 10934 bot 6 step 14
FT 1582 11016 0 0 0 0 0 0 0 356 2532 10934 bot 0 step 0
FT 1583 11171 37 0 0 0 0 0 0 432 2523 10934 bot 5 step 19
FT 1584 10945 35 0 0 0 0 0 0 354 2542 10934 bot 5 step 14
FT 1584 11069 0 0 0 0 0 0 0 347 2552 10934 bot 0 step 0
FT 1585 11415 37 0 0 0 0 0 0 335 2559 10934 bot 6 step 17
FT 1586 11029 39 0 0 0 0 0 0 338 2572 10934 bot 7 step 18
FT 1586 11039 0 0 0 0 0 0 0 351 2608 10934 bot 0 step 0
FT 1587 11136 66 0 0 0 0 0 0 382 2605 10934 bot 7 step 17
FT 1588 11177 32 0 0 0 0 0 0 351 2632 10934 bot 6 step 14
FT 1588 11031 0 0 0 0 0 0 0 356 2684 10934 bot 0 step 0
FT 1589 11180 32 0 0 0 0 0 0 430 2713 10934 bot 6 step 13
FT 1590 11046 35 0 0 0 0 0 0 351 2733 10934 bot 6 step 14
FT 1590 11064 0 0 0 0 0 0 0 342 2773 10934 bot 0 step 0
FT 1591 11023 35 0 0 0 0 0 0 342 2828 10934 bot 6 step 17
FT 1592 11078 63 0 0 0 0 0 0 333 2871 10934 bot 6 step 14
FT 1592 11072 0 0 0 0 0 0 0 335 2936 10934 bot 0 step 0
FT 1593 11149 32 0 0 0 0 0 0 337 2943 10934 bot 6 step 15
FT 1594 11274 33 0 0 0 0 0 0 331 2973 10934 bot 5 step 16
FT 1594 11105 0 0 0 0 0 0 0 349 3000 10934 bot 0 step 0
FT 1595 11127 33 0 0 0 0 0 0 409 3056 10934 bot 5 step 15
FT 1596 11002 34 0 0 0 0 0 0 347 3046 10934 bot 6 step 16
FT 1596 11038 0 0 0 0 0 0 0 338 3038 10934 bot 0 step 0
FT 1597 11363 39 0 0 0 0 0 0 333 3049 10934 bot 6 step 18
FT 1598 10782 33 0 0 0 0 0 0 331 3039 10934 bot 5 step 15
FT 1598 11274 0 0 0 0 0 0 0 333 3046 10934 bot 0 step 0
FT 1599 11342 37 0 0 0 0 0 0 331 3046 10934 bot 7 step 17
FT 1600 11067 42 0 0 0 0 0 0 356 3098 10934 bot 9 step 18
FT 1600 10960 0 0 0 0 0 0 0 409 3038 10934 bot 0 step 0
FT 1601 11216 35 0 0 0 0 0 0 449 3023 10934 bot 6 step 16
FT 1602 11148 33 0 0 0 0 0 0 349 3026 10934 bot 5 step 15
FT 1602 10986 0 0 0 0 0 0 0 361 3012 10934 bot 0 step 0
FT 1603 12057 759 0 0 0 0 0 0 345 3098 10934 bot 733 step 13
FT 1604 10197 39 0 0 0 0 0 0 321 2437 10934 bot 6 step 19
FT 1604 11078 0 0 0 0 0 0 0 317 2430 10934 bot 0 step 0
FT 1605 11247 38 0 0 0 0 0 0 300 2436 10934 bot 6 step 19
FT 1606 10868 42 0 0 0 0 0 0 316 2474 10934 bot 6 step 17
FT 1606 11229 0 0 0 0 0 0 0 340 2440 10934 bot 0 step 0
FT 1607 11149 34 0 0 0 0 0 0 312 2459 10934 bot 6 step 15
FT 1608 11132 38 0 0 0 0 0 0 333 2450 10934 bot 5 step 20
FT 1608 10976 0 0 0 0 0 0 0 284 2459 10934 bot 0 step 0
FT 1609 10988 35 0 0 0 0 0 0 287 2443 10934 bot 6 step 17
FT 1610 11247 37 0 0 0 0 0 0 289 2444 10934 bot 6 step 17
FT 1610 10954 0 0 0 0 0 0 0 300 2444 10934 bot 0 step 0
FT 1611 11334 39 0 0 0 0 0 0 289 2434 10934 bot 7 step 18
FT 1612 11129 36 0 0 0 0 0 0 294 2430 10934 bot 5 step 17
FT 1612 11046 0 0 0 0 0 0 0 321 2437 10934 bot 0 step 0
FT 1613 11180 33 0 0 0 0 0 0 326 2453 10934 bot 6 step 15
FT 1614 11069 50 0 0 0 0 0 0 372 2436 10934 bot 6 step 14
FT 1614 11064 0 0 0 0 0 0 0 294 2440 10934 bot 0 step 0
FT 1615 11268 39 0 0 0 0 0 0 317 2450 10934 bot 6 step 19
FT 1616 11091 39 0 0 0 0 0 0 296 2430 10934 bot 6 step 18
FT 1616 11052 0 0 0 0 0 0 0 303 2424 10937 bot 0 step 0
FT 1617 10977 33 0 0 0 0 0 0 314 2447 10937 bot 5 step 16
FT 1618 11993 680 0 0 0 0 0 0 351 2438 10937 bot 652 step 13
FT 1618 10301 0 0 0 0 0 0 0 303 2509 10937 bot 0 step 0
FT 1619 11111 39 0 0 0 0 0 0 340 2497 10937 bot 6 step 15
FT 1620 11180 33 0 0 0 0 0 0 379 2450 10937 bot 6 step 15
FT 1620 10981 0 0 0 0 0 0 0 361 2444 10937 bot 0 step 0
FT 1621 11317 48 0 0 0 0 0 0 365 2434 10937 bot 7 step 25
FT 1622 11120 38 0 0 0 0 0 0 370 2436 10937 bot 6 step 17
FT 1622 11086 0 0 0 0 0 0 0 335 2450 10937 bot 0 step 0
FT 1623 10980 43 0 0 0 0 0 0 331 2461 10937 bot 6 step 23
FT 1624 11225 34 0 0 0 0 0 0 330 2447 10937 bot 5 step 16
FT 1624 10979 0 0 0 0 0 0 0 344 2467 10937 bot 0 step 0
FT 1625 11210 33 0 0 0 0 0 0 377 2463 10937 bot 6 step 14
FT 1626 11038 32 0 0 0 0 0 0 397 2440 10937 bot 5 step 15
FT 1626 11108 0 0 0 0 0 0 0 314 2447 10937 bot 0 step 0
FT 1627 11170 34 0 0 0 0 0 0 321 2457 10937 bot 6 step 14
FT 1628 11233 40 0 0 0 0 0 0 317 2446 10937 bot 6 step 19
FT 1628 10886 0 0 0 0 0 0 0 319 2470 10937 bot 0 step 0
FT 1629 11332 35 0 0 0 0 0 0 340 2437 10937 bot 7 step 15
FT 1630 11073 33 0 0 0 0 0 0 319 2471 10937 bot 6 step 15
FT 1630 10926 0 0 0 0 0 0 0 474 2461 10937 bot 0 step 0
FT 1631 11003 43 0 0 0 0 0 0 391 2467 10937 bot 7 step 16
FT 1632 11314 33 0 0 0 0 0 0 460 2467 10937 bot 5 step 15
FT 1632 18557 0 0 0 0 0 0 0 402 2492 10937 bot 0 step 0
FT 1633 4352 881 0 0 0 0 0 0 330 2490 10937 bot 854 step 13
FT 1634 10327 86 0 0 0 0 0 0 412 2526 10937 bot 45 step 20
FT 1634 11209 0 0 0 0 0 0 0 476 2487 10937 bot 0 step 0
FT 1635 11198 36 0 0 0 0 0 0 324 2496 10937 bot 6 step 17
FT 1636 10987 49 0 0 0 0 0 0 338 2516 10937 bot 7 step 21
FT 1636 11199 0 0 0 0 0 0 0 391 2539 10937 bot 0 step 0
FT 1637 11096 36 0 0 0 0 0 0 368 2473 10937 bot 5 step 18
FT 1638 10995 50 0 0 0 0 0 0 407 2464 10937 bot 5 step 15
FT 1638 11159 0 0 0 0 0 0 0 347 2483 10937 bot 0 step 0
FT 1639 11116 66 0 0 0 0 0 0 337 2467 10937 bot 5 step 47
FT 1640 10998 61 0 0 0 0 0 0 333 2469 10937 bot 5 step 43
FT 1640 11161 0 0 0 0 0 0 0 330 2467 10937 bot 0 step 0
FT 1641 11305 37 0 0 0 0 0 0 328 2463 10937 bot 6 step 18
FT 1642 11158 34 0 0 0 0 0 0 340 2494 10937 bot 6 step 16
FT 1642 10967 0 0 0 0 0 0 0 432 2515 10937 bot 0 step 0
FT 1643 11186 38 0 0 0 0 0 0 486 2496 10937 bot 6 step 20
FT 1644 11104 33 0 0 0 0 0 0 442 2482 10937 bot 6 step 15
FT 1644 10918 0 0 0 0 0 0 0 335 2490 10937 bot 0 step 0
FT 1645 11075 33 0 0 0 0 0 0 333 2490 10937 bot 5 step 15
FT 1646 11367 40 0 0 0 0 0 0 331 2490 10937 bot 6 step 19
FT 1646 11071 0 0 0 0 0 0 0 335 2532 10937 bot 0 step 0
FT 1647 11178 37 0 0 0 0 0 0 342 2533 10937 bot 7 step 17
FT 1648 11121 33 0 0 0 0 0 0 342 2556 10937 bot 6 step 15
FT 1648 10976 0 0 0 0 0 0 0 405 2561 10937 bot 0 step 0
FT 1649 11022 32 0 0 0 0 0 0 453 2509 10937 bot 5 step 14
FT 1650 11266 33 0 0 0 0 0 0 398 2513 10937 bot 6 step 15
FT 1650 11116 0 0 0 0 0 0 0 398 2542 10937 bot 0 step 0
FT 1651 11064 34 0 0 0 0 0 0 333 2505 10937 bot 5 step 17
FT 1652 11132 38 0 0 0 0 0 0 333 2509 10937 bot 6 step 18
FT 1652 11066 0 0 0 0 0 0 0 337 2516 10937 bot 0 step 0
FT 1653 11263 39 0 0 0 0 0 0 363 2510 10937 bot 7 step 17
FT 1654 11147 35 0 0 0 0 0 0 368 2517 10937 bot 6 step 17
FT 1654 10945 0 0 0 0 0 0 0 418 2523 10937 bot 0 step 0
FT 1655 11097 32 0 0 0 0 0 0 476 2509 10937 bot 6 step 14
FT 1656 10977 33 0 0 0 0 0 0 351 2502 10937 bot 6 step 14
FT 1656 10987 0 0 0 0 0 0 0 331 2506 10937 bot 0 step 0
FT 1657 11227 37 0 0 0 0 0 0 333 2509 10937 bot 6 step 14
FT 1658 11207 38 0 0 0 0 0 0 342 2494 10937 bot 7 step 16
FT 1658 11167 0 0 0 0 0 0 0 337 2492 10937 bot 0 step 0
FT 1659 11202 45 0 0 0 0 0 0 338 2490 10937 bot 7 step 18
FT 1660 11105 33 0 0 0 0 0 0 344 2516 10937 bot 6 step 14
FT 1660 10801 0 0 0 0 0 0 0 393 2516 10937 bot 0 step 0
FT 1661 11347 32 0 0 0 0 0 0 402 2503 10937 bot 6 step 13
FT 1662 11121 50 0 0 0 0 0 0 354 2500 10937 bot 6 step 14
FT 1662 11049 0 0 0 0 0 0 0 331 2510 10937 bot 0 step 0
FT 1663 11085 58 0 0 0 0 0 0 335 2513 10937 bot 7 step 18
FT 1664 11102 47 0 0 0 0 0 0 340 2500 10937 bot 8 step 18
FT 1664 11130 0 0 0 0 0 0 0 337 2555 10937 bot 0 step 0
FT 1665 11229 39 0 0 0 0 0 0 335 2519 10937 bot 7 step 18
FT 1666 11129 37 0 0 0 0 0 0 347 2573 10937 bot 7 step 17
FT 1666 11051 0 0 0 0 0 0 0 372 2558 10937 bot 0 step 0
FT 1667 11204 37 0 0 0 0 0 0 386 2582 10937 bot 6 step 16
FT 1668 11002 32 0 0 0 0 0 0 481 2566 10937 bot 6 step 14
FT 1668 11075 0 0 0 0 0 0 0 358 2549 10937 bot 0 step 0
FT 1669 11663 35 0 0 0 0 0 0 360 2555 10937 bot 6 step 17
FT 1670 10944 38 0 0 0 0 0 0 382 2543 10937 bot 6 step 17
FT 1670 10999 0 0 0 0 0 0 0 570 2529 10937 bot 0 step 0
FT 1671 10741 32 0 0 0 0 0 0 398 2513 10937 bot 6 step 13
FT 1672 11098 33 0 0 0 0 0 0 368 2509 10937 bot 6 step 14
FT 1672 10946 0 0 0 0 0 0 0 351 2529 10937 bot 0 step 0
FT 1673 11194 33 0 0 0 0 0 0 349 2509 10937 bot 6 step 14
FT 1674 11355 32 0 0 0 0 0 0 358 2513 10937 bot 6 step 14
FT 1674 10942 0 0 0 0 0 0 0 347 2512 10937 bot 0 step 0
FT 1675 11255 38 0 0 0 0 0 0 337 2517 10937 bot 6 step 17
FT 1676 11124 37 0 0 0 0 0 0 330 2509 10937 bot 7 step 16
FT 1676 11038 0 0 0 0 0 0 0 337 2506 10984 bot 0 step 0
FT 1677 11175 38 0 0 0 0 0 0 335 2502 10984 bot 6 step 17
FT 1678 11019 34 0 0 0 0 0 0 349 2516 10984 bot 6 step 14
FT 1678 11122 0 0 0 0 0 0 0 358 2519 10984 bot 0 step 0
FT 1679 11167 32 0 0 0 0 0 0 365 2529 10984 bot 6 step 13
FT 1680 11140 32 0 0 0 0 0 0 386 2548 10984 bot 6 step 13
FT 1680 11007 0 0 0 0 0 0 0 335 2509 10984 bot 0 step 0
FT 1681 11295 41 0 0 0 0 0 0 335 2510 10984 bot 6 step 20
FT 1682 10886 40 0 0 0 0 0 0 333 2615 10984 bot 6 step 15
FT 1682 11113 0 0 0 0 0 0 0 337 2635 10984 bot 0 step 0
FT 1683 11250 38 0 0 0 0 0 0 349 2549 10984 bot 7 step 16
FT 1684 10927 37 0 0 0 0 0 0 352 2509 10984 bot 6 step 17
FT 1684 11190 0 0 0 0 0 0 0 354 2528 10984 bot 0 step 0
FT 1685 11201 40 0 0 0 0 0 0 393 2523 10984 bot 7 step 19
FT 1686 11083 49 0 0 0 0 0 0 437 2515 10984 bot 5 step 14
FT 1686 11176 0 0 0 0 0 0 0 337 2512 10984 bot 0 step 0
FT 1687 11049 32 0 0 0 0 0 0 338 2519 10984 bot 5 step 14
FT 1688 10986 49 0 0 0 0 0 0 333 2517 10984 bot 21 step 14
FT 1688 11011 0 0 0 0 0 0 0 331 2516 10984 bot 0 step 0
FT 1689 11317 37 0 0 0 0 0 0 333 2517 10984 bot 6 step 17
FT 1690 11132 38 0 0 0 0 0 0 342 2519 10984 bot 7 step 17
FT 1690 11041 0 0 0 0 0 0 0 349 2528 10984 bot 0 step 0
FT 1691 11191 33 0 0 0 0 0 0 356 2533 10984 bot 6 step 14
FT 1692 11081 32 0 0 0 0 0 0 367 2523 10984 bot 5 step 14
FT 1692 11080 0 0 0 0 0 0 0 335 2517 10984 bot 0 step 0
FT 1693 10978 32 0 0 0 0 0 0 333 2513 10984 bot 5 step 14
FT 1694 11297 38 0 0 0 0 0 0 337 2526 10984 bot 7 step 18
FT 1694 10999 0 0 0 0 0 0 0 338 2510 10984 bot 0 step 0
FT 1695 11349 38 0 0 0 0 0 0 347 2513 10984 bot 6 step 17
FT 1696 11069 42 0 0 0 0 0 0 335 2536 10984 bot 6 step 21
FT 1696 10818 0 0 0 0 0 0 0 398 2542 10984 bot 0 step 0
FT 1697 11291 33 0 0 0 0 0 0 391 2523 10984 bot 6 step 15
FT 1698 11154 33 0 0 0 0 0 0 358 2551 10984 bot 6 step 15
FT 1698 10934 0 0 0 0 0 0 0 402 2520 10984 bot 0 step 0
FT 1699 11047 34 0 0 0 0 0 0 335 2545 10984 bot 5 step 16
FT 1700 11320 39 0 0 0 0 0 0 340 2543 10984 bot 7 step 17
FT 1700 10990 0 0 0 0 0 0 0 368 2539 10984 bot 0 step 0
FT 1701 11184 48 0 0 0 0 0 0 609 2540 10984 bot 8 step 18
FT 1702 11468 33 0 0 0 0 0 0 587 2545 10984 bot 6 step 14
FT 1702 11011 0 0 0 0 0 0 0 421 2532 10984 bot 0 step 0
FT 1703 10909 32 0 0 0 0 0 0 333 2523 10984 bot 6 step 14
FT 1704 10922 37 0 0 0 0 0 0 340 2532 10984 bot 5 step 19
FT 1704 11058 0 0 0 0 0 0 0 335 2523 10984 bot 0 step 0
FT 1705 11126 54 0 0 0 0 0 0 333 2535 10984 bot 8 step 26
FT 1706 11234 56 0 0 0 0 0 0 340 2535 10984 bot 6 step 18
FT 1706 11086 0 0 0 0 0 0 0 409 2528 10984 bot 0 step 0
FT 1707 11329 38 0 0 0 0 0 0 344 2532 10984 bot 6 step 16
FT 1708 11131 37 0 0 0 0 0 0 342 2533 10984 bot 6 step 17
FT 1708 10810 0 0 0 0 0 0 0 358 2549 10984 bot 0 step 0
FT 1709 11329 32 0 0 0 0 0 0 402 2539 10984 bot 6 step 14
FT 1710 11112 49 0 0 0 0 0 0 354 2536 10984 bot 6 step 14
FT 1710 10942 0 0 0 0 0 0 0 335 2528 10984 bot 0 step 0
FT 1711 11097 34 0 0 0 0 0 0 344 2539 10984 bot 5 step 16
FT 1712 11377 40 0 0 0 0 0 0 342 2552 10984 bot 7 step 18
FT 1712 11010 0 0 0 0 0 0 0 337 2536 10984 bot 0 step 0
FT 1713 11104 39 0 0 0 0 0 0 351 2543 10984 bot 7 step 18
FT 1714 11186 41 0 0 0 0 0 0 354 2542 10984 bot 7 step 19
FT 1714 11049 0 0 0 0 0 0 0 349 2546 10984 bot 0 step 0
FT 1715 11104 33 0 0 0 0 0 0 407 2568 10984 bot 6 step 14
FT 1716 11073 32 0 0 0 0 0 0 404 2553 10984 bot 6 step 14
FT 1716 10957 0 0 0 0 0 0 0 389 2536 10984 bot 0 step 0
FT 1717 11500 34 0 0 0 0 0 0 414 2529 10984 bot 6 step 15
FT 1718 11293 37 0 0 0 0 0 0 630 2535 10984 bot 7 step 16
FT 1718 10945 0 0 0 0 0 0 0 356 2558 10984 bot 0 step 0
FT 1719 10729 32 0 0 0 0 0 0 386 2536 10984 bot 5 step 14
FT 1720 11103 33 0 0 0 0 0 0 363 2536 10984 bot 6 step 14
FT 1720 11060 0 0 0 0 0 0 0 338 2503 10984 bot 0 step 0
FT 1721 11199 32 0 0 0 0 0 0 351 2500 10984 bot 5 step 14
FT 1722 11107 32 0 0 0 0 0 0 356 2523 10984 bot 5 step 14
FT 1722 11151 0 0 0 0 0 0 0 389 2500 10984 bot 0 step 0
FT 1723 11168 46 0 0 0 0 0 0 333 2500 10984 bot 6 step 15
FT 1724 11107 39 0 0 0 0 0 0 337 2532 10984 bot 7 step 17
FT 1724 11187 0 0 0 0 0 0 0 338 2530 10984 bot 0 step 0
FT 1725 11163 39 0 0 0 0 0 0 337 2528 10984 bot 6 step 18
FT 1726 11155 45 0 0 0 0 0 0 344 2535 10984 bot 7 step 25
FT 1726 10968 0 0 0 0 0 0 0 354 2555 10984 bot 0 step 0
FT 1727 11149 32 0 0 0 0 0 0 389 2545 10984 bot 6 step 14
FT 1728 11047 33 0 0 0 0 0 0 368 2530 10984 bot 6 step 14
FT 1728 11167 0 0 0 0 0 0 0 342 2559 10984 bot 0 step 0
FT 1729 11089 36 0 0 0 0 0 0 335 2532 10984 bot 6 step 16
FT 1730 11227 39 0 0 0 0 0 0 349 2538 10984 bot 6 step 18
FT 1730 11058 0 0 0 0 0 0 0 337 2532 10984 bot 0 step 0
FT 1731 11165 38 0 0 0 0 0 0 352 2535 10984 bot 7 step 17
FT 1732 11126 32 0 0 0 0 0 0 351 2562 10984 bot 6 step 14
FT 1732 11076 0 0 0 0 0 0 0 432 2549 10984 bot 0 step 0
FT 1733 11143 37 0 0 0 0 0 0 768 2539 10984 bot 6 step 17
FT 1734 11077 50 0 0 0 0 0 0 499 2526 10984 bot 5 step 14
FT 1734 11012 0 0 0 0 0 0 0 340 2506 10984 bot 0 step 0
FT 1735 11078 33 0 0 0 0 0 0 338 2500 10984 bot 5 step 14
FT 1736 11006 54 0 0 0 0 0 0 337 2525 10984 bot 6 step 15
FT 1736 10959 0 0 0 0 0 0 0 337 2553 11102 bot 0 step 0
FT 1737 11313 38 0 0 0 0 0 0 338 2543 11102 bot 7 step 16
FT 1738 11154 40 0 0 0 0 0 0 340 2532 11102 bot 7 step 18
FT 1738 11112 0 0 0 0 0 0 0 356 2538 11102 bot 0 step 0
FT 1739 11191 32 0 0 0 0 0 0 347 2543 11102 bot 5 step 14
FT 1740 11087 32 0 0 0 0 0 0 397 2551 11102 bot 6 step 14
FT 1740 11046 0 0 0 0 0 0 0 411 2533 11102 bot 0 step 0
FT 1741 11131 35 0 0 0 0 0 0 340 2520 11102 bot 6 step 17
FT 1742 11211 44 0 0 0 0 0 0 340 2526 11102 bot 7 step 23
FT 1742 11103 0 0 0 0 0 0 0 333 2532 11102 bot 0 step 0
FT 1743 11187 39 0 0 0 0 0 0 349 2522 11102 bot 7 step 17
FT 1744 11052 42 0 0 0 0 0 0 356 2556 11102 bot 7 step 20
FT 1744 11041 0 0 0 0 0 0 0 398 2542 11102 bot 0 step 0
FT 1745 11109 32 0 0 0 0 0 0 386 2555 11102 bot 6 step 13
FT 1746 11168 34 0 0 0 0 0 0 393 2538 11102 bot 6 step 15
FT 1746 10955 0 0 0 0 0 0 0 344 2573 11102 bot 0 step 0
FT 1747 11132 34 0 0 0 0 0 0 344 2568 11102 bot 6 step 14
FT 1748 11272 40 0 0 0 0 0 0 337 2530 11102 bot 7 step 18
FT 1748 10968 0 0 0 0 0 0 0 340 2571 11102 bot 0 step 0
FT 1749 11063 46 0 0 0 0 0 0 375 2543 11102 bot 7 step 21
FT 1750 11408 34 0 0 0 0 0 0 412 2509 11102 bot 7 step 15
FT 1750 10984 0 0 0 0 0 0 0 354 2535 11102 bot 0 step 0
FT 1751 11034 34 0 0 0 0 0 0 435 2525 11102 bot 7 step 15
FT 1752 10997 34 0 0 0 0 0 0 344 2563 11102 bot 6 step 15
FT 1752 11008 0 0 0 0 0 0 0 338 2586 11102 bot 0 step 0
FT 1753 11202 33 0 0 0 0 0 0 338 2569 11102 bot 6 step 15
FT 1754 11249 43 0 0 0 0 0 0 342 2539 11102 bot 7 step 18
FT 1754 11025 0 0 0 0 0 0 0 342 2546 11102 bot 0 step 0
FT 1755 11289 40 0 0 0 0 0 0 349 2532 11102 bot 7 step 18
FT 1756 11136 46 0 0 0 0 0 0 333 2545 11102 bot 7 step 23
FT 1756 10968 0 0 0 0 0 0 0 375 2548 11102 bot 0 step 0
FT 1757 11121 35 0 0 0 0 0 0 393 2565 11102 bot 6 step 16
FT 1758 11101 41 0 0 0 0 0 0 391 2596 11102 bot 6 step 22
FT 1758 11092 0 0 0 0 0 0 0 333 2621 11102 bot 0 step 0
FT 1759 11355 37 0 0 0 0 0 0 352 2582 11102 bot 7 step 17
FT 1760 10840 53 0 0 0 0 0 0 335 2533 11102 bot 6 step 16
FT 1760 11143 0 0 0 0 0 0 0 358 2536 11102 bot 0 step 0
FT 1761 11127 39 0 0 0 0 0 0 337 2536 11102 bot 7 step 17
FT 1762 11028 53 0 0 0 0 0 0 351 2535 11102 bot 8 step 21
FT 1762 13335 0 0 2108 1 0 0 0 354 2532 11102 bot 0 step 0
FT 1763 9290 34 0 0 0 0 0 0 352 2558 11102 bot 6 step 15
FT 1764 10811 35 0 0 0 0 0 0 485 2555 11102 bot 7 step 16
FT 1764 11030 0 0 0 0 0 0 0 558 2526 11102 bot 0 step 0
FT 1765 11219 45 0 0 0 0 0 0 363 2542 11102 bot 7 step 22
FT 1766 11049 35 0 0 0 0 0 0 395 2532 11102 bot 7 step 16
FT 1766 11240 0 0 0 0 0 0 0 337 2536 11102 bot 0 step 0
FT 1767 19139 47 0 0 0 0 0 0 337 2536 11102 bot 8 step 20
FT 1768 2884 36 0 0 0 0 0 0 361 2526 11102 bot 7 step 17
FT 1768 10929 0 0 0 0 0 0 0 412 2526 11102 bot 0 step 0
FT 1769 11266 35 0 0 0 0 0 0 344 2529 11102 bot 7 step 16
FT 1770 11335 35 0 0 0 0 0 0 358 2542 11102 bot 6 step 16
FT 1770 10953 0 0 0 0 0 0 0 395 2571 11102 bot 0 step 0
FT 1771 11226 37 0 0 0 0 0 0 345 2569 11102 bot 7 step 18
FT 1772 11036 35 0 0 0 0 0 0 337 2588 11102 bot 6 step 16
FT 1772 11140 0 0 0 0 0 0 0 340 2523 11102 bot 0 step 0
FT 1773 11227 40 0 0 0 0 0 0 337 2539 11102 bot 7 step 19
FT 1774 11062 43 0 0 0 0 0 0 356 2538 11102 bot 7 step 21
FT 1774 10991 0 0 0 0 0 0 0 365 2540 11102 bot 0 step 0
FT 1775 11149 35 0 0 0 0 0 0 409 2553 11102 bot 6 step 16
FT 1776 10944 35 0 0 0 0 0 0 351 2523 11102 bot 6 step 16
FT 1776 11221 0 0 0 0 0 0 0 340 2536 11102 bot 0 step 0
FT 1777 11085 36 0 0 0 0 0 0 340 2532 11102 bot 6 step 16
FT 1778 10992 42 0 0 0 0 0 0 333 2543 11102 bot 7 step 16
FT 1778 11105 0 0 0 0 0 0 0 333 2532 11102 bot 0 step 0
FT 1779 11423 43 0 0 0 0 0 0 333 2543 11102 bot 7 step 22
FT 1780 11111 43 0 0 0 0 0 0 331 2543 11102 bot 8 step 22
FT 1780 10954 0 0 0 0 0 0 0 469 2553 11102 bot 0 step 0
FT 1781 11152 37 0 0 0 0 0 0 412 2559 11102 bot 6 step 18
FT 1782 11224 42 0 0 0 0 0 0 467 2548 11102 bot 7 step 23
FT 1782 11044 0 0 0 0 0 0 0 425 2558 11102 bot 0 step 0
FT 1783 11074 53 0 0 0 0 0 0 360 2559 11102 bot 7 step 33
FT 1784 11070 39 0 0 0 0 0 0 337 2572 11102 bot 8 step 18
FT 1784 10872 0 0 0 0 0 0 0 340 2516 11102 bot 0 step 0
FT 1785 11329 65 0 0 0 0 0 0 363 2529 11102 bot 8 step 21
FT 1786 11078 47 0 0 0 0 0 0 333 2526 11102 bot 8 step 24
FT 1786 11104 0 0 0 0 0 0 0 354 2532 11102 bot 0 step 0
FT 1787 11281 37 0 0 0 0 0 0 356 2525 11102 bot 7 step 17
FT 1788 11123 39 0 0 0 0 0 0 354 2542 11102 bot 7 step 19
FT 1788 11022 0 0 0 0 0 0 0 421 2532 11102 bot 0 step 0
FT 1789 11150 41 0 0 0 0 0 0 337 2516 11102 bot 7 step 21
FT 1790 10973 58 0 0 0 0 0 0 337 2533 11102 bot 7 step 37
FT 1790 11177 0 0 0 0 0 0 0 335 2516 11102 bot 0 step 0
FT 1791 11119 42 0 0 0 0 0 0 333 2528 11102 bot 6 step 18
FT 1792 11202 44 0 0 0 0 0 0 335 2526 11102 bot 8 step 21
FT 1792 11089 0 0 0 0 0 0 0 349 2529 11102 bot 0 step 0
FT 1793 11089 40 0 0 0 0 0 0 356 2539 11102 bot 6 step 22
FT 1794 11174 35 0 0 0 0 0 0 428 2538 11102 bot 6 step 16
FT 1794 10995 0 0 0 0 0 0 0 421 2558 11102 bot 0 step 0
FT 1795 11154 57 0 0 0 0 0 0 333 2555 11102 bot 6 step 37
FT 1796 11065 34 0 0 0 0 0 0 333 2556 11102 bot 6 step 16
FT 1796 10992 0 0 0 0 0 0 0 342 2559 10941 bot 0 step 0
FT 1797 11335 40 0 0 0 0 0 0 333 2535 10941 bot 7 step 19
FT 1798 11096 46 0 0 0 0 0 0 358 2532 10941 bot 7 step 24
FT 1798 11089 0 0 0 0 0 0 0 370 2523 10941 bot 0 step 0
FT 1799 11169 35 0 0 0 0 0 0 365 2539 10941 bot 6 step 16
FT 1800 11114 35 0 0 0 0 0 0 439 2536 10941 bot 6 step 16
FT 1800 11019 0 0 0 0 0 0 0 442 2519 10941 bot 0 step 0
FT 1801 11106 56 0 0 0 0 0 0 337 2507 10941 bot 6 step 20
FT 1802 10937 35 0 0 0 0 0 0 337 2510 10941 bot 7 step 16
FT 1802 11119 0 0 0 0 0 0 0 335 2517 10941 bot 0 step 0
FT 1803 11378 47 0 0 0 0 0 0 337 2513 10941 bot 8 step 26
FT 1804 11050 44 0 0 0 0 0 0 331 2535 10941 bot 8 step 21
FT 1804 10984 0 0 0 0 0 0 0 469 2525 10941 bot 0 step 0
FT 1805 11170 40 0 0 0 0 0 0 363 2528 10941 bot 7 step 21
FT 1806 11121 37 0 0 0 0 0 0 349 2532 10941 bot 7 step 18
FT 1806 11072 0 0 0 0 0 0 0 400 2551 10941 bot 0 step 0
FT 1807 11103 40 0 0 0 0 0 0 347 2539 10941 bot 7 step 22
FT 1808 10969 35 0 0 0 0 0 0 338 2548 10941 bot 7 step 17
FT 1808 11151 0 0 0 0 0 0 0 337 2559 10941 bot 0 step 0
FT 1809 11277 49 0 0 0 0 0 0 342 2526 10941 bot 7 step 21
FT 1810 11213 61 0 0 0 0 0 0 349 2520 10941 bot 7 step 21
FT 1810 10940 0 0 0 0 0 0 0 356 2523 10941 bot 0 step 0
FT 1811 11171 41 0 0 0 0 0 0 384 2500 10941 bot 7 step 23
FT 1812 11049 35 0 0 0 0 0 0 360 2529 10941 bot 6 step 17
FT 1812 11081 0 0 0 0 0 0 0 389 2482 10941 bot 0 step 0
FT 1813 11187 108 0 0 0 0 0 0 335 2500 10941 bot 6 step 89
FT 1814 11272 35 0 0 0 0 0 0 610 2507 10941 bot 6 step 16
FT 1814 11296 0 0 0 0 0 0 0 342 2505 10941 bot 0 step 0
FT 1815 10566 39 0 0 0 0 0 0 338 2525 10941 bot 6 step 21
FT 1816 11152 38 0 0 0 0 0 0 375 2506 10941 bot 6 step 20
FT 1816 11060 0 0 0 0 0 0 0 340 2510 10941 bot 0 step 0
FT 1817 11115 34 0 0 0 0 0 0 356 2519 10941 bot 6 step 16
FT 1818 11237 34 0 0 0 0 0 0 361 2517 10941 bot 6 step 16
FT 1818 11088 0 0 0 0 0 0 0 358 2506 10941 bot 0 step 0
FT 1819 11249 54 0 0 0 0 0 0 340 2515 10941 bot 6 step 36
FT 1820 10985 50 0 0 0 0 0 0 335 2507 10941 bot 6 step 16
FT 1820 11147 0 0 0 0 0 0 0 347 2503 10941 bot 0 step 0
FT 1821 11209 48 0 0 0 0 0 0 344 2499 10941 bot 7 step 20
FT 1822 11066 39 0 0 0 0 0 0 335 2493 10941 bot 6 step 18
FT 1822 11125 0 0 0 0 0 0 0 349 2503 10941 bot 0 step 0
FT 1823 11214 38 0 0 0 0 0 0 354 2525 10941 bot 6 step 19
FT 1824 11068 36 0 0 0 0 0 0 367 2522 10941 bot 7 step 18
FT 1824 11060 0 0 0 0 0 0 0 519 2497 10941 bot 0 step 0
FT 1825 11134 52 0 0 0 0 0 0 344 2502 10941 bot 7 step 32
FT 1826 10994 52 0 0 0 0 0 0 344 2506 10941 bot 6 step 33
FT 1826 11190 0 0 0 0 0 0 0 337 2513 10941 bot 0 step 0
FT 1827 11139 44 0 0 0 0 0 0 337 2505 10941 bot 8 step 21
FT 1828 11195 44 0 0 0 0 0 0 344 2505 10941 bot 8 step 22
FT 1828 10986 0 0 0 0 0 0 0 354 2522 10941 bot 0 step 0
FT 1829 11443 40 0 0 0 0 0 0 782 2523 10941 bot 7 step 19
FT 1830 11095 38 0 0 0 0 0 0 695 2542 10941 bot 8 step 17
FT 1830 11026 0 0 0 0 0 0 0 349 2533 10941 bot 0 step 0
FT 1831 10833 40 0 0 0 0 0 0 340 2549 10941 bot 7 step 20
FT 1832 11119 38 0 0 0 0 0 0 338 2542 10941 bot 6 step 19
FT 1832 10851 0 0 0 0 0 0 0 331 2489 10941 bot 0 step 0
FT 1833 11362 50 0 0 0 0 0 0 337 2492 10941 bot 8 step 27
FT 1834 11176 69 0 0 0 0 0 0 335 2552 10941 bot 8 step 26
FT 1834 11101 0 0 0 0 0 0 0 340 2562 10941 bot 0 step 0
FT 1835 11004 36 0 0 0 0 0 0 349 2569 10941 bot 7 step 18
FT 1836 11267 40 0 0 0 0 0 0 370 2555 10941 bot 7 step 21
FT 1836 11017 0 0 0 0 0 0 0 367 2493 10941 bot 0 step 0
FT 1837 11242 37 0 0 0 0 0 0 342 2513 10941 bot 6 step 17
FT 1838 10941 50 0 0 0 0 0 0 333 2493 10941 bot 6 step 31
FT 1838 11207 0 0 0 0 0 0 0 340 2513 10941 bot 0 step 0
FT 1839 11272 41 0 0 0 0 0 0 338 2513 10941 bot 7 step 20
FT 1840 11027 40 0 0 0 0 0 0 347 2490 10941 bot 7 step 19
FT 1840 11004 0 0 0 0 0 0 0 356 2525 10941 bot 0 step 0
FT 1841 11154 35 0 0 0 0 0 0 377 2499 10941 bot 6 step 16
FT 1842 11076 35 0 0 0 0 0 0 361 2516 10941 bot 6 step 16
FT 1842 11030 0 0 0 0 0 0 0 402 2490 10941 bot 0 step 0
FT 1843 11172 35 0 0 0 0 0 0 338 2489 10941 bot 6 step 17
FT 1844 11057 51 0 0 0 0 0 0 335 2516 10941 bot 6 step 32
FT 1844 11127 0 0 0 0 0 0 0 335 2490 10941 bot 0 step 0
FT 1845 11517 287 0 0 0 0 0 0 335 2515 10941 bot 8 step 265
FT 1846 11131 39 0 0 0 0 0 0 591 2513 10941 bot 7 step 20
FT 1846 11070 0 0 0 0 0 0 0 469 2510 10941 bot 0 step 0
FT 1847 10810 40 0 0 0 0 0 0 521 2486 10941 bot 8 step 19
FT 1848 10997 38 0 0 0 0 0 0 340 2503 10941 bot 7 step 18
FT 1848 10991 0 0 0 0 0 0 0 386 2506 10941 bot 0 step 0
FT 1849 11175 39 0 0 0 0 0 0 395 2493 10941 bot 7 step 19
FT 1850 11002 37 0 0 0 0 0 0 342 2483 10941 bot 7 step 18
FT 1850 11175 0 0 0 0 0 0 0 342 2479 10941 bot 0 step 0
FT 1851 11323 44 0 0 0 0 0 0 344 2489 10941 bot 8 step 22
FT 1852 11135 44 0 0 0 0 0 0 347 2479 10941 bot 8 step 22
FT 1852 11095 0 0 0 0 0 0 0 347 2483 10941 bot 0 step 0
FT 1853 11093 38 0 0 0 0 0 0 356 2506 10941 bot 7 step 18
FT 1854 11130 38 0 0 0 0 0 0 400 2506 10941 bot 7 step 18
FT 1854 10996 0 0 0 0 0 0 0 374 2542 10941 bot 0 step 0
FT 1855 11143 36 0 0 0 0 0 0 335 2536 10941 bot 7 step 17
FT 1856 11090 53 0 0 0 0 0 0 333 2529 10941 bot 7 step 32
FT 1856 11000 0 0 0 0 0 0 0 337 2532 10946 bot 0 step 0
FT 1857 11391 50 0 0 0 0 0 0 337 2530 10946 bot 7 step 28
FT 1858 11038 44 0 0 0 0 0 0 349 2533 10946 bot 8 step 21
FT 1858 11076 0 0 0 0 0 0 0 345 2490 10946 bot 0 step 0
FT 1859 11171 61 0 0 0 0 0 0 354 2516 10946 bot 7 step 23
FT 1860 11058 36 0 0 0 0 0 0 361 2510 10946 bot 6 step 17
FT 1860 11076 0 0 0 0 0 0 0 388 2506 10946 bot 0 step 0
FT 1861 11173 124 0 0 0 0 0 0 791 2526 10946 bot 6 step 92
FT 1862 11316 35 0 0 0 0 0 0 528 2516 10946 bot 6 step 16
FT 1862 11231 0 0 0 0 0 0 0 356 2520 10946 bot 0 step 0
FT 1863 10782 36 0 0 0 0 0 0 354 2523 10946 bot 7 step 17
FT 1864 11066 39 0 0 0 0 0 0 354 2543 10946 bot 6 step 18
FT 1864 10956 0 0 0 0 0 0 0 351 2490 10946 bot 0 step 0
FT 1865 11109 35 0 0 0 0 0 0 361 2513 10946 bot 6 step 16
FT 1866 11306 35 0 0 0 0 0 0 360 2477 10946 bot 6 step 16
FT 1866 11070 0 0 0 0 0 0 0 360 2493 10946 bot 0 step 0
FT 1867 11180 46 0 0 0 0 0 0 349 2483 10946 bot 6 step 27
FT 1868 11011 47 0 0 0 0 0 0 333 2483 10946 bot 18 step 17
FT 1868 11162 0 0 0 0 0 0 0 335 2476 10946 bot 0 step 0
FT 1869 11162 42 0 0 0 0 0 0 335 2490 10946 bot 7 step 21
FT 1870 11167 43 0 0 0 0 0 0 349 2494 10946 bot 7 step 21
FT 1870 11031 0 0 0 0 0 0 0 356 2526 10946 bot 0 step 0
FT 1871 11149 36 0 0 0 0 0 0 423 2545 10946 bot 6 step 17
FT 1872 11123 67 0 0 0 0 0 0 349 2536 10946 bot 6 step 48
FT 1872 11000 0 0 0 0 0 0 0 393 2546 10946 bot 0 step 0
FT 1873 11124 38 0 0 0 0 0 0 465 2484 10946 bot 7 step 19
FT 1874 11043 37 0 0 0 0 0 0 335 2483 10946 bot 6 step 19
FT 1874 11028 0 0 0 0 0 0 0 338 2490 10946 bot 0 step 0
FT 1875 11409 50 0 0 0 0 0 0 347 2492 10946 bot 7 step 28
FT 1876 11089 48 0 0 0 0 0 0 335 2496 10946 bot 7 step 27
FT 1876 10981 0 0 0 0 0 0 0 365 2513 10946 bot 0 step 0
FT 1877 11442 225 0 0 0 0 0 0 698 2559 10946 bot 7 step 204
FT 1878 11152 38 0 0 0 0 0 0 595 2543 10946 bot 6 step 19
FT 1878 11035 0 0 0 0 0 0 0 532 2546 10946 bot 0 step 0
FT 1879 10853 43 0 0 0 0 0 0 444 2482 10946 bot 11 step 19
FT 1880 11077 37 0 0 0 0 0 0 340 2483 10946 bot 6 step 19
FT 1880 10941 0 0 0 0 0 0 0 335 2503 10946 bot 0 step 0
FT 1881 11249 45 0 0 0 0 0 0 337 2509 10946 bot 7 step 24
FT 1882 11129 44 0 0 0 0 0 0 331 2487 10946 bot 8 step 22
FT 1882 11118 0 0 0 0 0 0 0 345 2493 10946 bot 0 step 0
FT 1883 10895 38 0 0 0 0 0 0 351 2506 10946 bot 7 step 20
FT 1884 11356 38 0 0 0 0 0 0 363 2496 10946 bot 6 step 19
FT 1884 11079 0 0 0 0 0 0 0 351 2506 10946 bot 0 step 0
FT 1885 10996 41 0 0 0 0 0 0 425 2483 10946 bot 7 step 22
FT 1886 11205 47 0 0 0 0 0 0 337 2489 10946 bot 7 step 17
FT 1886 11204 0 0 0 0 0 0 0 335 2490 10946 bot 0 step 0
FT 1887 11223 70 0 0 0 0 0 0 337 2487 10946 bot 6 step 50
FT 1888 11082 45 0 0 0 0 0 0 356 2515 10946 bot 8 step 22
FT 1888 10815 0 0 0 0 0 0 0 425 2503 10946 bot 0 step 0
FT 1889 11377 45 0 0 0 0 0 0 397 2525 10946 bot 7 step 23
FT 1890 11412 428 0 0 0 0 0 0 361 2522 10946 bot 400 step 16
FT 1890 10587 0 0 0 0 0 0 0 453 2500 10946 bot 0 step 0
FT 1891 11266 48 0 0 0 0 0 0 497 2480 10946 bot 5 step 19
FT 1892 10992 40 0 0 0 0 0 0 347 2490 10946 bot 5 step 18
FT 1892 11121 0 0 0 0 0 0 0 340 2494 10946 bot 0 step 0
FT 1893 11010 68 0 0 0 0 0 0 342 2503 10946 bot 6 step 25
FT 1894 11658 33 0 0 0 0 0 0 570 2493 10946 bot 6 step 15
FT 1894 11045 0 0 0 0 0 0 0 361 2509 10946 bot 0 step 0
FT 1895 10852 34 0 0 0 0 0 0 540 2490 10946 bot 5 step 17
FT 1896 10881 33 0 0 0 0 0 0 347 2494 10946 bot 5 step 16
FT 1896 10975 0 0 0 0 0 0 0 404 2490 10946 bot 0 step 0
FT 1897 11222 34 0 0 0 0 0 0 333 2486 10946 bot 5 step 17
FT 1898 11054 48 0 0 0 0 0 0 337 2500 10946 bot 6 step 24
FT 1898 11248 0 0 0 0 0 0 0 347 2489 10946 bot 0 step 0
FT 1899 11274 41 0 0 0 0 0 0 333 2490 10946 bot 7 step 20
FT 1900 11134 41 0 0 0 0 0 0 335 2503 10946 bot 7 step 20
FT 1900 11004 0 0 0 0 0 0 0 356 2507 10946 bot 0 step 0
FT 1901 11270 40 0 0 0 0 0 0 430 2505 10946 bot 5 step 22
FT 1902 18787 48 0 0 0 0 0 0 423 2500 10946 bot 7 step 21
FT 1902 3130 0 0 0 0 0 0 0 435 2447 10946 bot 0 step 0
FT 1903 11296 35 0 0 0 0 0 0 409 2459 10946 bot 6 step 18
FT 1904 11132 38 0 0 0 0 0 0 317 2470 10946 bot 6 step 20
FT 1904 11010 0 0 0 0 0 0 0 335 2456 10946 bot 0 step 0
FT 1905 11336 42 0 0 0 0 0 0 340 2506 10946 bot 6 step 21
FT 1906 10888 37 0 0 0 0 0 0 337 2513 10946 bot 5 step 20
FT 1906 11231 0 0 0 0 0 0 0 354 2542 10946 bot 0 step 0
FT 1907 11133 35 0 0 0 0 0 0 365 2569 10946 bot 5 step 17
FT 1908 11127 55 0 0 0 0 0 0 384 2561 10946 bot 6 step 20
FT 1908 11053 0 0 0 0 0 0 0 388 2561 10946 bot 0 step 0
FT 1909 11181 58 0 0 0 0 0 0 694 2500 10946 bot 7 step 23
FT 1910 11021 43 0 0 0 0 0 0 356 2490 10946 bot 7 step 22
FT 1910 11087 0 0 0 0 0 0 0 316 2496 10946 bot 0 step 0
FT 1911 11076 34 0 0 0 0 0 0 331 2522 10946 bot 6 step 16
FT 1912 11137 34 0 0 0 0 0 0 307 2516 10946 bot 6 step 16
FT 1912 10970 0 0 0 0 0 0 0 323 2525 10946 bot 0 step 0
FT 1913 11379 300 0 0 0 0 0 0 335 2528 10946 bot 4 step 264
FT 1914 10973 33 0 0 0 0 0 0 337 2561 10946 bot 5 step 17
FT 1914 11108 0 0 0 0 0 0 0 398 2575 10946 bot 0 step 0
FT 1915 11184 35 0 0 0 0 0 0 361 2575 10946 bot 5 step 17
FT 1916 11085 35 0 0 0 0 0 0 305 2582 10946 bot 5 step 18
FT 1916 10977 0 0 0 0 0 0 0 307 2607 11224 bot 0 step 0
FT 1917 11566 291 0 0 0 0 0 0 307 2634 11224 bot 259 step 18
FT 1918 10877 40 0 0 0 0 0 0 303 2678 11224 bot 6 step 20
FT 1918 11060 0 0 0 0 0 0 0 358 2707 11224 bot 0 step 0
FT 1919 11113 40 0 0 0 0 0 0 314 2776 11224 bot 6 step 20
FT 1920 11089 39 0 0 0 0 0 0 324 2783 11224 bot 5 step 22
FT 1920 11153 0 0 0 0 0 0 0 314 2786 11224 bot 0 step 0
FT 1921 11080 48 0 0 0 0 0 0 508 2720 11224 bot 5 step 30
FT 1922 11027 59 0 0 0 0 0 0 303 2671 11224 bot 5 step 41
FT 1922 11055 0 0 0 0 0 0 0 300 2375 11224 bot 0 step 0
FT 1923 11159 45 0 0 0 0 0 0 259 2456 11224 bot 5 step 26
FT 1924 11077 45 0 0 0 0 0 0 254 2460 11224 bot 6 step 25
FT 1924 11119 0 0 0 0 0 0 0 256 2473 11224 bot 0 step 0
FT 1925 11200 59 0 0 0 0 0 0 272 2486 11224 bot 6 step 33
FT 1926 11172 56 0 0 0 0 0 0 328 2503 11224 bot 6 step 37
FT 1926 11075 0 0 0 0 0 0 0 310 2522 11224 bot 0 step 0
FT 1927 11079 33 0 0 0 0 0 0 352 2473 11224 bot 5 step 15
FT 1928 11011 34 0 0 0 0 0 0 266 2503 11224 bot 5 step 17
FT 1928 11184 0 0 0 0 0 0 0 259 2482 11224 bot 0 step 0
FT 1929 11005 40 0 0 0 0 0 0 254 2473 11224 bot 6 step 20
FT 1930 11143 40 0 0 0 0 0 0 254 2486 11224 bot 5 step 20
FT 1930 10898 0 0 0 0 0 0 0 256 2490 11224 bot 0 step 0
FT 1931 11446 39 0 0 0 0 0 0 268 2443 11224 bot 5 step 20
FT 1932 11243 140 0 0 0 0 0 0 294 2473 11224 bot 113 step 14
FT 1932 10942 0 0 0 0 0 0 0 314 2532 11224 bot 0 step 0
FT 1933 11121 33 0 0 0 0 0 0 435 2516 11224 bot 4 step 17
FT 1934 11115 53 0 0 0 0 0 0 294 2519 11224 bot 5 step 17
FT 1934 10992 0 0 0 0 0 0 0 291 2506 11224 bot 0 step 0
FT 1935 11141 34 0 0 0 0 0 0 291 2497 11224 bot 5 step 17
FT 1936 11248 43 0 0 0 0 0 0 289 2500 11224 bot 5 step 24
FT 1936 11046 0 0 0 0 0 0 0 289 2515 11224 bot 0 step 0
FT 1937 11156 38 0 0 0 0 0 0 305 2509 11224 bot 5 step 18
FT 1938 11085 33 0 0 0 0 0 0 303 2509 11224 bot 4 step 16
FT 1938 10984 0 0 0 0 0 0 0 291 2509 11224 bot 0 step 0
FT 1939 11273 54 0 0 0 0 0 0 342 2538 11224 bot 4 step 37
FT 1940 10966 35 0 0 0 0 0 0 291 2535 11224 bot 5 step 19
FT 1940 11151 0 0 0 0 0 0 0 291 2528 11224 bot 0 step 0
FT 1941 11246 50 0 0 0 0 0 0 284 2542 11224 bot 8 step 26
FT 1942 11122 52 0 0 0 0 0 0 354 2542 11224 bot 8 step 27
FT 1942 11108 0 0 0 0 0 0 0 328 2546 11224 bot 0 step 0
FT 1943 11128 47 0 0 0 0 0 0 333 2552 11224 bot 5 step 29
FT 1944 10850 39 0 0 0 0 0 0 291 2556 11224 bot 5 step 22
FT 1944 11034 0 0 0 0 0 0 0 317 2490 11224 bot 0 step 0
FT 1945 11248 36 0 0 0 0 0 0 293 2487 11224 bot 5 step 20
FT 1946 10993 38 0 0 0 0 0 0 282 2503 11224 bot 5 step 21
FT 1946 11253 0 0 0 0 0 0 0 384 2473 11224 bot 0 step 0
FT 1947 11214 50 0 0 0 0 0 0 287 2516 11224 bot 11 step 26
FT 1948 10956 42 0 0 0 0 0 0 284 2546 11224 bot 4 step 25
FT 1948 11072 0 0 0 0 0 0 0 293 2490 11224 bot 0 step 0
FT 1949 11353 43 0 0 0 0 0 0 298 2483 11224 bot 5 step 24
FT 1950 11134 135 0 0 0 0 0 0 305 2522 11224 bot 105 step 18
FT 1950 10835 0 0 0 0 0 0 0 340 2516 11224 bot 0 step 0
FT 1951 11341 45 0 0 0 0 0 0 407 2509 11224 bot 5 step 28
FT 1952 11076 37 0 0 0 0 0 0 303 2483 11224 bot 4 step 19
FT 1952 10984 0 0 0 0 0 0 0 287 2493 11224 bot 0 step 0
FT 1953 11288 50 0 0 0 0 0 0 282 2490 11224 bot 5 step 30
FT 1954 11004 64 0 0 0 0 0 0 286 2490 11224 bot 5 step 47
FT 1954 11125 0 0 0 0 0 0 0 301 2487 11224 bot 0 step 0
FT 1955 11137 49 0 0 0 0 0 0 310 2483 11224 bot 5 step 24
FT 1956 11114 43 0 0 0 0 0 0 307 2492 11224 bot 5 step 23
FT 1956 11096 0 0 0 0 0 0 0 298 2490 11224 bot 0 step 0
FT 1957 11096 36 0 0 0 0 0 0 337 2490 11224 bot 4 step 19
FT 1958 11187 55 0 0 0 0 0 0 430 2470 11224 bot 6 step 18
FT 1958 11116 0 0 0 0 0 0 0 298 2463 11224 bot 0 step 0
FT 1959 10989 38 0 0 0 0 0 0 294 2470 11224 bot 6 step 20
FT 1960 11099 46 0 0 0 0 0 0 308 2469 11224 bot 6 step 27
FT 1960 10942 0 0 0 0 0 0 0 310 2480 11224 bot 0 step 0
FT 1961 11186 38 0 0 0 0 0 0 323 2503 11224 bot 6 step 20
FT 1962 11288 40 0 0 0 0 0 0 312 2470 11224 bot 7 step 21
FT 1962 11094 0 0 0 0 0 0 0 307 2500 11224 bot 0 step 0
FT 1963 11206 53 0 0 0 0 0 0 349 2506 11224 bot 6 step 35
FT 1964 11029 39 0 0 0 0 0 0 354 2473 11224 bot 5 step 21
FT 1964 11052 0 0 0 0 0 0 0 294 2484 11224 bot 0 step 0
FT 1965 11272 46 0 0 0 0 0 0 296 2463 11224 bot 7 step 24
FT 1966 10932 48 0 0 0 0 0 0 291 2473 11224 bot 6 step 27
FT 1966 11156 0 0 0 0 0 0 0 310 2480 11224 bot 0 step 0
FT 1967 11182 45 0 0 0 0 0 0 310 2464 11224 bot 6 step 24
FT 1968 11078 37 0 0 0 0 0 0 307 2490 11224 bot 6 step 19
FT 1968 11023 0 0 0 0 0 0 0 330 2492 11224 bot 0 step 0
FT 1969 11060 60 0 0 0 0 0 0 347 2509 11224 bot 6 step 26
FT 1970 11179 39 0 0 0 0 0 0 356 2492 11224 bot 7 step 21
FT 1970 11070 0 0 0 0 0 0 0 405 2451 11224 bot 0 step 0
FT 1971 11266 62 0 0 0 0 0 0 272 2519 11224 bot 7 step 41
FT 1972 10888 39 0 0 0 0 0 0 284 2545 11224 bot 6 step 20
FT 1972 11231 0 0 0 0 0 0 0 296 2526 11224 bot 0 step 0
FT 1973 11194 51 0 0 0 0 0 0 282 2552 11224 bot 7 step 28
FT 1974 11101 43 0 0 0 0 0 0 361 2601 11224 bot 7 step 23
FT 1974 10895 0 0 0 0 0 0 0 345 2542 11224 bot 0 step 0
FT 1975 11218 40 0 0 0 0 0 0 351 2530 11224 bot 7 step 22
FT 1976 11191 45 0 0 0 0 0 0 328 2529 11224 bot 7 step 26
FT 1976 10870 0 0 0 0 0 0 0 404 2572 10991 bot 0 step 0
FT 1977 11248 44 0 0 0 0 0 0 287 2563 10991 bot 7 step 23
FT 1978 11149 45 0 0 0 0 0 0 287 2565 10991 bot 7 step 23
FT 1978 10962 0 0 0 0 0 0 0 300 2584 10991 bot 0 step 0
FT 1979 11588 53 0 0 0 0 0 0 307 2573 10991 bot 10 step 27
FT 1980 10891 39 0 0 0 0 0 0 307 3595 10991 bot 7 step 20
FT 1980 11363 0 0 0 0 0 0 0 1282 2592 10991 bot 0 step 0
FT 1981 10809 65 0 0 0 0 0 0 458 2536 10991 bot 6 step 41
FT 1982 10950 47 0 0 0 0 0 0 289 2540 10991 bot 7 step 23
FT 1982 10953 0 0 0 0 0 0 0 289 2542 10991 bot 0 step 0
FT 1983 11177 97 0 0 0 0 0 0 282 2540 10991 bot 6 step 43
FT 1984 11368 206 0 0 0 0 0 0 277 2529 10991 bot 7 step 185
FT 1984 10948 0 0 0 0 0 0 0 287 2551 10991 bot 0 step 0
FT 1985 11296 72 0 0 0 0 0 0 293 2530 10991 bot 8 step 50
FT 1986 11162 52 0 0 0 0 0 0 307 2568 10991 bot 7 step 32
FT 1986 10995 0 0 0 0 0 0 0 354 2546 10991 bot 0 step 0
FT 1987 11187 40 0 0 0 0 0 0 416 2549 10991 bot 6 step 21
FT 1988 11182 131 0 0 0 0 0 0 414 2540 10991 bot 101 step 18
FT 1988 11043 0 0 0 0 0 0 0 296 2553 10991 bot 0 step 0
FT 1989 11205 54 0 0 0 0 0 0 354 2512 10991 bot 8 step 31
FT 1990 11062 53 0 0 0 0 0 0 365 2500 10991 bot 8 step 30
FT 1990 11167 0 0 0 0 0 0 0 381 2463 10991 bot 0 step 0
FT 1991 11042 49 0 0 0 0 0 0 372 2487 10991 bot 7 step 29
FT 1992 10899 38 0 0 0 0 0 0 375 2486 10991 bot 6 step 20
FT 1992 11061 0 0 0 0 0 0 0 372 2490 10991 bot 0 step 0
FT 1993 11241 38 0 0 0 0 0 0 340 2494 10991 bot 7 step 19
FT 1994 11147 53 0 0 0 0 0 0 342 2499 10991 bot 7 step 34
FT 1994 10871 0 0 0 0 0 0 0 467 2444 10991 bot 0 step 0
FT 1995 11346 62 0 0 0 0 0 0 319 2448 10991 bot 5 step 25
FT 1996 11144 46 0 0 0 0 0 0 307 2486 10991 bot 6 step 26
FT 1996 10974 0 0 0 0 0 0 0 326 2456 10991 bot 0 step 0
FT 1997 11266 45 0 0 0 0 0 0 316 2427 10991 bot 7 step 24
FT 1998 11100 45 0 0 0 0 0 0 319 2446 10991 bot 6 step 26
FT 1998 11053 0 0 0 0 0 0 0 340 2505 10991 bot 0 step 0
FT 1999 11218 150 0 0 0 0 0 0 337 2483 10991 bot 5 step 133
FT 2000 10996 37 0 0 0 0 0 0 298 2520 10991 bot 6 step 19
FT 2000 10899 0 0 0 0 0 0 0 294 2520 10991 bot 0 step 0
FT 2001 11276 44 0 0 0 0 0 0 293 2519 10991 bot 6 step 23
FT 2002 11200 43 0 0 0 0 0 0 293 2553 10991 bot 6 step 23
FT 2002 10995 0 0 0 0 0 0 0 326 2539 10991 bot 0 step 0
FT 2003 11297 63 0 0 0 0 0 0 319 2542 10991 bot 6 step 43
FT 2004 11189 140 0 0 0 0 0 0 321 2568 10991 bot 106 step 21
FT 2004 10890 0 0 0 0 0 0 0 345 2563 10991 bot 0 step 0
FT 2005 11196 39 0 0 0 0 0 0 577 2533 10991 bot 5 step 22
FT 2006 11193 59 0 0 0 0 0 0 619 2513 10991 bot 7 step 32
FT 2006 10950 0 0 0 0 0 0 0 316 2506 10991 bot 0 step 0
FT 2007 11041 46 0 0 0 0 0 0 331 2506 10991 bot 6 step 23
FT 2008 11205 65 0 0 0 0 0 0 312 2500 10991 bot 6 step 45
FT 2008 10976 0 0 0 0 0 0 0 316 2496 10991 bot 0 step 0
FT 2009 11337 44 0 0 0 0 0 0 365 2493 10991 bot 6 step 24
FT 2010 11439 37 0 2095 1 0 0 0 342 2515 10991 bot 5 step 20
FT 2010 10795 0 0 0 0 0 0 0 517 2503 10991 bot 0 step 0
FT 2011 11074 41 0 0 0 0 0 0 479 2471 10991 bot 5 step 23
FT 2012 11121 40 0 0 0 0 0 0 409 2456 10991 bot 6 step 22
FT 2012 11029 0 0 0 0 0 0 0 317 2444 10991 bot 0 step 0
FT 2013 11054 50 0 0 0 0 0 0 316 2460 10991 bot 5 step 26
FT 2014 11429 244 0 0 0 0 0 0 310 2460 10991 bot 6 step 205
FT 2014 10634 0 0 0 0 0 0 0 270 2440 10991 bot 0 step 0
FT 2015 11440 45 0 0 0 0 0 0 282 2395 10991 bot 6 step 24
FT 2016 10992 53 0 0 0 0 0 0 354 2483 10991 bot 8 step 25
FT 2016 11137 0 0 0 0 0 0 0 367 2476 10991 bot 0 step 0
FT 2017 11161 37 0 0 0 0 0 0 351 2457 10991 bot 5 step 20
FT 2018 11117 42 0 0 0 0 0 0 312 2460 10991 bot 6 step 24
FT 2018 11034 0 0 0 0 0 0 0 316 2453 10991 bot 0 step 0
FT 2019 11239 186 0 0 0 0 0 0 317 2453 10991 bot 150 step 22
FT 2020 10961 43 0 0 0 0 0 0 312 2440 10991 bot 6 step 22
FT 2020 11109 0 0 0 0 0 0 0 331 2444 10991 bot 0 step 0
FT 2021 11226 43 0 0 0 0 0 0 324 2466 10991 bot 6 step 23
FT 2022 11225 55 0 0 0 0 0 0 421 2474 10991 bot 7 step 33
FT 2022 10960 0 0 0 0 0 0 0 386 2479 10991 bot 0 step 0
FT 2023 11145 36 0 0 0 0 0 0 528 2467 10991 bot 5 step 17
FT 2024 11106 41 0 0 0 0 0 0 319 2470 10991 bot 5 step 24
FT 2024 10716 0 0 0 0 0 0 0 324 2482 10991 bot 0 step 0
FT 2025 11400 42 0 0 0 0 0 0 317 2483 10991 bot 6 step 23
FT 2026 11190 83 0 0 0 0 0 0 312 2503 10991 bot 6 step 42
FT 2026 11038 0 0 0 0 0 0 0 333 2536 10991 bot 0 step 0
FT 2027 11314 67 0 0 0 0 0 0 382 2549 10991 bot 6 step 48
FT 2028 11096 59 0 0 0 0 0 0 328 2608 10991 bot 5 step 23
FT 2028 10956 0 0 0 0 0 0 0 432 2658 10991 bot 0 step 0
FT 2029 11277 160 0 0 0 0 0 0 449 2700 10991 bot 6 step 140
FT 2030 11004 70 0 0 0 0 0 0 372 2760 10991 bot 20 step 37
FT 2030 10865 0 0 0 0 0 0 0 321 2880 10991 bot 0 step 0
FT 2031 11395 51 0 0 0 0 0 0 331 3183 10991 bot 6 step 31
FT 2032 11242 275 0 0 0 0 0 0 305 2665 10991 bot 5 step 233
FT 2032 11204 0 0 0 0 0 0 0 319 2471 10991 bot 0 step 0
FT 2033 10833 51 0 0 0 0 0 0 321 2437 10991 bot 6 step 31
FT 2034 11165 45 0 0 0 0 0 0 333 2443 10991 bot 5 step 21
FT 2034 11025 0 0 0 0 0 0 0 307 2441 10991 bot 0 step 0
FT 2035 11055 39 0 0 0 0 0 0 352 2434 10991 bot 5 step 21
FT 2036 11035 54 0 0 0 0 0 0 319 2467 10991 bot 6 step 30
FT 2036 18595 0 0 0 0 0 0 0 275 2424 11076 bot 0 step 0
FT 2037 3632 37 0 0 0 0 0 0 273 2453 11076 bot 5 step 20
FT 2038 11216 50 0 0 0 0 0 0 351 2448 11076 bot 6 step 27
FT 2038 11182 0 0 0 0 0 0 0 310 2433 11076 bot 0 step 0
FT 2039 11007 41 0 0 0 0 0 0 293 2450 11076 bot 5 step 24
FT 2040 11073 42 0 0 0 0 0 0 273 2447 11076 bot 5 step 25
FT 2040 11050 0 0 0 0 0 0 0 275 2466 11076 bot 0 step 0
FT 2041 11096 44 0 0 0 0 0 0 381 2440 11076 bot 7 step 23
FT 2042 11104 37 0 0 0 0 0 0 270 2470 11076 bot 6 step 19
FT 2042 11232 0 0 0 0 0 0 0 300 2414 11076 bot 0 step 0
FT 2043 11267 43 0 0 0 0 0 0 270 2410 11076 bot 7 step 23
FT 2044 11394 189 0 0 0 0 0 0 273 2414 11076 bot 10 step 160
FT 2044 10663 0 0 0 0 0 0 0 291 3394 11076 bot 0 step 0
FT 2045 11166 44 0 0 0 0 0 0 1373 2421 11076 bot 7 step 23
FT 2046 11121 45 0 0 0 0 0 0 293 2421 11076 bot 7 step 24
FT 2046 10904 0 0 0 0 0 0 0 280 2427 11076 bot 0 step 0
FT 2047 11295 51 0 0 0 0 0 0 333 2410 11076 bot 6 step 33
FT 2048 11155 76 0 0 0 0 0 0 268 2434 11076 bot 8 step 53
FT 2048 10784 0 0 0 0 0 0 0 296 2459 11076 bot 0 step 0
FT 2049 11444 44 0 0 0 0 0 0 296 2555 11076 bot 7 step 23
FT 2050 11111 44 0 0 0 0 0 0 298 2565 11076 bot 8 step 23
FT 2050 10900 0 0 0 0 0 0 0 308 2555 11076 bot 0 step 0
FT 2051 11355 44 0 0 0 0 0 0 303 2558 11076 bot 7 step 23
FT 2052 11137 40 0 0 0 0 0 0 307 2592 11076 bot 6 step 20
FT 2052 10971 0 0 0 0 0 0 0 331 2582 11076 bot 0 step 0
FT 2053 11154 41 0 0 0 0 0 0 734 2563 11076 bot 6 step 22
FT 2054 11271 60 0 0 0 0 0 0 675 2555 11076 bot 6 step 24
FT 2054 11135 0 0 0 0 0 0 0 293 2556 11076 bot 0 step 0
FT 2055 10785 47 0 0 0 0 0 0 368 2549 11076 bot 8 step 22
FT 2056 11135 45 0 0 0 0 0 0 303 2561 11076 bot 7 step 26
FT 2056 10944 0 0 0 0 0 0 0 289 2532 11076 bot 0 step 0
FT 2057 11104 39 0 0 0 0 0 0 305 2512 11076 bot 6 step 21
FT 2058 11406 52 0 0 0 0 0 0 289 2503 11076 bot 7 step 31
FT 2058 11031 0 0 0 0 0 0 0 300 2529 11076 bot 0 step 0
FT 2059 11175 41 0 0 0 0 0 0 298 2589 11076 bot 6 step 22
FT 2060 11124 58 0 0 0 0 0 0 335 2548 11076 bot 4 step 25
FT 2060 10951 0 0 0 0 0 0 0 412 2526 11076 bot 0 step 0
FT 2061 11181 41 0 0 0 0 0 0 270 2588 11076 bot 5 step 24
FT 2062 11277 48 0 0 0 0 0 0 314 2436 11076 bot 6 step 27
FT 2062 11064 0 0 0 0 0 0 0 331 2520 11076 bot 0 step 0
FT 2063 11074 103 0 0 0 0 0 0 351 2538 11076 bot 5 step 86
FT 2064 11309 131 0 0 0 0 0 0 365 2548 11076 bot 97 step 21
FT 2064 10917 0 0 0 0 0 0 0 377 2594 11076 bot 0 step 0
FT 2065 11217 40 0 0 0 0 0 0 523 2657 11076 bot 5 step 23
FT 2066 11055 40 0 0 0 0 0 0 456 2602 11076 bot 5 step 23
FT 2066 11062 0 0 0 0 0 0 0 324 2546 11076 bot 0 step 0
FT 2067 11204 46 0 0 0 0 0 0 317 2493 11076 bot 6 step 27
FT 2068 11092 55 0 0 0 0 0 0 335 2461 11076 bot 6 step 35
FT 2068 11300 0 0 0 0 0 0 0 331 2467 11076 bot 0 step 0
FT 2069 11277 343 0 0 0 0 0 0 305 3400 11076 bot 100 step 31
FT 2070 10621 48 0 0 0 0 0 0 917 2565 11076 bot 6 step 29
FT 2070 11215 0 0 0 0 0 0 0 462 2578 11076 bot 0 step 0
FT 2071 11180 44 0 0 0 0 0 0 379 2555 11076 bot 5 step 27
FT 2072 11010 57 0 0 0 0 0 0 428 2529 11076 bot 5 step 24
FT 2072 10945 0 0 0 0 0 0 0 314 2549 11076 bot 0 step 0
FT 2073 11160 43 0 0 0 0 0 0 312 2540 11076 bot 5 step 26
FT 2074 11194 47 0 0 0 0 0 0 319 2548 11076 bot 6 step 27
FT 2074 11046 0 0 0 0 0 0 0 330 2584 11076 bot 0 step 0
FT 2075 11287 47 0 0 0 0 0 0 342 2582 11076 bot 6 step 27
FT 2076 11302 54 0 0 0 0 0 0 337 2595 11076 bot 8 step 30
FT 2076 10832 0 0 0 0 0 0 0 421 4578 11076 bot 0 step 0
FT 2077 11166 39 0 0 0 0 0 0 1337 2608 11076 bot 5 step 21
FT 2078 11108 39 0 0 0 0 0 0 409 2584 11076 bot 4 step 23
FT 2078 10881 0 0 0 0 0 0 0 472 2604 11076 bot 0 step 0
FT 2079 11250 193 0 0 0 0 0 0 319 2562 11076 bot 148 step 20
FT 2080 11198 47 0 0 0 0 0 0 266 2364 11076 bot 6 step 27
FT 2080 11044 0 0 0 0 0 0 0 277 2358 11076 bot 0 step 0
FT 2081 11255 52 0 0 0 0 0 0 287 2398 11076 bot 5 step 33
FT 2082 10972 47 0 0 0 0 0 0 296 2441 11076 bot 5 step 27
FT 2082 11088 0 0 0 0 0 0 0 331 2463 11076 bot 0 step 0
FT 2083 11157 40 0 0 0 0 0 0 312 2453 11076 bot 5 step 23
FT 2084 11118 57 0 0 0 0 0 0 324 2437 11076 bot 5 step 39
FT 2084 10856 0 0 0 0 0 0 0 296 2456 11076 bot 0 step 0
FT 2085 11365 38 0 0 0 0 0 0 293 2447 11076 bot 4 step 22
FT 2086 11467 49 0 0 0 0 0 0 363 2469 11076 bot 5 step 30
FT 2086 11012 0 0 0 0 0 0 0 342 2477 11076 bot 0 step 0
FT 2087 10831 54 0 0 0 0 0 0 462 2457 11076 bot 6 step 28
FT 2088 10976 58 0 0 0 0 0 0 344 2434 11076 bot 5 step 24
FT 2088 11008 0 0 0 0 0 0 0 300 2453 11076 bot 0 step 0
FT 2089 11254 39 0 0 0 0 0 0 305 2467 11076 bot 4 step 23
FT 2090 11104 40 0 0 0 0 0 0 307 2494 11076 bot 4 step 23
FT 2090 11105 0 0 0 0 0 0 0 386 2513 11076 bot 0 step 0
FT 2091 11359 50 0 0 0 0 0 0 307 2536 11076 bot 5 step 31
FT 2092 11040 53 0 0 0 0 0 0 314 2619 11076 bot 6 step 28
FT 2092 11041 0 0 0 0 0 0 0 345 2645 11076 bot 0 step 0
FT 2093 11214 88 0 0 0 0 0 0 335 2707 11076 bot 5 step 68
FT 2094 11133 47 0 0 0 0 0 0 321 2752 11076 bot 5 step 29
FT 2094 10943 0 0 0 0 0 0 0 384 2786 11076 bot 0 step 0
FT 2095 11225 40 0 0 0 0 0 0 405 2848 11076 bot 5 step 22
FT 2096 11075 53 0 0 0 0 0 0 389 2891 11076 bot 4 step 35
FT 2096 11069 0 0 0 0 0 0 0 507 2901 10990 bot 0 step 0
FT 2097 11104 40 0 0 0 0 0 0 328 2937 10990 bot 5 step 23
FT 2098 11201 53 0 0 0 0 0 0 330 2943 10990 bot 6 step 33
FT 2098 11078 0 0 0 0 0 0 0 349 2894 10990 bot 0 step 0
FT 2099 11113 49 0 0 0 0 0 0 344 2872 10990 bot 6 step 26
FT 2100 11139 53 0 0 0 0 0 0 356 2700 10990 bot 6 step 33
FT 2100 11071 0 0 0 0 0 0 0 374 2482 10990 bot 0 step 0
FT 2101 10976 79 0 0 0 0 0 0 538 2437 10990 bot 7 step 32
FT 2102 11255 67 0 0 0 0 0 0 705 2461 10990 bot 7 step 39
FT 2102 11211 0 0 0 0 0 0 0 624 2453 10990 bot 0 step 0
FT 2103 11129 37 0 0 0 0 0 0 367 2562 10990 bot 5 step 21
FT 2104 10868 38 0 0 0 0 0 0 365 2529 10990 bot 5 step 21
FT 2104 11024 0 0 0 0 0 0 0 361 2543 10990 bot 0 step 0
FT 2105 11107 37 0 0 0 0 0 0 356 2542 10990 bot 5 step 20
FT 2106 11282 47 0 0 0 0 0 0 370 2549 10990 bot 7 step 26
FT 2106 11095 0 0 0 0 0 0 0 367 2559 10990 bot 0 step 0
FT 2107 11236 39 0 0 0 0 0 0 409 2568 10990 bot 7 step 20
FT 2108 11056 62 0 0 0 0 0 0 446 2549 10990 bot 21 step 26
FT 2108 11020 0 0 0 0 0 0 0 542 2516 10990 bot 0 step 0
FT 2109 11123 41 0 0 0 0 0 0 349 2551 10990 bot 6 step 22
FT 2110 11063 48 0 0 0 0 0 0 349 2515 10990 bot 9 step 24
FT 2110 11218 0 0 0 0 0 0 0 370 2559 10990 bot 0 step 0
FT 2111 11218 48 0 0 0 0 0 0 384 2536 10990 bot 8 step 26
FT 2112 11152 58 0 0 0 0 0 0 398 2549 10990 bot 7 step 20
FT 2112 11006 0 0 0 0 0 0 0 462 2558 10990 bot 0 step 0
FT 2113 11087 63 0 0 0 0 0 0 533 2536 10990 bot 4 step 29
FT 2114 11129 43 0 0 0 0 0 0 492 2533 10990 bot 7 step 24
FT 2114 11079 0 0 0 0 0 0 0 377 2529 10990 bot 0 step 0
FT 2115 11110 41 0 0 0 0 0 0 379 2526 10990 bot 6 step 23
FT 2116 11084 47 0 0 0 0 0 0 386 2516 10990 bot 5 step 30
FT 2116 11113 0 0 0 0 0 0 0 391 2549 10990 bot 0 step 0
FT 2117 11021 53 0 0 0 0 0 0 402 2539 10990 bot 7 step 27
FT 2118 11358 40 0 0 0 0 0 0 772 2546 10990 bot 6 step 23
FT 2118 11001 0 0 0 0 0 0 0 518 2565 10990 bot 0 step 0
FT 2119 11127 41 0 0 0 0 0 0 558 2559 10990 bot 6 step 23
FT 2120 11203 172 0 0 0 0 0 0 501 2549 10990 bot 124 step 21
FT 2120 10966 0 0 0 0 0 0 0 365 2568 10990 bot 0 step 0
FT 2121 11098 46 0 0 0 0 0 0 381 2565 10990 bot 5 step 29
FT 2122 10916 43 0 0 0 0 0 0 361 2575 10990 bot 5 step 26
FT 2122 11051 0 0 0 0 0 0 0 384 2546 10990 bot 0 step 0
FT 2123 11236 40 0 0 0 0 0 0 363 2539 10990 bot 5 step 24
FT 2124 11074 40 0 0 0 0 0 0 393 2539 10990 bot 5 step 23
FT 2124 11183 0 0 0 0 0 0 0 328 2403 10990 bot 0 step 0
FT 2125 11086 46 0 0 0 0 0 0 331 2516 10990 bot 6 step 22
FT 2126 10868 47 0 0 0 0 0 0 333 2549 10990 bot 6 step 23
FT 2126 11379 0 0 0 0 0 0 0 261 2407 10990 bot 0 step 0
FT 2127 11157 37 0 0 0 0 0 0 354 2572 10990 bot 5 step 20
FT 2128 11109 70 0 0 0 0 0 0 340 2592 10990 bot 6 step 50
FT 2128 11110 0 0 0 0 0 0 0 238 2513 10990 bot 0 step 0
FT 2129 11171 46 0 0 0 0 0 0 324 2568 10990 bot 6 step 25
FT 2130 10953 40 0 0 0 0 0 0 326 2555 10990 bot 5 step 22
FT 2130 11177 0 0 0 0 0 0 0 308 2559 10990 bot 0 step 0
FT 2131 11175 41 0 0 0 0 0 0 331 2559 10990 bot 6 step 23
FT 2132 11214 73 0 0 0 0 0 0 305 2569 10990 bot 6 step 24
FT 2132 10905 0 0 0 0 0 0 0 372 2503 10990 bot 0 step 0
FT 2133 11188 37 0 0 0 0 0 0 314 2509 10990 bot 5 step 19
FT 2134 11258 48 0 0 0 0 0 0 588 2517 10990 bot 6 step 28
FT 2134 10989 0 0 0 0 0 0 0 328 2503 10990 bot 0 step 0
FT 2135 11277 204 0 0 0 0 0 0 331 2503 10990 bot 165 step 25
FT 2136 10985 77 0 0 0 0 0 0 326 2513 10990 bot 6 step 39
FT 2136 11111 0 0 0 0 0 0 0 361 2517 10990 bot 0 step 0
FT 2137 11050 44 0 0 0 0 0 0 402 2480 10990 bot 5 step 27
FT 2138 11081 40 0 0 0 0 0 0 379 2493 10990 bot 5 step 22
FT 2138 10910 0 0 0 0 0 0 0 536 2459 10990 bot 0 step 0
FT 2139 11339 40 0 0 0 0 0 0 312 2470 10990 bot 5 step 22
FT 2140 11176 42 0 0 0 0 0 0 349 2450 10990 bot 6 step 21
FT 2140 10979 0 0 0 0 0 0 0 310 2450 10990 bot 0 step 0
FT 2141 11096 35 0 0 0 0 0 0 333 2469 10990 bot 5 step 18
FT 2142 11321 40 0 0 0 0 0 0 342 2453 10990 bot 7 step 20
FT 2142 11115 0 0 0 0 0 0 0 333 2466 10990 bot 0 step 0
FT 2143 10968 35 0 0 0 0 0 0 416 2473 10990 bot 5 step 17
FT 2144 11112 37 0 0 0 0 0 0 381 2476 10990 bot 6 step 19
FT 2144 11054 0 0 0 0 0 0 0 538 2510 10990 bot 0 step 0
FT 2145 11221 35 0 0 0 0 0 0 317 2507 10990 bot 5 step 18
FT 2146 11139 50 0 0 0 0 0 0 365 2509 10990 bot 6 step 25
FT 2146 10872 0 0 0 0 0 0 0 328 2516 10990 bot 0 step 0
FT 2147 11236 35 0 0 0 0 0 0 351 2470 10990 bot 5 step 18
FT 2148 11184 48 0 0 0 0 0 0 335 2470 10990 bot 7 step 27
FT 2148 11019 0 0 0 0 0 0 0 312 2502 10990 bot 0 step 0
FT 2149 11018 36 0 0 0 0 0 0 335 2486 10990 bot 5 step 18
FT 2150 11349 57 0 0 0 0 0 0 321 2519 10990 bot 20 step 25
FT 2150 10972 0 0 0 0 0 0 0 374 2454 10990 bot 0 step 0
FT 2151 11152 35 0 0 0 0 0 0 308 2453 10990 bot 5 step 18
FT 2152 11209 49 0 0 0 0 0 0 312 2453 10990 bot 8 step 26
FT 2152 10658 0 0 0 0 0 0 0 310 3436 10990 bot 0 step 0
FT 2153 11466 39 0 0 0 0 0 0 800 2460 10990 bot 6 step 19
FT 2154 11110 43 0 0 0 0 0 0 310 2490 10990 bot 6 step 21
FT 2154 11146 0 0 0 0 0 0 0 317 2496 10990 bot 0 step 0
FT 2155 11126 34 0 0 0 0 0 0 305 2509 10990 bot 6 step 17
FT 2156 11045 35 0 0 0 0 0 0 363 2515 10990 bot 5 step 18
FT 2156 11068 0 0 0 0 0 0 0 437 2457 11051 bot 0 step 0
FT 2157 11221 37 0 0 0 0 0 0 308 2453 11051 bot 6 step 19
FT 2158 10899 59 0 0 0 0 0 0 305 2450 11051 bot 5 step 25
FT 2158 11199 0 0 0 0 0 0 0 321 2453 11051 bot 0 step 0
FT 2159 11266 44 0 0 0 0 0 0 301 2473 11051 bot 7 step 23
FT 2160 11128 41 0 0 0 0 0 0 333 2470 11051 bot 7 step 20
FT 2160 11040 0 0 0 0 0 0 0 370 2464 11051 bot 0 step 0
FT 2161 11108 37 0 0 0 0 0 0 449 2467 11051 bot 6 step 19
FT 2162 10874 35 0 0 0 0 0 0 363 2470 11051 bot 6 step 16
FT 2162 11334 0 0 0 0 0 0 0 425 2480 11051 bot 0 step 0
FT 2163 10987 74 0 0 0 0 0 0 363 2463 11051 bot 5 step 36
FT 2164 11064 34 0 0 0 0 0 0 333 2457 11051 bot 5 step 17
FT 2164 10994 0 0 0 0 0 0 0 307 2440 11051 bot 0 step 0
FT 2165 11383 40 0 0 0 0 0 0 300 2463 11051 bot 6 step 20
FT 2166 11215 41 0 0 0 0 0 0 330 2733 11051 bot 6 step 21
FT 2166 11083 0 0 0 0 0 0 0 379 2766 11051 bot 0 step 0
FT 2167 11167 37 0 0 0 0 0 0 361 2434 11051 bot 5 step 19
FT 2168 11120 42 0 0 0 0 0 0 393 2480 11051 bot 9 step 19
FT 2168 10978 0 0 0 0 0 0 0 536 2497 11051 bot 0 step 0
FT 2169 11257 175 0 0 0 0 0 0 312 2549 11051 bot 142 step 16
FT 2170 10921 36 0 0 0 0 0 0 344 2540 11051 bot 5 step 19
FT 2170 11010 0 0 0 0 0 0 0 337 2535 11051 bot 0 step 0
FT 2171 19356 65 0 0 0 0 0 0 328 2555 11051 bot 6 step 39
FT 2172 2817 38 0 0 0 0 0 0 324 2542 11051 bot 5 step 21
FT 2172 11394 0 0 0 0 0 0 0 268 2358 11051 bot 0 step 0
FT 2173 11190 53 0 0 0 0 0 0 384 2604 11051 bot 5 step 21
FT 2174 11063 40 0 0 0 0 0 0 628 2625 11051 bot 6 step 22
FT 2174 11084 0 0 0 0 0 0 0 584 2562 11051 bot 0 step 0
FT 2175 10971 44 0 0 0 0 0 0 388 2549 11051 bot 5 step 26
FT 2176 11013 51 0 0 0 0 0 0 293 2489 11051 bot 5 step 34
FT 2176 11152 0 0 0 0 0 0 0 316 2555 11051 bot 0 step 0
FT 2177 11243 41 0 0 0 0 0 0 345 2565 11051 bot 6 step 21
FT 2178 11134 47 0 0 0 0 0 0 337 2594 11051 bot 6 step 27
FT 2178 11074 0 0 0 0 0 0 0 360 2582 11051 bot 0 step 0
FT 2179 11107 36 0 0 0 0 0 0 349 2579 11051 bot 5 step 18
FT 2180 11105 35 0 0 0 0 0 0 375 2605 11051 bot 5 step 17
FT 2180 11039 0 0 0 0 0 0 0 446 2566 11051 bot 0 step 0
FT 2181 11210 35 0 0 0 0 0 0 323 2589 11051 bot 5 step 17
FT 2182 11168 60 0 0 0 0 0 0 389 2601 11051 bot 5 step 21
FT 2182 11146 0 0 0 0 0 0 0 347 2562 11051 bot 0 step 0
FT 2183 11174 36 0 0 0 0 0 0 340 2594 11051 bot 5 step 18
FT 2184 11136 235 0 0 0 0 0 0 326 2556 11051 bot 207 step 16
FT 2184 10802 0 0 0 0 0 0 0 335 2569 11051 bot 0 step 0
FT 2185 11272 36 0 0 0 0 0 0 437 2559 11051 bot 6 step 19
FT 2186 10960 45 0 0 0 0 0 0 324 2561 11051 bot 6 step 24
FT 2186 11035 0 0 0 0 0 0 0 495 2598 11051 bot 0 step 0
FT 2187 11383 57 0 0 0 0 0 0 546 2595 11051 bot 6 step 21
FT 2188 11022 40 0 0 0 0 0 0 342 2581 11051 bot 5 step 22
FT 2188 10988 0 0 0 0 0 0 0 372 2569 11051 bot 0 step 0
FT 2189 11170 43 0 0 0 0 0 0 363 2625 11051 bot 5 step 25
FT 2190 11273 48 0 0 0 0 0 0 388 2601 11051 bot 6 step 26
FT 2190 11104 0 0 0 0 0 0 0 379 2594 11051 bot 0 step 0
FT 2191 11167 42 0 0 0 0 0 0 455 2605 11051 bot 6 step 23
FT 2192 10925 49 0 0 0 0 0 0 495 2592 11051 bot 7 step 27
FT 2192 11154 0 0 0 0 0 0 0 609 2585 11051 bot 0 step 0
FT 2193 11177 37 0 0 0 0 0 0 667 2552 11051 bot 6 step 19
FT 2194 10936 42 0 0 0 0 0 0 374 2536 11051 bot 6 step 24
FT 2194 11115 0 0 0 0 0 0 0 395 2525 11051 bot 0 step 0
FT 2195 11294 78 0 0 0 0 0 0 400 2532 11051 bot 6 step 37
FT 2196 11141 92 0 0 0 0 0 0 391 2543 11051 bot 6 step 47
FT 2196 10796 0 0 0 0 0 0 0 527 2628 11051 bot 0 step 0
FT 2197 11360 37 0 0 0 0 0 0 662 2592 11051 bot 5 step 19
FT 2198 10879 37 0 0 0 0 0 0 368 2608 11051 bot 5 step 19
FT 2198 11100 0 0 0 0 0 0 0 500 2503 11051 bot 0 step 0
FT 2199 11469 53 0 0 0 0 0 0 280 2424 11051 bot 7 step 28
FT 2200 10843 39 0 0 0 0 0 0 247 3319 11051 bot 5 step 17
FT 2200 10999 0 0 0 0 0 0 0 365 2407 11051 bot 0 step 0
FT 2201 11300 40 0 0 0 0 0 0 247 2413 11051 bot 6 step 20
FT 2202 11088 46 0 0 0 0 0 0 246 2421 11051 bot 11 step 21
FT 2202 10973 0 0 0 0 0 0 0 263 2420 11051 bot 0 step 0
FT 2203 11244 41 0 0 0 0 0 0 241 2421 11051 bot 6 step 21
FT 2204 11134 36 0 0 0 0 0 0 241 2403 11051 bot 5 step 17
FT 2204 10928 0 0 0 0 0 0 0 282 2441 11051 bot 0 step 0
FT 2205 11182 40 0 0 0 0 0 0 298 2424 11051 bot 7 step 21
FT 2206 11172 37 0 0 0 0 0 0 275 2401 11051 bot 5 step 20
FT 2206 11102 0 0 0 0 0 0 0 244 2413 11051 bot 0 step 0
FT 2207 11095 42 0 0 0 0 0 0 247 2411 11051 bot 6 step 22
FT 2208 11116 40 0 0 0 0 0 0 270 2404 11051 bot 5 step 21
FT 2208 11052 0 0 0 0 0 0 0 264 2405 11051 bot 0 step 0
FT 2209 11271 41 0 0 0 0 0 0 246 2401 11051 bot 7 step 17
FT 2210 11009 36 0 0 0 0 0 0 243 2420 11051 bot 7 step 17
FT 2210 10910 0 0 0 0 0 0 0 414 2430 11051 bot 0 step 0
FT 2211 11382 48 0 0 0 0 0 0 263 2408 11051 bot 12 step 21
FT 2212 11053 35 0 0 0 0 0 0 239 2438 11051 bot 6 step 16
FT 2212 11052 0 0 0 0 0 0 0 273 2446 11051 bot 0 step 0
FT 2213 11330 43 0 0 0 0 0 0 252 2451 11051 bot 7 step 21
FT 2214 10913 36 0 0 0 0 0 0 282 2438 11051 bot 7 step 17
FT 2214 11193 0 0 0 0 0 0 0 248 2426 11051 bot 0 step 0
FT 2215 11225 55 0 0 0 0 0 0 261 2394 11051 bot 7 step 18
FT 2216 10962 35 0 0 0 0 0 0 245 2423 11051 bot 7 step 17
FT 2216 11010 0 0 0 0 0 0 0 389 2423 11034 bot 0 step 0
FT 2217 11256 51 0 0 0 0 0 0 270 2410 11034 bot 6 step 32
FT 2218 11097 40 0 0 0 0 0 0 241 2411 11034 bot 6 step 21
FT 2218 11052 0 0 0 0 0 0 0 250 2401 11034 bot 0 step 0
FT 2219 11111 43 0 0 0 0 0 0 244 2405 11034 bot 7 step 21
FT 2220 11218 43 0 0 0 0 0 0 261 2398 11034 bot 7 step 20
FT 2220 10988 0 0 0 0 0 0 0 263 2436 11034 bot 0 step 0
FT 2221 11200 45 0 0 0 0 0 0 345 2405 11034 bot 7 step 23
FT 2222 11121 41 0 0 0 0 0 0 296 2426 11034 bot 7 step 20
FT 2222 11093 0 0 0 0 0 0 0 360 2428 11034 bot 0 step 0
FT 2223 11092 41 0 0 0 0 0 0 451 2405 11034 bot 7 step 20
FT 2224 11167 41 0 0 0 0 0 0 273 2410 11034 bot 7 step 20
FT 2224 10988 0 0 0 0 0 0 0 263 2418 11034 bot 0 step 0
FT 2225 11010 36 0 0 0 0 0 0 268 2407 11034 bot 7 step 17
FT 2226 11118 48 0 0 0 0 0 0 275 2407 11034 bot 7 step 21
FT 2226 11195 0 0 0 0 0 0 0 250 2408 11034 bot 0 step 0
FT 2227 11252 56 0 0 0 0 0 0 266 2417 11034 bot 7 step 20
FT 2228 10891 37 0 0 0 0 0 0 245 2444 11034 bot 7 step 17
FT 2228 11256 0 0 0 0 0 0 0 430 2448 11034 bot 0 step 0
FT 2229 11231 37 0 0 0 0 0 0 349 2573 11034 bot 8 step 18
FT 2230 10894 37 0 0 0 0 0 0 338 2576 11034 bot 7 step 17
FT 2230 11090 0 0 0 0 0 0 0 367 2569 11034 bot 0 step 0
FT 2231 11437 42 0 0 0 0 0 0 354 2569 11034 bot 8 step 20
FT 2232 11080 37 0 0 0 0 0 0 370 2578 11034 bot 8 step 17
FT 2232 11020 0 0 0 0 0 0 0 361 2589 11034 bot 0 step 0
FT 2233 11084 37 0 0 0 0 0 0 384 2598 11034 bot 7 step 18
FT 2234 10909 36 0 0 0 0 0 0 395 2584 11034 bot 7 step 17
FT 2234 11269 0 0 0 0 0 0 0 500 2598 11034 bot 0 step 0
FT 2235 11212 42 0 0 0 0 0 0 384 2601 11034 bot 9 step 20
FT 2236 10911 38 0 0 0 0 0 0 337 2608 11034 bot 7 step 19
FT 2236 11124 0 0 0 0 0 0 0 368 2608 11034 bot 0 step 0
FT 2237 11343 41 0 0 0 0 0 0 337 2598 11034 bot 8 step 19
FT 2238 11052 41 0 0 0 0 0 0 361 2572 11034 bot 8 step 19
FT 2238 11060 0 0 0 0 0 0 0 342 2572 11034 bot 0 step 0
FT 2239 11158 39 0 0 0 0 0 0 351 2598 11034 bot 7 step 20
FT 2240 11076 64 0 0 0 0 0 0 391 2589 11034 bot 7 step 28
FT 2240 11073 0 0 0 0 0 0 0 510 2572 11034 bot 0 step 0
FT 2241 11145 36 0 0 0 0 0 0 370 2572 11034 bot 7 step 17
FT 2242 11130 55 0 0 0 0 0 0 370 2594 11034 bot 7 step 18
FT 2242 11081 0 0 0 0 0 0 0 356 2575 11034 bot 0 step 0
FT 2243 11227 46 0 0 0 0 0 0 386 2578 11034 bot 8 step 23
FT 2244 13332 2237 0 2165 1 0 0 0 342 2602 11034 bot 8 step 22
FT 2244 9111 0 0 0 0 0 0 0 453 2599 11034 bot 0 step 0
FT 2245 10852 39 0 0 0 0 0 0 495 2611 11034 bot 7 step 18
FT 2246 10931 49 0 0 0 0 0 0 535 2605 11034 bot 9 step 19
FT 2246 11072 0 0 0 0 0 0 0 488 2466 11034 bot 0 step 0
FT 2247 11216 34 0 0 0 0 0 0 264 2426 11034 bot 6 step 16
FT 2248 11076 38 0 0 0 0 0 0 250 2426 11034 bot 6 step 20
FT 2248 11082 0 0 0 0 0 0 0 252 2421 11034 bot 0 step 0
FT 2249 11213 39 0 0 0 0 0 0 248 2417 11034 bot 7 step 18
FT 2250 11131 40 0 0 0 0 0 0 268 2414 11034 bot 7 step 19
FT 2250 11101 0 0 0 0 0 0 0 259 2421 11034 bot 0 step 0
FT 2251 11117 37 0 0 0 0 0 0 245 2420 11034 bot 6 step 19
FT 2252 11011 34 0 0 0 0 0 0 246 2434 11034 bot 6 step 15
FT 2252 11076 0 0 0 0 0 0 0 337 2426 11034 bot 0 step 0
FT 2253 11236 37 0 0 0 0 0 0 273 2470 11034 bot 7 step 16
FT 2254 11021 38 0 0 0 0 0 0 244 2470 11034 bot 6 step 17
FT 2254 11012 0 0 0 0 0 0 0 250 2457 11034 bot 0 step 0
FT 2255 11330 41 0 0 0 0 0 0 246 2460 11034 bot 8 step 19
FT 2256 10851 34 0 0 0 0 0 0 246 2451 11034 bot 6 step 15
FT 2256 11215 0 0 0 0 0 0 0 248 2463 11034 bot 0 step 0
FT 2257 11210 39 0 0 0 0 0 0 268 2459 11034 bot 6 step 20
FT 2258 11079 34 0 0 0 0 0 0 244 2436 11034 bot 6 step 16
FT 2258 11024 0 0 0 0 0 0 0 328 2434 11034 bot 0 step 0
FT 2259 11164 35 0 0 0 0 0 0 296 2433 11034 bot 7 step 16
FT 2260 10875 35 0 0 0 0 0 0 257 2440 11034 bot 6 step 17
FT 2260 11173 0 0 0 0 0 0 0 241 2420 11034 bot 0 step 0
FT 2261 11414 42 0 0 0 0 0 0 280 2417 11034 bot 7 step 21
FT 2262 11022 62 0 0 0 0 0 0 244 2427 11034 bot 8 step 39
FT 2262 10991 0 0 0 0 0 0 0 240 2423 11034 bot 0 step 0
FT 2263 11188 42 0 0 0 0 0 0 246 2417 11034 bot 7 step 21
FT 2264 11092 53 0 0 0 0 0 0 244 2414 11034 bot 7 step 33
FT 2264 11029 0 0 0 0 0 0 0 246 2417 11034 bot 0 step 0
FT 2265 11198 38 0 0 0 0 0 0 237 2427 11034 bot 8 step 18
FT 2266 11183 44 0 0 0 0 0 0 238 2427 11034 bot 8 step 22
FT 2266 10995 0 0 0 0 0 0 0 238 2421 11034 bot 0 step 0
FT 2267 11120 42 0 0 0 0 0 0 248 2420 11034 bot 7 step 21
FT 2268 11226 62 0 0 0 0 0 0 238 2424 11034 bot 7 step 19
FT 2268 11007 0 0 0 0 0 0 0 250 2420 11034 bot 0 step 0
FT 2269 11253 42 0 0 0 0 0 0 240 2421 11034 bot 8 step 21
FT 2270 10840 35 0 0 0 0 0 0 243 2437 11034 bot 6 step 17
FT 2270 11259 0 0 0 0 0 0 0 259 2421 11034 bot 0 step 0
FT 2271 11205 36 0 0 0 0 0 0 237 2437 11034 bot 7 step 17
FT 2272 10907 36 0 0 0 0 0 0 243 2437 11034 bot 8 step 17
FT 2272 11235 0 0 0 0 0 0 0 236 2440 11034 bot 0 step 0
FT 2273 11228 42 0 0 0 0 0 0 238 2423 11034 bot 7 step 21
FT 2274 11053 42 0 0 0 0 0 0 252 2426 11034 bot 7 step 21
FT 2274 10967 0 0 0 0 0 0 0 244 2433 11034 bot 0 step 0
FT 2275 11162 44 0 0 0 0 0 0 236 2423 11034 bot 7 step 22
FT 2276 11127 40 0 0 0 0 0 0 238 2438 11034 bot 8 step 19
FT 2276 11056 0 0 0 0 0 0 0 246 2426 10926 bot 0 step 0
FT 2277 11203 35 0 0 0 0 0 0 243 2430 10926 bot 6 step 16
FT 2278 11125 38 0 0 0 0 0 0 238 2430 10926 bot 6 step 18
FT 2278 11110 0 0 0 0 0 0 0 240 2431 10926 bot 0 step 0
FT 2279 11092 57 0 0 0 0 0 0 248 2427 10926 bot 7 step 35
FT 2280 11077 42 0 0 0 0 0 0 263 2426 10926 bot 7 step 21
FT 2280 11144 0 0 0 0 0 0 0 254 2437 10926 bot 0 step 0
FT 2281 10923 37 0 0 0 0 0 0 243 2427 10926 bot 6 step 19
FT 2282 11323 36 0 0 0 0 0 0 244 2437 10926 bot 6 step 17
FT 2282 10863 0 0 0 0 0 0 0 261 2443 10926 bot 0 step 0
FT 2283 11339 39 0 0 0 0 0 0 298 2428 10926 bot 10 step 17
FT 2284 11278 54 0 0 0 0 0 0 239 2430 10926 bot 10 step 25
FT 2284 10744 0 0 0 0 0 0 0 241 3302 10926 bot 0 step 0
FT 2285 11342 42 0 0 0 0 0 0 360 2427 10926 bot 7 step 21
FT 2286 11014 42 0 0 0 0 0 0 259 2423 10926 bot 7 step 20
FT 2286 11122 0 0 0 0 0 0 0 257 2420 10926 bot 0 step 0
FT 2287 11195 44 0 0 0 0 0 0 254 2424 10926 bot 7 step 21
FT 2288 11105 35 0 0 0 0 0 0 241 2441 10926 bot 6 step 15
FT 2288 10990 0 0 0 0 0 0 0 246 2431 10926 bot 0 step 0
FT 2289 11192 34 0 0 0 0 0 0 250 2431 10926 bot 6 step 15
FT 2290 11118 34 0 0 0 0 0 0 238 2431 10926 bot 6 step 16
FT 2290 10862 0 0 0 0 0 0 0 279 2430 10926 bot 0 step 0
FT 2291 11343 40 0 0 0 0 0 0 238 2430 10926 bot 7 step 19
FT 2292 11039 43 0 0 0 0 0 0 247 2437 10926 bot 7 step 20
FT 2292 11173 0 0 0 0 0 0 0 252 2437 10926 bot 0 step 0
FT 2293 11208 41 0 0 0 0 0 0 257 2440 10926 bot 8 step 19
FT 2294 10922 48 0 0 0 0 0 0 238 2447 10926 bot 6 step 29
FT 2294 11173 0 0 0 0 0 0 0 303 2424 10926 bot 0 step 0
FT 2295 11255 52 0 0 0 0 0 0 246 2433 10926 bot 6 step 16
FT 2296 10985 36 0 0 0 0 0 0 244 2431 10926 bot 6 step 19
FT 2296 10756 0 0 0 0 0 0 0 245 2440 10926 bot 0 step 0
FT 2297 11405 35 0 0 0 0 0 0 238 2447 10926 bot 6 step 16
FT 2298 11211 39 0 0 0 0 0 0 241 2424 10926 bot 6 step 19
FT 2298 11082 0 0 0 0 0 0 0 244 2457 10926 bot 0 step 0
FT 2299 11155 40 0 0 0 0 0 0 263 2433 10926 bot 7 step 20
FT 2300 11375 40 0 0 0 0 0 0 245 2430 10926 bot 7 step 19
FT 2300 10770 0 0 0 0 0 0 0 244 2426 10926 bot 0 step 0
FT 2301 11164 34 0 0 0 0 0 0 298 2440 10926 bot 7 step 15
FT 2302 11028 35 0 0 0 0 0 0 250 2433 10926 bot 5 step 17
FT 2302 11104 0 0 0 0 0 0 0 246 2443 10926 bot 0 step 0
FT 2303 11146 40 0 0 0 0 0 0 245 2448 10926 bot 6 step 20
FT 2304 11301 40 0 0 0 0 0 0 261 2437 10926 bot 7 step 20
FT 2304 10945 0 0 0 0 0 0 0 261 2434 10926 bot 0 step 0
FT 2305 11429 65 0 0 0 0 0 0 250 2433 10926 bot 9 step 39
FT 2306 18603 50 0 0 0 0 0 0 246 4414 10926 bot 7 step 20
FT 2306 3273 0 0 0 0 0 0 0 1238 2451 10926 bot 0 step 0
FT 2307 11166 36 0 0 0 0 0 0 261 2437 10926 bot 7 step 17
FT 2308 11061 33 0 0 0 0 0 0 239 2476 10926 bot 5 step 15
FT 2308 10947 0 0 0 0 0 0 0 252 2483 10926 bot 0 step 0
FT 2309 11301 40 0 0 0 0 0 0 250 2483 10926 bot 6 step 20
FT 2310 11086 36 0 0 0 0 0 0 291 2494 10926 bot 6 step 17
FT 2310 11246 0 0 0 0 0 0 0 379 2482 10926 bot 0 step 0
FT 2311 11192 36 0 0 0 0 0 0 270 2484 10926 bot 6 step 18
FT 2312 11015 35 0 0 0 0 0 0 250 2502 10926 bot 5 step 16
FT 2312 10871 0 0 0 0 0 0 0 275 2502 10926 bot 0 step 0
FT 2313 11132 34 0 0 0 0 0 0 300 2444 10926 bot 6 step 16
FT 2314 11063 35 0 0 0 0 0 0 248 2440 10926 bot 6 step 17
FT 2314 10995 0 0 0 0 0 0 0 248 2436 10926 bot 0 step 0
FT 2315 11474 45 0 0 0 0 0 0 247 2433 10926 bot 7 step 24
FT 2316 11119 40 0 0 0 0 0 0 246 2433 10926 bot 6 step 19
FT 2316 11003 0 0 0 0 0 0 0 266 2438 10926 bot 0 step 0
FT 2317 11289 35 0 0 0 0 0 0 247 2431 10926 bot 6 step 15
FT 2318 10888 49 0 0 0 0 0 0 250 2448 10926 bot 7 step 19
FT 2318 11135 0 0 0 0 0 0 0 268 2433 10926 bot 0 step 0
FT 2319 11163 54 0 0 0 0 0 0 257 2448 10926 bot 6 step 16
FT 2320 11075 34 0 0 0 0 0 0 326 2467 10926 bot 6 step 16
FT 2320 10892 0 0 0 0 0 0 0 252 2470 10926 bot 0 step 0
FT 2321 11254 55 0 0 0 0 0 0 248 2490 10926 bot 7 step 19
FT 2322 11237 38 0 0 0 0 0 0 250 2474 10926 bot 7 step 18
FT 2322 10904 0 0 0 0 0 0 0 261 2477 10926 bot 0 step 0
FT 2323 11312 42 0 0 0 0 0 0 263 2474 10926 bot 7 step 21
FT 2324 11056 38 0 0 0 0 0 0 263 2474 10926 bot 6 step 17
FT 2324 11132 0 0 0 0 0 0 0 246 2473 10926 bot 0 step 0
FT 2325 11125 35 0 0 0 0 0 0 261 2467 10926 bot 6 step 15
FT 2326 10968 44 0 0 0 0 0 0 279 2476 10926 bot 6 step 25
FT 2326 11057 0 0 0 0 0 0 0 319 2483 10926 bot 0 step 0
FT 2327 11195 32 0 0 0 0 0 0 257 2464 10926 bot 6 step 14
FT 2328 11291 37 0 0 0 0 0 0 282 2463 10926 bot 6 step 17
FT 2328 11096 0 0 0 0 0 0 0 247 2448 10926 bot 0 step 0
FT 2329 11116 35 0 0 0 0 0 0 266 2474 10926 bot 7 step 15
FT 2330 11080 31 0 0 0 0 0 0 247 2484 10926 bot 6 step 13
FT 2330 11018 0 0 0 0 0 0 0 248 2509 10926 bot 0 step 0
FT 2331 11220 35 0 0 0 0 0 0 270 2482 10926 bot 5 step 18
FT 2332 11039 33 0 0 0 0 0 0 247 2430 10926 bot 6 step 14
FT 2332 10955 0 0 0 0 0 0 0 247 2431 10926 bot 0 step 0
FT 2333 11142 32 0 0 0 0 0 0 247 2431 10926 bot 6 step 13
FT 2334 11308 43 0 0 0 0 0 0 248 2430 10926 bot 7 step 18
FT 2334 10913 0 0 0 0 0 0 0 246 2421 10926 bot 0 step 0
FT 2335 11226 42 0 0 0 0 0 0 248 2427 10926 bot 7 step 20
FT 2336 11172 34 0 0 0 0 0 0 264 2427 10926 bot 7 step 15
FT 2336 11033 0 0 0 0 0 0 0 246 2427 11036 bot 0 step 0
FT 2337 11189 31 0 0 0 0 0 0 241 2427 11036 bot 5 step 14
FT 2338 11020 31 0 0 0 0 0 0 250 2444 11036 bot 6 step 13
FT 2338 11150 0 0 0 0 0 0 0 246 2437 11036 bot 0 step 0
FT 2339 11122 30 0 0 0 0 0 0 248 2444 11036 bot 5 step 13
FT 2340 11211 41 0 0 0 0 0 0 259 2450 11036 bot 6 step 22
FT 2340 11026 0 0 0 0 0 0 0 268 2459 11036 bot 0 step 0
FT 2341 11048 38 0 0 0 0 0 0 254 2448 11036 bot 6 step 19
FT 2342 11247 37 0 0 0 0 0 0 246 2444 11036 bot 7 step 16
FT 2342 11070 0 0 0 0 0 0 0 254 2487 11036 bot 0 step 0
FT 2343 11078 79 0 0 0 0 0 0 257 2466 11036 bot 6 step 14
FT 2344 11142 31 0 0 0 0 0 0 303 2433 11036 bot 6 step 13
FT 2344 10964 0 0 0 0 0 0 0 246 2426 11036 bot 0 step 0
FT 2345 11210 32 0 0 0 0 0 0 261 2433 11036 bot 5 step 14
FT 2346 11284 37 0 0 0 0 0 0 244 2437 11036 bot 7 step 17
FT 2346 11000 0 0 0 0 0 0 0 259 2440 11036 bot 0 step 0
FT 2347 11192 37 0 0 0 0 0 0 246 2424 11036 bot 7 step 17
FT 2348 11071 37 0 0 0 0 0 0 256 2440 11036 bot 7 step 16
FT 2348 10804 0 0 0 0 0 0 0 268 2446 11036 bot 0 step 0
FT 2349 11415 33 0 0 0 0 0 0 273 2427 11036 bot 6 step 14
FT 2350 10896 33 0 0 0 0 0 0 246 2428 11036 bot 7 step 14
FT 2350 10999 0 0 0 0 0 0 0 246 2417 11036 bot 0 step 0
FT 2351 11271 33 0 0 0 0 0 0 254 2421 11036 bot 6 step 15
FT 2352 11245 36 0 0 0 0 0 0 246 2431 11036 bot 6 step 16
FT 2352 11072 0 0 0 0 0 0 0 250 2423 11036 bot 0 step 0
FT 2353 11199 37 0 0 0 0 0 0 239 2423 11036 bot 6 step 16
FT 2354 11113 31 0 0 0 0 0 0 243 2427 11036 bot 5 step 13
FT 2354 10979 0 0 0 0 0 0 0 264 2438 11036 bot 0 step 0
FT 2355 11117 47 0 0 0 0 0 0 279 2437 11036 bot 5 step 13
FT 2356 11109 33 0 0 0 0 0 0 275 2414 11036 bot 6 step 15
FT 2356 11040 0 0 0 0 0 0 0 243 2421 11036 bot 0 step 0
FT 2357 11108 31 0 0 0 0 0 0 245 2417 11036 bot 5 step 13
FT 2358 11139 44 0 0 0 0 0 0 254 2423 11036 bot 7 step 17
FT 2358 11075 0 0 0 0 0 0 0 256 2424 11036 bot 0 step 0
FT 2359 11269 38 0 0 0 0 0 0 293 2417 11036 bot 7 step 17
FT 2360 10963 37 0 0 0 0 0 0 277 2421 11036 bot 10 step 15
FT 2360 10940 0 0 0 0 0 0 0 247 2417 11036 bot 0 step 0
FT 2361 11406 32 0 0 0 0 0 0 245 2436 11036 bot 6 step 13
FT 2362 11028 33 0 0 0 0 0 0 246 2417 11036 bot 6 step 14
FT 2362 10922 0 0 0 0 0 0 0 246 2421 11036 bot 0 step 0
FT 2363 11315 33 0 0 0 0 0 0 246 2417 11036 bot 6 step 15
FT 2364 11167 75 0 0 0 0 0 0 246 2427 11036 bot 8 step 36
FT 2364 11056 0 0 0 0 0 0 0 259 2421 11036 bot 0 step 0
FT 2365 11231 38 0 0 0 0 0 0 268 2411 11036 bot 8 step 16
FT 2366 10989 33 0 0 0 0 0 0 338 2607 11036 bot 7 step 14
FT 2366 11156 0 0 0 0 0 0 0 432 2598 11036 bot 0 step 0
FT 2367 11231 49 0 0 0 0 0 0 370 2605 11036 bot 6 step 14
FT 2368 11052 32 0 0 0 0 0 0 398 2579 11036 bot 7 step 13
FT 2368 10991 0 0 0 0 0 0 0 344 2566 11036 bot 0 step 0
FT 2369 11165 33 0 0 0 0 0 0 358 2585 11036 bot 7 step 14
FT 2370 11133 33 0 0 0 0 0 0 347 2566 11036 bot 7 step 14
FT 2370 11130 0 0 0 0 0 0 0 360 2582 11036 bot 0 step 0
FT 2371 10964 34 0 0 0 0 0 0 358 2568 11036 bot 6 step 15
FT 2372 11299 31 0 0 0 0 0 0 337 2576 11036 bot 7 step 13
FT 2372 11041 0 0 0 0 0 0 0 337 2601 11036 bot 0 step 0
FT 2373 11207 38 0 0 0 0 0 0 391 2615 11036 bot 7 step 17
FT 2374 11079 36 0 0 0 0 0 0 407 2631 11036 bot 7 step 15
FT 2374 10957 0 0 0 0 0 0 0 382 2624 11036 bot 0 step 0
FT 2375 11163 32 0 0 0 0 0 0 356 2634 11036 bot 7 step 14
FT 2376 11253 41 0 0 0 0 0 0 356 2611 11036 bot 7 step 20
FT 2376 11153 0 0 0 0 0 0 0 389 2657 11036 bot 0 step 0
FT 2377 10936 36 0 0 0 0 0 0 428 2615 11036 bot 7 step 16
FT 2378 11092 61 0 0 0 0 0 0 370 2625 11036 bot 7 step 21
FT 2378 11164 0 0 0 0 0 0 0 337 2651 11036 bot 0 step 0
FT 2379 11192 31 0 0 0 0 0 0 375 2663 11036 bot 6 step 12
FT 2380 11066 30 0 0 0 0 0 0 370 2582 11036 bot 6 step 12
FT 2380 10935 0 0 0 0 0 0 0 268 2420 11036 bot 0 step 0
FT 2381 11160 29 0 0 0 0 0 0 218 2387 11036 bot 6 step 11
FT 2382 11074 29 0 0 0 0 0 0 215 2404 11036 bot 6 step 11
FT 2382 11133 0 0 0 0 0 0 0 217 2408 11036 bot 0 step 0
FT 2383 11055 42 0 0 0 0 0 0 229 2391 11036 bot 8 step 13
FT 2384 11329 35 0 0 0 0 0 0 219 2401 11036 bot 7 step 13
FT 2384 10984 0 0 0 0 0 0 0 217 2397 11036 bot 0 step 0
FT 2385 11015 29 0 0 0 0 0 0 236 2405 11036 bot 6 step 11
FT 2386 11152 53 0 0 0 0 0 0 216 2397 11036 bot 6 step 15
FT 2386 11133 0 0 0 0 0 0 0 216 2421 11036 bot 0 step 0
FT 2387 11124 30 0 0 0 0 0 0 289 2407 11036 bot 6 step 11
FT 2388 11025 28 0 0 0 0 0 0 219 2411 11036 bot 5 step 11
FT 2388 11184 0 0 0 0 0 0 0 216 2413 11036 bot 0 step 0
FT 2389 11096 30 0 0 0 0 0 0 222 2463 11036 bot 6 step 11
FT 2390 11311 36 0 0 0 0 0 0 232 2446 11036 bot 7 step 13
FT 2390 10912 0 0 0 0 0 0 0 222 2423 11036 bot 0 step 0
FT 2391 11175 54 0 0 0 0 0 0 224 2448 11036 bot 5 step 11
FT 2392 11142 29 0 0 0 0 0 0 273 2461 11036 bot 6 step 11
FT 2392 10872 0 0 0 0 0 0 0 305 2451 11036 bot 0 step 0
FT 2393 11120 32 0 0 0 0 0 0 232 2391 11036 bot 6 step 13
FT 2394 11210 31 0 0 0 0 0 0 221 2398 11036 bot 6 step 12
FT 2394 11196 0 0 0 0 0 0 0 216 2388 11036 bot 0 step 0
FT 2395 11166 35 0 0 0 0 0 0 217 2384 11036 bot 6 step 15
FT 2396 11122 32 0 0 0 0 0 0 229 2410 11036 bot 6 step 13
FT 2396 10937 0 0 0 0 0 0 0 219 2404 11013 bot 0 step 0
FT 2397 11297 30 0 0 0 0 0 0 223 2407 11013 bot 5 step 12
FT 2398 10898 38 0 0 0 0 0 0 216 2417 11013 bot 6 step 12
FT 2398 11162 0 0 0 0 0 0 0 264 2407 11013 bot 0 step 0
FT 2399 11117 32 0 0 0 0 0 0 252 2407 11013 bot 6 step 13
FT 2400 11299 34 0 0 0 0 0 0 216 2398 11013 bot 7 step 13
FT 2400 10919 0 0 0 0 0 0 0 217 2398 11013 bot 0 step 0
FT 2401 11251 37 0 0 0 0 0 0 218 2407 11013 bot 6 step 17
FT 2402 11093 36 0 0 0 0 0 0 234 2417 11013 bot 7 step 14
FT 2402 11129 0 0 0 0 0 0 0 216 2407 11013 bot 0 step 0
FT 2403 11135 33 0 0 0 0 0 0 216 2427 11013 bot 7 step 12
FT 2404 11058 35 0 0 0 0 0 0 217 2430 11013 bot 6 step 16
FT 2404 10981 0 0 0 0 0 0 0 218 2440 11013 bot 0 step 0
FT 2405 11206 34 0 0 0 0 0 0 218 2428 11013 bot 6 step 14
FT 2406 11145 39 0 0 0 0 0 0 218 2430 11013 bot 7 step 14
FT 2406 11113 0 0 0 0 0 0 0 323 2434 11013 bot 0 step 0
FT 2407 11261 34 0 0 0 0 0 0 223 2403 11013 bot 6 step 13
FT 2408 11023 35 0 0 0 0 0 0 230 2398 11013 bot 7 step 13
FT 2408 10838 0 0 0 0 0 0 0 221 2398 11013 bot 0 step 0
FT 2409 11189 28 0 0 0 0 0 0 217 2407 11013 bot 5 step 10
FT 2410 11224 29 0 0 0 0 0 0 218 2404 11013 bot 5 step 11
FT 2410 10879 0 0 0 0 0 0 0 216 2417 11013 bot 0 step 0
FT 2411 11307 29 0 0 0 0 0 0 319 2400 11013 bot 6 step 11
FT 2412 11217 33 0 0 0 0 0 0 216 2408 11013 bot 7 step 12
FT 2412 11047 0 0 0 0 0 0 0 216 2398 11013 bot 0 step 0
FT 2413 11148 34 0 0 0 0 0 0 232 2407 11013 bot 7 step 12
FT 2414 11190 35 0 0 0 0 0 0 217 2397 11013 bot 7 step 14
FT 2414 10935 0 0 0 0 0 0 0 218 2404 11013 bot 0 step 0
FT 2415 11267 48 0 0 0 0 0 0 217 2407 11013 bot 6 step 11
FT 2416 10903 43 0 0 0 0 0 0 216 2417 11013 bot 6 step 13
FT 2416 11098 0 0 0 0 0 0 0 326 2398 11013 bot 0 step 0
FT 2417 11165 30 0 0 0 0 0 0 223 2401 11013 bot 6 step 12
FT 2418 11166 35 0 0 0 0 0 0 222 2404 11013 bot 7 step 14
FT 2418 11058 0 0 0 0 0 0 0 218 2411 11013 bot 0 step 0
FT 2419 11111 42 0 0 0 0 0 0 233 2400 11013 bot 7 step 15
FT 2420 11239 35 0 0 0 0 0 0 238 2403 11013 bot 6 step 14
FT 2420 10988 0 0 0 0 0 0 0 217 2404 11013 bot 0 step 0
FT 2421 11199 39 0 0 0 0 0 0 218 2408 11013 bot 14 step 12
FT 2422 11113 31 0 0 0 0 0 0 259 2407 11013 bot 6 step 12
FT 2422 10947 0 0 0 0 0 0 0 238 2421 11013 bot 0 step 0
FT 2423 11343 30 0 0 0 0 0 0 224 2408 11013 bot 5 step 12
FT 2424 10971 31 0 0 0 0 0 0 218 2394 11013 bot 6 step 12
FT 2424 11108 0 0 0 0 0 0 0 237 2400 11013 bot 0 step 0
FT 2425 11232 35 0 0 0 0 0 0 231 2427 11013 bot 6 step 14
FT 2426 11030 35 0 0 0 0 0 0 232 2397 11013 bot 7 step 14
FT 2426 11076 0 0 0 0 0 0 0 215 2404 11013 bot 0 step 0
FT 2427 11178 44 0 0 0 0 0 0 211 2398 11013 bot 18 step 13
FT 2428 11115 30 0 0 0 0 0 0 223 2398 11013 bot 6 step 11
FT 2428 11037 0 0 0 0 0 0 0 218 2404 11013 bot 0 step 0
FT 2429 11216 33 0 0 0 0 0 0 222 2391 11013 bot 6 step 12
FT 2430 11129 33 0 0 0 0 0 0 216 2394 11013 bot 6 step 13
FT 2430 10886 0 0 0 0 0 0 0 228 2388 11013 bot 0 step 0
FT 2431 11127 36 0 0 0 0 0 0 228 2394 11013 bot 6 step 16
FT 2432 11219 34 0 0 0 0 0 0 224 2410 11013 bot 7 step 13
FT 2432 10917 0 0 0 0 0 0 0 231 2407 11013 bot 0 step 0
FT 2433 11387 33 0 0 0 0 0 0 212 2390 11013 bot 6 step 11
FT 2434 10998 31 0 0 0 0 0 0 214 2427 11013 bot 5 step 12
FT 2434 11054 0 0 0 0 0 0 0 273 2437 11013 bot 0 step 0
FT 2435 11420 41 0 0 0 0 0 0 216 2444 11013 bot 8 step 16
FT 2436 10981 36 0 0 0 0 0 0 216 2411 11013 bot 7 step 14
FT 2436 10950 0 0 0 0 0 0 0 225 2391 11013 bot 0 step 0
FT 2437 11217 42 0 0 0 0 0 0 232 2428 11013 bot 8 step 16
FT 2438 11187 36 0 0 0 0 0 0 230 2440 11013 bot 7 step 14
FT 2438 11221 0 0 0 0 0 0 0 469 2417 11013 bot 0 step 0
FT 2439 11104 55 0 0 0 0 0 0 282 2411 11013 bot 6 step 12
FT 2440 10928 35 0 0 0 0 0 0 273 2397 11013 bot 6 step 17
FT 2440 18483 0 0 0 0 0 0 0 223 2404 11013 bot 0 step 0
FT 2441 3712 31 0 0 0 0 0 0 224 2405 11013 bot 6 step 12
FT 2442 10998 35 0 0 0 0 0 0 263 2392 11013 bot 7 step 14
FT 2442 11051 0 0 0 0 0 0 0 218 2398 11013 bot 0 step 0
FT 2443 11230 35 0 0 0 0 0 0 263 2398 11013 bot 7 step 13
FT 2444 11183 36 0 0 0 0 0 0 244 2410 11013 bot 7 step 14
FT 2444 11047 0 0 0 0 0 0 0 218 2392 11013 bot 0 step 0
FT 2445 11180 43 0 0 0 0 0 0 216 2394 11013 bot 6 step 11
FT 2446 11097 32 0 0 0 0 0 0 215 2395 11013 bot 6 step 14
FT 2446 10763 0 0 0 0 0 0 0 215 2398 11013 bot 0 step 0
FT 2447 11483 35 0 0 0 0 0 0 223 2388 11013 bot 6 step 13
FT 2448 11123 34 0 0 0 0 0 0 218 2381 11013 bot 6 step 13
FT 2448 11005 0 0 0 0 0 0 0 245 2387 11013 bot 0 step 0
FT 2449 11195 35 0 0 0 0 0 0 230 2395 11013 bot 7 step 13
FT 2450 11011 42 0 0 0 0 0 0 228 2394 11013 bot 7 step 13
FT 2450 11132 0 0 0 0 0 0 0 216 2413 11013 bot 0 step 0
FT 2451 11266 29 0 0 0 0 0 0 214 2404 11013 bot 5 step 10
FT 2452 11010 30 0 0 0 0 0 0 216 2430 11013 bot 6 step 11
FT 2452 11118 0 0 0 0 0 0 0 223 2401 11013 bot 0 step 0
FT 2453 11011 30 0 0 0 0 0 0 226 2430 11013 bot 6 step 11
FT 2454 11143 32 0 0 0 0 0 0 221 2394 11013 bot 6 step 12
FT 2454 11191 0 0 0 0 0 0 0 280 2401 11013 bot 0 step 0
FT 2455 10927 29 0 0 0 0 0 0 250 2408 11013 bot 5 step 11
FT 2456 11284 34 0 0 0 0 0 0 226 2411 11013 bot 7 step 13
FT 2456 10984 0 0 0 0 0 0 0 238 2436 11033 bot 0 step 0
FT 2457 11179 33 0 0 0 0 0 0 214 2440 11033 bot 6 step 12
FT 2458 10961 30 0 0 0 0 0 0 216 2446 11033 bot 5 step 12
FT 2458 10998 0 0 0 0 0 0 0 216 2403 11033 bot 0 step 0
FT 2459 11256 30 0 0 0 0 0 0 215 2443 11033 bot 6 step 12
FT 2460 11086 35 0 0 0 0 0 0 216 2384 11033 bot 7 step 14
FT 2460 11078 0 0 0 0 0 0 0 216 2395 11033 bot 0 step 0
FT 2461 11396 38 0 0 0 0 0 0 238 2381 11033 bot 7 step 17
FT 2462 11043 35 0 0 0 0 0 0 245 2390 11033 bot 7 step 14
FT 2462 11100 0 0 0 0 0 0 0 221 2388 11033 bot 0 step 0
FT 2463 11176 70 0 0 0 0 0 0 216 2384 11033 bot 5 step 12
FT 2464 11058 30 0 0 0 0 0 0 217 2380 11033 bot 5 step 12
FT 2464 11010 0 0 0 0 0 0 0 215 2384 11033 bot 0 step 0
FT 2465 11131 30 0 0 0 0 0 0 231 2392 11033 bot 6 step 11
FT 2466 11107 35 0 0 0 0 0 0 216 2378 11033 bot 6 step 14
FT 2466 11178 0 0 0 0 0 0 0 216 2387 11033 bot 0 step 0
FT 2467 11086 36 0 0 0 0 0 0 240 2385 11033 bot 6 step 14
FT 2468 11030 30 0 0 0 0 0 0 236 2388 11033 bot 6 step 12
FT 2468 11178 0 0 0 0 0 0 0 229 2384 11033 bot 0 step 0
FT 2469 11190 30 0 0 0 0 0 0 218 2385 11033 bot 6 step 12
FT 2470 11008 45 0 0 0 0 0 0 214 2384 11033 bot 6 step 12
FT 2470 11160 0 0 0 0 0 0 0 282 2413 11033 bot 0 step 0
FT 2471 11107 29 0 0 0 0 0 0 239 2392 11033 bot 6 step 11
FT 2472 11127 29 0 0 0 0 0 0 280 2395 11033 bot 5 step 11
FT 2472 10893 0 0 0 0 0 0 0 219 2392 11033 bot 0 step 0
FT 2473 11203 30 0 0 0 0 0 0 216 2388 11033 bot 5 step 12
FT 2474 11225 34 0 0 0 0 0 0 218 2380 11033 bot 7 step 12
FT 2474 11044 0 0 0 0 0 0 0 246 2385 11033 bot 0 step 0
FT 2475 11094 41 0 0 0 0 0 0 226 2378 11033 bot 7 step 13
FT 2476 11161 48 0 0 0 0 0 0 218 2375 11033 bot 6 step 28
FT 2476 11063 0 0 0 0 0 0 0 216 2414 11033 bot 0 step 0
FT 2477 11187 33 0 0 0 0 0 0 319 2415 11033 bot 6 step 11
FT 2478 11061 41 0 0 0 0 0 0 215 2410 11033 bot 7 step 14
FT 2478 11111 0 0 0 0 0 0 0 216 2368 11033 bot 0 step 0
FT 2479 11203 36 0 0 0 0 0 0 247 2414 11033 bot 6 step 14
FT 2480 11218 35 0 0 0 0 0 0 223 2428 11033 bot 6 step 13
FT 2480 11052 0 0 0 0 0 0 0 216 2417 11033 bot 0 step 0
FT 2481 11177 31 0 0 0 0 0 0 216 2414 11033 bot 6 step 12
FT 2482 11039 32 0 0 0 0 0 0 214 2423 11033 bot 7 step 13
FT 2482 11056 0 0 0 0 0 0 0 268 2436 11033 bot 0 step 0
FT 2483 10959 30 0 0 0 0 0 0 257 2357 11033 bot 5 step 12
FT 2484 11356 35 0 0 0 0 0 0 216 2365 11033 bot 6 step 14
FT 2484 10860 0 0 0 0 0 0 0 214 2352 11033 bot 0 step 0
FT 2485 11339 42 0 0 0 0 0 0 231 2368 11033 bot 7 step 14
FT 2486 11237 119 0 0 0 0 0 0 239 2358 11033 bot 7 step 14
FT 2486 10830 0 0 0 0 0 0 0 291 2355 11033 bot 0 step 0
FT 2487 11338 63 0 0 0 0 0 0 252 2355 11033 bot 8 step 12
FT 2488 10923 46 0 0 0 0 0 0 216 2381 11033 bot 7 step 14
FT 2488 10983 0 0 0 0 0 0 0 254 2357 11033 bot 0 step 0
FT 2489 11236 32 0 0 0 0 0 0 254 2351 11033 bot 6 step 13
FT 2490 11123 35 0 0 0 0 0 0 216 2346 11033 bot 7 step 14
FT 2490 11127 0 0 0 0 0 0 0 231 2338 11033 bot 0 step 0
FT 2491 11017 38 0 0 0 0 0 0 224 2348 11033 bot 7 step 16
FT 2492 11087 29 0 0 0 0 0 0 234 2352 11033 bot 6 step 11
FT 2492 11243 0 0 0 0 0 0 0 240 2345 11033 bot 0 step 0
FT 2493 11186 32 0 0 0 0 0 0 211 2345 11033 bot 6 step 11
FT 2494 11107 30 0 0 0 0 0 0 207 2352 11033 bot 6 step 11
FT 2494 13246 0 0 2255 1 0 0 0 216 2365 11033 bot 0 step 0
FT 2495 9205 30 0 0 0 0 0 0 248 2380 11033 bot 6 step 11
FT 2496 10668 34 0 0 0 0 0 0 379 2338 11033 bot 7 step 13
FT 2496 11187 0 0 0 0 0 0 0 224 2338 11033 bot 0 step 0
FT 2497 11080 34 0 0 0 0 0 0 246 2348 11033 bot 7 step 12
FT 2498 11233 34 0 0 0 0 0 0 228 2342 11033 bot 6 step 13
FT 2498 10845 0 0 0 0 0 0 0 231 2338 11033 bot 0 step 0
FT 2499 11377 29 0 0 0 0 0 0 216 2345 11033 bot 5 step 12
FT 2500 11033 44 0 0 0 0 0 0 229 2332 11033 bot 6 step 26
FT 2500 11000 0 0 0 0 0 0 0 212 2346 11033 bot 0 step 0
FT 2501 11139 31 0 0 0 0 0 0 209 2384 11033 bot 6 step 12
FT 2502 11251 40 0 0 0 0 0 0 210 2387 11033 bot 7 step 14
FT 2502 11156 0 0 0 0 0 0 0 203 2400 11033 bot 0 step 0
FT 2503 11222 36 0 0 0 0 0 0 226 2377 11033 bot 7 step 15
FT 2504 11002 35 0 0 0 0 0 0 209 2341 11033 bot 6 step 15
FT 2504 11003 0 0 0 0 0 0 0 243 2342 11033 bot 0 step 0
FT 2505 11198 30 0 0 0 0 0 0 202 2334 11033 bot 6 step 12
FT 2506 11024 46 0 0 0 0 0 0 204 2338 11033 bot 6 step 28
FT 2506 11030 0 0 0 0 0 0 0 207 2332 11033 bot 0 step 0
FT 2507 11212 31 0 0 0 0 0 0 206 2339 11033 bot 5 step 12
FT 2508 11180 46 0 0 0 0 0 0 203 2336 11033 bot 19 step 13
FT 2508 10999 0 0 0 0 0 0 0 200 2336 11033 bot 0 step 0
FT 2509 11237 34 0 0 0 0 0 0 218 2335 11033 bot 6 step 15
FT 2510 11136 35 0 0 0 0 0 0 216 2334 11033 bot 6 step 14
FT 2510 10954 0 0 0 0 0 0 0 202 2335 11033 bot 0 step 0
FT 2511 11178 30 0 0 0 0 0 0 203 2335 11033 bot 6 step 12
FT 2512 11131 30 0 0 0 0 0 0 202 2332 11033 bot 5 step 11
FT 2512 10980 0 0 0 0 0 0 0 209 2339 11033 bot 0 step 0
FT 2513 11198 31 0 0 0 0 0 0 206 2328 11033 bot 6 step 12
FT 2514 11000 40 0 0 0 0 0 0 202 2329 11033 bot 6 step 14
FT 2514 11229 0 0 0 0 0 0 0 206 2335 11033 bot 0 step 0
FT 2515 11005 30 0 0 0 0 0 0 238 2326 11033 bot 6 step 12
FT 2516 11279 35 0 0 0 0 0 0 216 2322 11033 bot 7 step 14
FT 2516 11042 0 0 0 0 0 0 0 416 2323 10935 bot 0 step 0
FT 2517 11178 30 0 0 0 0 0 0 199 2331 10935 bot 5 step 12
FT 2518 10948 40 0 0 0 0 0 0 197 2326 10935 bot 7 step 13
FT 2518 11077 0 0 0 0 0 0 0 209 2328 10935 bot 0 step 0
FT 2519 11197 29 0 0 0 0 0 0 236 2292 10935 bot 5 step 11
FT 2520 11057 30 0 0 0 0 0 0 199 2296 10935 bot 5 step 12
FT 2520 11034 0 0 0 0 0 0 0 201 2292 10935 bot 0 step 0
FT 2521 11265 32 0 0 0 0 0 0 199 2289 10935 bot 5 step 13
FT 2522 11154 56 0 0 0 0 0 0 221 2293 10935 bot 6 step 13
FT 2522 11023 0 0 0 0 0 0 0 218 2316 10935 bot 0 step 0
FT 2523 11141 30 0 0 0 0 0 0 203 2316 10935 bot 6 step 11
FT 2524 11032 42 0 0 0 0 0 0 194 2322 10935 bot 7 step 13
FT 2524 11136 0 0 0 0 0 0 0 200 2318 10935 bot 0 step 0
FT 2525 11107 30 0 0 0 0 0 0 201 2311 10935 bot 6 step 11
FT 2526 11005 29 0 0 0 0 0 0 197 2328 10935 bot 6 step 11
FT 2526 11100 0 0 0 0 0 0 0 202 2338 10935 bot 0 step 0
FT 2527 11242 35 0 0 0 0 0 0 197 2329 10935 bot 6 step 13
FT 2528 11163 35 0 0 0 0 0 0 223 2335 10935 bot 7 step 14
FT 2528 11069 0 0 0 0 0 0 0 212 2331 10935 bot 0 step 0
FT 2529 11189 31 0 0 0 0 0 0 192 2322 10935 bot 7 step 12
FT 2530 11095 44 0 0 0 0 0 0 192 2322 10935 bot 20 step 11
FT 2530 11061 0 0 0 0 0 0 0 206 2313 10935 bot 0 step 0
FT 2531 11180 29 0 0 0 0 0 0 195 2311 10935 bot 6 step 11
FT 2532 11079 34 0 0 0 0 0 0 202 2341 10935 bot 6 step 13
FT 2532 11103 0 0 0 0 0 0 0 195 2312 10935 bot 0 step 0
FT 2533 11015 34 0 0 0 0 0 0 237 2328 10935 bot 6 step 12
FT 2534 11265 34 0 0 0 0 0 0 226 2344 10935 bot 6 step 13
FT 2534 11056 0 0 0 0 0 0 0 224 2282 10935 bot 0 step 0
FT 2535 11220 35 0 0 0 0 0 0 204 2288 10935 bot 7 step 13
FT 2536 11064 32 0 0 0 0 0 0 195 2286 10935 bot 6 step 14
FT 2536 11069 0 0 0 0 0 0 0 200 2288 10935 bot 0 step 0
FT 2537 10942 29 0 0 0 0 0 0 202 2288 10935 bot 5 step 11
FT 2538 11116 39 0 0 0 0 0 0 197 2279 10935 bot 6 step 18
FT 2538 11041 0 0 0 0 0 0 0 195 2282 10935 bot 0 step 0
FT 2539 11367 152 0 0 0 0 0 0 234 2279 10935 bot 6 step 13
FT 2540 12081 35 0 0 0 0 0 0 199 2296 10935 bot 7 step 12
FT 2540 10193 0 0 0 0 0 0 0 277 2270 10935 bot 0 step 0
FT 2541 11136 47 0 0 0 0 0 0 246 2288 10935 bot 6 step 26
FT 2542 11104 30 0 0 0 0 0 0 206 2308 10935 bot 6 step 11
FT 2542 10938 0 0 0 0 0 0 0 209 2286 10935 bot 0 step 0
FT 2543 11138 30 0 0 0 0 0 0 215 2286 10935 bot 6 step 11
FT 2544 11031 34 0 0 0 0 0 0 208 2280 10935 bot 6 step 12
FT 2544 11015 0 0 0 0 0 0 0 207 2282 10935 bot 0 step 0
FT 2545 11250 35 0 0 0 0 0 0 250 2286 10935 bot 6 step 13
FT 2546 11304 56 0 0 0 0 0 0 248 2289 10935 bot 6 step 15
FT 2546 11087 0 0 0 0 0 0 0 234 2285 10935 bot 0 step 0
SWAP afterTick 656 enemies 8
SWAP rebuild 16695
FT 2547 34414 19085 0 2021 1 0 0 1 208 2286 10935 bot 4 step 1253
FT 2548 7694 1587 0 1493 1 0 0 1 207 2321 10935 bot 1550 step 19
FT 2549 4142 37 0 0 0 0 0 1 2163 2548 10935 bot 6 step 18
FT 2549 9436 0 0 0 0 0 0 1 620 2548 10935 bot 0 step 0
FT 2550 10925 35 0 483 1 0 0 1 517 2516 10935 bot 6 step 17
FT 2551 11496 37 0 5549 2 1 1 1 449 2523 10935 bot 6 step 18
FT 2551 10863 0 0 0 0 0 0 1 426 2549 10935 bot 0 step 0
FT 2552 10816 43 0 796 1 1 0 1 661 2539 10935 bot 9 step 16
FT 2553 11256 33 0 303 1 0 0 1 479 2500 10935 bot 5 step 16
FT 2553 11233 0 0 0 0 0 0 1 407 2549 10935 bot 0 step 0
FT 2554 11002 39 0 0 0 0 0 1 540 2559 10935 bot 6 step 19
FT 2555 11161 34 0 641 1 0 0 1 419 2566 10935 bot 5 step 16
FT 2556 10861 41 0 311 1 0 0 1 490 2552 10935 bot 8 step 16
FT 2556 11407 0 0 0 0 0 0 0 426 2569 10935 bot 0 step 0
FT 2557 11389 148 910 0 0 0 0 0 416 2569 10935 bot 7 step 19
FT 2558 10952 44 1082 0 0 0 0 0 412 2569 10935 bot 6 step 19
FT 2558 11056 0 426 0 0 0 0 0 479 2562 10935 bot 0 step 0
FT 2559 11209 36 1 0 0 0 0 0 497 2579 10935 bot 6 step 17
FT 2560 11018 45 0 0 0 0 0 0 579 2551 10935 bot 6 step 16
FT 2560 11112 0 0 0 0 0 0 0 442 2565 10935 bot 0 step 0
FT 2561 11033 34 0 0 0 0 0 0 479 2552 10935 bot 6 step 15
FT 2562 11224 35 0 0 0 0 0 0 472 2545 10935 bot 6 step 16
FT 2562 11075 0 0 0 0 0 0 0 474 2595 10935 bot 0 step 0
FT 2563 11178 43 0 0 0 0 0 0 493 2756 10935 bot 7 step 22
FT 2564 10991 46 0 0 0 0 0 0 432 2759 10935 bot 7 step 20
FT 2564 10970 0 0 0 0 0 0 0 493 2760 10935 bot 0 step 0
FT 2565 11305 35 0 0 0 0 0 0 483 2746 10935 bot 5 step 17
FT 2566 10975 36 0 0 0 0 0 0 449 2739 10935 bot 7 step 16
FT 2566 11104 0 0 0 0 0 0 0 703 2723 10935 bot 0 step 0
FT 2567 11346 38 0 0 0 0 0 0 674 2726 10935 bot 6 step 20
FT 2568 11028 34 0 0 0 0 0 0 453 2710 10935 bot 6 step 16
FT 2568 10864 0 0 0 0 0 0 0 503 2701 10935 bot 0 step 0
FT 2569 11267 34 0 0 0 0 0 0 437 2710 10935 bot 6 step 16
FT 2570 11067 35 0 0 0 0 0 0 442 2700 10935 bot 6 step 17
FT 2570 11012 0 0 0 0 0 0 0 442 2691 10935 bot 0 step 0
FT 2571 11358 53 0 0 0 0 0 0 467 2671 10935 bot 6 step 17
FT 2572 11087 35 0 0 0 0 0 0 490 2667 10935 bot 5 step 17
FT 2572 11042 0 0 0 0 0 0 0 675 2668 10935 bot 0 step 0
FT 2573 11157 40 0 0 0 0 0 0 460 2651 10935 bot 5 step 22
FT 2574 11221 41 0 0 0 0 0 0 465 2617 10935 bot 7 step 20
FT 2574 11056 0 0 0 0 0 0 0 462 2638 10935 bot 0 step 0
FT 2575 11119 41 0 0 0 0 0 0 486 2631 10935 bot 7 step 20
FT 2576 18905 46 0 0 0 0 0 0 486 2645 10935 bot 7 step 20
FT 2576 3059 0 0 0 0 0 0 0 495 2586 11639 bot 0 step 0
FT 2577 11346 35 0 0 0 0 0 0 439 2572 11639 bot 6 step 16
FT 2578 11123 44 0 0 0 0 0 0 490 2582 11639 bot 6 step 20
FT 2578 11022 0 0 0 0 0 0 0 442 2576 11639 bot 0 step 0
FT 2579 11099 34 0 0 0 0 0 0 448 2565 11639 bot 6 step 16
FT 2580 11117 35 0 0 0 0 0 0 449 2585 11639 bot 6 step 17
FT 2580 11124 0 0 0 0 0 0 0 442 2553 11639 bot 0 step 0
FT 2581 11130 41 0 0 0 0 0 0 444 2605 11639 bot 7 step 20
FT 2582 11102 39 0 0 0 0 0 0 773 2588 11639 bot 6 step 21
FT 2582 11394 0 0 0 0 0 0 0 689 2592 11639 bot 0 step 0
FT 2583 11181 35 0 0 0 0 0 0 661 2594 11639 bot 6 step 17
FT 2584 10847 35 0 0 0 0 0 0 740 2562 11639 bot 6 step 16
FT 2584 10959 0 0 0 0 0 0 0 449 2581 11639 bot 0 step 0
FT 2585 11078 34 0 0 0 0 0 0 446 2565 11639 bot 6 step 16
FT 2586 11186 41 0 0 0 0 0 0 444 2573 11639 bot 6 step 20
FT 2586 11017 0 0 0 0 0 0 0 446 2566 11639 bot 0 step 0
FT 2587 11419 38 0 0 0 0 0 0 425 2579 11639 bot 6 step 18
FT 2588 11076 41 0 0 0 0 0 0 435 2596 11639 bot 7 step 20
FT 2588 11095 0 0 0 0 0 0 0 580 2586 11639 bot 0 step 0
FT 2589 11084 34 0 0 0 0 0 0 561 2592 11639 bot 6 step 16
FT 2590 11029 34 0 0 0 0 0 0 697 2581 11639 bot 6 step 16
FT 2590 10987 0 0 0 0 0 0 0 657 2604 11639 bot 0 step 0
FT 2591 11173 35 0 0 0 0 0 0 444 2607 11639 bot 6 step 16
FT 2592 11163 39 0 0 0 0 0 0 442 2588 11639 bot 6 step 19
FT 2592 11322 0 0 0 0 0 0 0 453 2582 11639 bot 0 step 0
FT 2593 10972 44 0 0 0 0 0 0 428 3744 11639 bot 7 step 23
FT 2594 11121 47 0 0 0 0 0 0 1450 2638 11639 bot 7 step 23
FT 2594 11140 0 0 0 0 0 0 0 495 2618 11639 bot 0 step 0
FT 2595 11039 53 0 0 0 0 0 0 625 2561 11639 bot 6 step 17
FT 2596 11112 36 0 0 0 0 0 0 435 2622 11639 bot 6 step 17
FT 2596 11001 0 0 0 0 0 0 0 620 2559 11639 bot 0 step 0
FT 2597 11160 35 0 0 0 0 0 0 455 2555 11639 bot 6 step 16
FT 2598 11199 37 0 0 0 0 0 0 528 2572 11639 bot 6 step 16
FT 2598 10965 0 0 0 0 0 0 0 694 2559 11639 bot 0 step 0
FT 2599 11232 46 0 0 0 0 0 0 433 2546 11639 bot 6 step 25
FT 2600 11025 39 0 0 0 0 0 0 428 2572 11639 bot 6 step 21
FT 2600 10947 0 0 0 0 0 0 0 540 2565 11639 bot 0 step 0
FT 2601 11144 34 0 0 0 0 0 0 479 2573 11639 bot 6 step 16
FT 2602 11052 35 0 0 0 0 0 0 462 2562 11639 bot 6 step 16
FT 2602 11048 0 0 0 0 0 0 0 493 2585 11639 bot 0 step 0
FT 2603 11367 34 0 0 0 0 0 0 620 2543 11639 bot 6 step 16
FT 2604 11086 34 0 0 0 0 0 0 430 2548 11639 bot 6 step 17
FT 2604 11132 0 0 0 0 0 0 0 456 2546 11639 bot 0 step 0
FT 2605 11108 38 0 0 0 0 0 0 446 2561 11639 bot 6 step 19
FT 2606 11075 33 0 0 0 0 0 0 444 2566 11639 bot 6 step 16
FT 2606 11253 0 0 0 0 0 0 0 572 2565 11639 bot 0 step 0
